slug,url,file,title,title_len,h1,h1_count,meta_description,desc_len,primary_topic,proposed_primary_keyword,search_intent_inferred,serp_type,category,word_count,intro_words,internal_links_out,contextual_inbound,external_citations,related_block,click_depth_from_home,schema_valid,aeo_status,aio_llm_status,eeat_status,cannibalization,recommended_action,priority,impact_inferred,difficulty,gsc_impressions,gsc_position,gsc_ctr
2fa-bypass,https://hackita.it/articoli/2fa-bypass/,2FA-Bypass-Tecniche-Payload-e-Attacchi-OTP-per-Pentest.md,"2FA Bypass: Tecniche, Payload e Attacchi OTP per Pentest | Hackita",66,"2FA Bypass: Tecniche, Payload e Attacchi OTP per Pentest",1,"2FA bypass :response manipulation,OTP brute force,link diretto post-login,SIM swapping, phishing MFA,backup code abuse.Payload per pentester ed hacker ethical",158,2fa bypass,2FA Bypass,informational/educational,DATA NOT AVAILABLE (needs live SERP),web-hacking,5877,0,11,6,4,True,2,True,review: lead could be more answer-first,retrievable: self-contained,citations present,none detected on-page,Add a 2-3 sentence answer-first lead naming the entity,P2,medium,medium,DATA NOT AVAILABLE,DATA NOT AVAILABLE,DATA NOT AVAILABLE
account-takeover,https://hackita.it/articoli/account-takeover/,-Account-Takeover-Tecniche-Offensive-per-Pentester-2026.md,Account Takeover: Tecniche Offensive per Pentester (2026) | Hackita,67,Account Takeover: Tecniche Offensive per Pentester (2026),1,"Impara le tecniche di Account Takeover (ATO) per pentester e red team. Scopri come bypassare MFA, rubare token e compromettere account. Guida completa 2026.",156,account takeover,Account Takeover,informational/educational,DATA NOT AVAILABLE (needs live SERP),web-hacking,2645,109,10,6,0,True,2,True,ok: has a substantive lead,retrievable: self-contained,weak: no external primary sources,none detected on-page,Add 1-2 primary-source references (CVE/vendor/RFC/MITRE),P2,medium,medium,DATA NOT AVAILABLE,DATA NOT AVAILABLE,DATA NOT AVAILABLE
acl-abuse,https://hackita.it/articoli/acl-abuse/,ACL-Abuse-Active-Directory-GenericAll-WriteDACL-e-DCSync.md,"ACL Abuse Active Directory: GenericAll, WriteDACL e DCSync | Hackita",68,"ACL Abuse Active Directory: GenericAll, WriteDACL e DCSync",1,"Guida all’ACL abuse in Active Directory: GenericAll, WriteDACL, reset password, RBCD e DCSync con BloodHound, PowerView, bloodyAD e Impacket.",141,acl abuse active directory,ACL Abuse Active Directory,informational/educational,DATA NOT AVAILABLE (needs live SERP),windows,2499,206,19,7,8,True,2,True,ok: has a substantive lead,retrievable: self-contained,citations present,none detected on-page,Make the first body heading a real section (not a title echo),P3,low,medium,DATA NOT AVAILABLE,DATA NOT AVAILABLE,DATA NOT AVAILABLE
active-directory,https://hackita.it/articoli/active-directory/,Active-Directory-Pentesting-2026-Guida-Completa-a-Kerberos-NTLM-e-Privilege-Escalation.md,"Active Directory Pentesting 2026: Guida Completa a Kerberos, NTLM e Privilege Escalation | Hackita",98,"Active Directory Pentesting 2026: Guida Completa a Kerberos, NTLM e Privilege Escalation",1,"Active Directory Pentesting spiegato in modo operativo: architettura AD, Kerberos vs NTLM, BloodHound, Kerberoasting, AS-REP Roasting, NTLM Relay, ACL abuse, AD …",162,active directory pentesting 2026,Active Directory Pentesting 2026,informational/definition,DATA NOT AVAILABLE (needs live SERP),windows,3222,170,21,63,6,True,2,True,ok: has a substantive lead,retrievable: self-contained,citations present,none detected on-page,"Shorten title to ~60 chars, primary keyword first",P2,medium,medium,DATA NOT AVAILABLE,DATA NOT AVAILABLE,DATA NOT AVAILABLE
adcs-eku-oid-offensive,https://hackita.it/articoli/adcs-eku-oid-offensive/,EKU-OID-in-ADCS-Guida-Completa-per-il-Penetration-Testing-su-Active-Directory.md,EKU OID in ADCS: Guida Completa per il Penetration Testing su Active Directory | Hackita,88,EKU OID in ADCS: Guida Completa per il Penetration Testing su Active Directory,1,"Tutti gli EKU OID dei certificati Active Directory spiegati in ottica offensiva: quali sfruttare in ESC1–ESC16, attack flow PKINIT, detection Event ID, FAQ e …",159,eku oid in adcs,EKU OID in ADCS,informational/definition,DATA NOT AVAILABLE (needs live SERP),windows,2236,0,3,4,5,True,2,True,opportunity: add an answer-first definition paragraph,retrievable: self-contained,citations present,none detected on-page,"Shorten title to ~60 chars, primary keyword first",P1,high,medium,DATA NOT AVAILABLE,DATA NOT AVAILABLE,DATA NOT AVAILABLE
adcs-esc1-esc16,https://hackita.it/articoli/adcs-esc1-esc16/,AD-CS-Privilege-Escalation-Tutte-le-Tecniche-ESC1ESC16-con-Certipy-Active-Directory-Attack-Guide.md,AD CS Privilege Escalation: Tutte le Tecniche ESC1–ESC16 con Certipy (Active Directory Attack Guide) | Hackita,110,AD CS Privilege Escalation: Tutte le Tecniche ESC1–ESC16 con Certipy (Active Directory Attack Guide),1,AD CS Privilege Escalation su Active Directory: guida completa alle tecniche ESC1–ESC16 con Certipy. Scopri come ottenere Domain Admin sfruttando certificate …,159,ad cs privilege escalation,AD CS Privilege Escalation,informational/educational,DATA NOT AVAILABLE (needs live SERP),windows,2347,243,23,28,3,True,2,True,ok: has a substantive lead,retrievable: self-contained,citations present,none detected on-page,"Shorten title to ~60 chars, primary keyword first",P2,medium,medium,DATA NOT AVAILABLE,DATA NOT AVAILABLE,DATA NOT AVAILABLE
addcomputer,https://hackita.it/articoli/addcomputer/,addcomputerpy-Impacket-Creare-Computer-Account-per-RBCD.md,addcomputer.py Impacket: Creare Computer Account per RBCD | Hackita,67,addcomputer.py Impacket: Creare Computer Account per RBCD,1,"Guida a addcomputer.py di Impacket per creare computer account Active Directory via SAMR o LDAPS, verificare MachineAccountQuota e usarli nelle catene RBCD.",156,addcomputer py impacket,addcomputer.py Impacket,tool-oriented/how-to,DATA NOT AVAILABLE (needs live SERP),tools,2082,0,11,2,2,True,2,True,review: lead could be more answer-first,retrievable: self-contained,citations present,none detected on-page,Add a 2-3 sentence answer-first lead naming the entity,P2,medium,medium,DATA NOT AVAILABLE,DATA NOT AVAILABLE,DATA NOT AVAILABLE
adesc14-adcs,https://hackita.it/articoli/adesc14-adcs/,ESC14-ADCS-Weak-Explicit-Certificate-Mapping-via-altSecurityIdentities.md,ESC14 ADCS: Weak Explicit Certificate Mapping via altSecurityIdentities | Hackita,81,ESC14 ADCS: Weak Explicit Certificate Mapping via altSecurityIdentities,1,ESC14 sfrutta configurazioni deboli di altSecurityIdentities in Active Directory. Un certificato può essere mappato a un account privilegiato e permettere …,156,esc14 adcs,ESC14 ADCS,informational/educational,DATA NOT AVAILABLE (needs live SERP),windows,587,110,6,4,2,True,2,True,ok: has a substantive lead,review,citations present,none detected on-page,"Shorten title to ~60 chars, primary keyword first",P2,medium,medium,DATA NOT AVAILABLE,DATA NOT AVAILABLE,DATA NOT AVAILABLE
adesc15-adcs,https://hackita.it/articoli/adesc15-adcs/,ESC15-ADCS-CVE-2024-49019-EKUwu-e-Injection-di-Application-Policies.md,ESC15 ADCS (CVE-2024-49019): EKUwu e Injection di Application Policies | Hackita,80,ESC15 ADCS (CVE-2024-49019): EKUwu e Injection di Application Policies,1,ESC15 (CVE-2024-49019) permette di iniettare Application Policies in template V1 AD CS non patchati. Un attaccante può ottenere Client Authentication o …,153,esc15 adcs,ESC15 ADCS,vulnerability/CVE,DATA NOT AVAILABLE (needs live SERP),windows,711,121,4,4,3,True,2,True,ok: has a substantive lead,review,citations present,none detected on-page,"Shorten title to ~60 chars, primary keyword first",P2,medium,medium,DATA NOT AVAILABLE,DATA NOT AVAILABLE,DATA NOT AVAILABLE
adfind,https://hackita.it/articoli/adfind/,Adfind-Enumerazione-Active-Directory-Avanzata-nel-Penetration-Testing.md,Adfind: Enumerazione Active Directory Avanzata nel Penetration Testing | Hackita,80,Adfind: Enumerazione Active Directory Avanzata nel Penetration Testing,1,AdFind è un tool per enumerare oggetti Active Directory tramite query LDAP da linea di comando. Guida pratica all’uso in fase di domain enumeration durante un …,160,adfind,Adfind,informational/educational,DATA NOT AVAILABLE (needs live SERP),windows,675,98,4,1,1,True,2,True,ok: has a substantive lead,review,citations present,none detected on-page,"Shorten title to ~60 chars, primary keyword first",P2,medium,low,DATA NOT AVAILABLE,DATA NOT AVAILABLE,DATA NOT AVAILABLE
amass,https://hackita.it/articoli/amass/,Amass-Subdomain-Enumeration-Avanzata-per-Reconnaissance-e-Attack-Surface-Mapping.md,Amass: Subdomain Enumeration Avanzata per Reconnaissance e Attack Surface Mapping | Hackita,91,Amass: Subdomain Enumeration Avanzata per Reconnaissance e Attack Surface Mapping,1,"Amass è uno strumento OSINT e active reconnaissance per enumerare subdomain, mappare asset esterni e analizzare relazioni DNS. Guida pratica all’uso in fase di …",161,amass,Amass,informational/educational,DATA NOT AVAILABLE (needs live SERP),web-hacking,1096,126,6,6,1,True,2,True,ok: has a substantive lead,retrievable: self-contained,citations present,none detected on-page,"Shorten title to ~60 chars, primary keyword first",P2,medium,low,DATA NOT AVAILABLE,DATA NOT AVAILABLE,DATA NOT AVAILABLE
api-modern-web-attacks-guida-completa,https://hackita.it/articoli/api-modern-web-attacks-guida-completa/,API-Security-Guida-Completa-agli-API-Attacks-e-al-Pentesting-SSRF-GraphQL-BOLA-CORS.md,"API Security: Guida Completa agli API Attacks e al Pentesting (SSRF, GraphQL, BOLA, CORS) | Hackita",99,"API Security: Guida Completa agli API Attacks e al Pentesting (SSRF, GraphQL, BOLA, CORS)",1,"API security e penetration testing delle API moderne: SSRF, GraphQL attack, BOLA/IDOR, CORS misconfiguration, Mass Assignment e bypass rate limit. Guida …",154,api security,API Security,informational/definition,DATA NOT AVAILABLE (needs live SERP),web-hacking,4506,0,13,10,5,True,2,True,opportunity: add an answer-first definition paragraph,retrievable: self-contained,citations present,none detected on-page,"Shorten title to ~60 chars, primary keyword first",P1,high,medium,DATA NOT AVAILABLE,DATA NOT AVAILABLE,DATA NOT AVAILABLE
api-rate-limit-bypass,https://hackita.it/articoli/api-rate-limit-bypass/,API-Rate-Limit-Bypass-Tecniche-di-Pentesting-per-Bypassare-il-Throttling-2026.md,API Rate Limit Bypass: Tecniche di Pentesting per Bypassare il Throttling (2026) | Hackita,90,API Rate Limit Bypass: Tecniche di Pentesting per Bypassare il Throttling (2026),1,"API Rate Limit Bypass spiegato in modo operativo: header rotation con X-Forwarded-For, endpoint switching, HTTP method tampering, Unicode bypass, race condition …",162,api rate limit bypass,API Rate Limit Bypass,informational/educational,DATA NOT AVAILABLE (needs live SERP),web-hacking,3047,0,4,4,3,True,2,True,review: lead could be more answer-first,retrievable: self-contained,citations present,none detected on-page,"Shorten title to ~60 chars, primary keyword first",P1,high,medium,DATA NOT AVAILABLE,DATA NOT AVAILABLE,DATA NOT AVAILABLE
api-versioning-attacck,https://hackita.it/articoli/api-versioning-attacck/,API-Versioning-Attack-Sfruttare-Endpoint-v1-Dimenticati-nel-Pentesting-API-2026.md,API Versioning Attack: Sfruttare Endpoint v1 Dimenticati nel Pentesting API (2026) | Hackita,92,API Versioning Attack: Sfruttare Endpoint v1 Dimenticati nel Pentesting API (2026),1,"API Versioning Attack spiegato in modo operativo: come trovare endpoint API legacy v1, bypassare rate limit e autenticazione e sfruttare API deprecate durante …",160,api versioning attack,API Versioning Attack,informational/educational,DATA NOT AVAILABLE (needs live SERP),web-hacking,1266,0,7,1,4,True,2,True,review: lead could be more answer-first,retrievable: self-contained,citations present,none detected on-page,"Shorten title to ~60 chars, primary keyword first",P1,high,medium,DATA NOT AVAILABLE,DATA NOT AVAILABLE,DATA NOT AVAILABLE
aquatone,https://hackita.it/articoli/aquatone/,Aquatone-Visual-Recon-e-Screenshot-Automatici-per-Subdomain-Enumeration.md,Aquatone: Visual Recon e Screenshot Automatici per Subdomain Enumeration | Hackita,82,Aquatone: Visual Recon e Screenshot Automatici per Subdomain Enumeration,1,Aquatone è un tool di visual reconnaissance che cattura screenshot automatici di host e subdomain scoperti durante la fase di recon. Ideale per mappare …,153,aquatone,Aquatone,informational/educational,DATA NOT AVAILABLE (needs live SERP),web-hacking,1031,122,6,5,1,True,2,True,ok: has a substantive lead,retrievable: self-contained,citations present,none detected on-page,"Shorten title to ~60 chars, primary keyword first",P2,medium,low,DATA NOT AVAILABLE,DATA NOT AVAILABLE,DATA NOT AVAILABLE
arbitrary-file-read,https://hackita.it/articoli/arbitrary-file-read/,Arbitrary-File-Read-Exploit-WAF-Bypass-e-Cloud-Takeover-Guida-Pentesting-2026.md,"Arbitrary File Read: Exploit, WAF Bypass e Cloud Takeover (Guida Pentesting 2026) | Hackita",91,"Arbitrary File Read: Exploit, WAF Bypass e Cloud Takeover (Guida Pentesting 2026)",1,"Arbitrary File Read exploit nel pentesting: leggere file sensibili Linux e Windows, bypass WAF, /proc/self/environ, credenziali cloud e escalation a cloud …",156,arbitrary file read,Arbitrary File Read,informational/definition,DATA NOT AVAILABLE (needs live SERP),web-hacking,3196,165,7,6,0,True,2,True,ok: has a substantive lead,retrievable: self-contained,weak: no external primary sources,none detected on-page,"Shorten title to ~60 chars, primary keyword first",P1,high,medium,DATA NOT AVAILABLE,DATA NOT AVAILABLE,DATA NOT AVAILABLE
arjun,https://hackita.it/articoli/arjun/,Arjun-HTTP-Parameter-Discovery-per-Web-Application-Recon-Avanzata.md,Arjun: HTTP Parameter Discovery per Web Application Recon Avanzata | Hackita,76,Arjun: HTTP Parameter Discovery per Web Application Recon Avanzata,1,Arjun è un tool per scoprire parametri HTTP nascosti in applicazioni web durante il penetration testing. Automatizza l’identificazione di parametri GET e POST …,160,arjun,Arjun,tool-oriented/how-to,DATA NOT AVAILABLE (needs live SERP),tools,1340,112,6,2,1,True,2,True,ok: has a substantive lead,retrievable: self-contained,citations present,none detected on-page,"Shorten title to ~60 chars, primary keyword first",P2,medium,low,DATA NOT AVAILABLE,DATA NOT AVAILABLE,DATA NOT AVAILABLE
arp,https://hackita.it/articoli/arp/,ARP-Address-Resolution-Protocol-Cos-Come-Funziona-e-Come-Sfruttarlo-in-un-Pentest.md,"ARP (Address Resolution Protocol): Cos’è, Come Funziona e Come Sfruttarlo in un Pentest | Hackita",97,"ARP (Address Resolution Protocol): Cos’è, Come Funziona e Come Sfruttarlo in un Pentest",1,"Scopri cos’è ARP, come funziona davvero e come viene sfruttato in un pentest: ARP cache, gratuitous ARP, spoofing, MITM, detection, difese e tool pratici.",154,arp,ARP,informational/definition,DATA NOT AVAILABLE (needs live SERP),networking,2302,79,9,14,1,True,2,True,ok: has a substantive lead,retrievable: self-contained,citations present,none detected on-page,"Shorten title to ~60 chars, primary keyword first",P2,medium,low,DATA NOT AVAILABLE,DATA NOT AVAILABLE,DATA NOT AVAILABLE
arp-scan,https://hackita.it/articoli/arp-scan/,Arp-scan-scoperta-degli-host-in-rete-locale-via-ARP.md,ARP-Scan Kali Linux: Scansione ARP e Host Discovery | Hackita,61,ARP-Scan Kali Linux: Scansione ARP e Host Discovery,1,"Guida ad ARP-Scan su Kali Linux per scoprire host nella rete locale: scansione ARP, IP, MAC, vendor, subnet, output e workflow di network reconnaissance.",153,arp scan kali linux,ARP-Scan Kali Linux,tool-oriented/how-to,DATA NOT AVAILABLE (needs live SERP),tools,1119,0,5,7,0,True,2,True,review: lead could be more answer-first,retrievable: self-contained,weak: no external primary sources,none detected on-page,Add a 2-3 sentence answer-first lead naming the entity,P2,medium,medium,DATA NOT AVAILABLE,DATA NOT AVAILABLE,DATA NOT AVAILABLE
as-rep-roasting,https://hackita.it/articoli/as-rep-roasting/,AS-REP-Roasting-Crackare-Hash-Kerberos-Senza-Credenziali.md,AS-REP Roasting: Crackare Hash Kerberos Senza Credenziali | Hackita,67,AS-REP Roasting: Crackare Hash Kerberos Senza Credenziali,1,"AS-REP Roasting in Active Directory: estrai hash Kerberos senza credenziali e craccali offline con Impacket, Rubeus e Hashcat. Guida tecnica completa.",150,as rep roasting,AS-REP Roasting,informational/educational,DATA NOT AVAILABLE (needs live SERP),windows,1781,147,3,7,3,True,2,True,ok: has a substantive lead,retrievable: self-contained,citations present,none detected on-page,Make the first body heading a real section (not a title echo),P3,low,medium,DATA NOT AVAILABLE,DATA NOT AVAILABLE,DATA NOT AVAILABLE
assetfinder,https://hackita.it/articoli/assetfinder/,Assetfinder-Subdomain-Enumeration-Rapida-per-Attack-Surface-Mapping.md,Assetfinder: Subdomain Enumeration Rapida per Attack Surface Mapping | Hackita,78,Assetfinder: Subdomain Enumeration Rapida per Attack Surface Mapping,1,Assetfinder è un tool OSINT per enumerare subdomain da fonti pubbliche durante la fase di reconnaissance. Ideale per mappare rapidamente la superficie d’attacco …,162,assetfinder,Assetfinder,tool-oriented/how-to,DATA NOT AVAILABLE (needs live SERP),tools,1340,112,6,3,1,True,2,True,ok: has a substantive lead,retrievable: self-contained,citations present,none detected on-page,"Shorten title to ~60 chars, primary keyword first",P2,medium,medium,DATA NOT AVAILABLE,DATA NOT AVAILABLE,DATA NOT AVAILABLE
atexec,https://hackita.it/articoli/atexec/,Impacket-atexec-Esecuzione-Remota-via-Task-Scheduler.md,Impacket atexec: Esecuzione Remota via Task Scheduler | Hackita,63,Impacket atexec: Esecuzione Remota via Task Scheduler,1,"Guida operativa a impacket-atexec: esecuzione remota su Windows via Task Scheduler RPC con password, Pass-the-Hash, Kerberos e lateral movement su SMB.",151,impacket atexec,Impacket atexec,tool-oriented/how-to,DATA NOT AVAILABLE (needs live SERP),tools,1319,182,9,4,3,True,2,True,ok: has a substantive lead,retrievable: self-contained,citations present,none detected on-page,Make the first body heading a real section (not a title echo),P3,low,medium,DATA NOT AVAILABLE,DATA NOT AVAILABLE,DATA NOT AVAILABLE
attacchi-applicazioni-web,https://hackita.it/articoli/attacchi-applicazioni-web/,Attacchi-alle-Applicazioni-Web-Guida-Completa-a-Vulnerabilit-ed-Exploit.md,Attacchi alle Applicazioni Web: Guida Completa a Vulnerabilità ed Exploit | Hackita,83,Attacchi alle Applicazioni Web: Guida Completa a Vulnerabilità ed Exploit,1,"Scopri i principali attacchi alle applicazioni web: SQL Injection, XSS, SSRF, IDOR, CSRF, SSTI e API abuse. Guida completa per pentester e red team.",148,attacchi alle applicazioni web,Attacchi alle Applicazioni Web,informational/definition,DATA NOT AVAILABLE (needs live SERP),web-hacking,3306,228,58,8,0,True,2,True,ok: has a substantive lead,retrievable: self-contained,weak: no external primary sources,none detected on-page,"Shorten title to ~60 chars, primary keyword first",P1,high,medium,DATA NOT AVAILABLE,DATA NOT AVAILABLE,DATA NOT AVAILABLE
auth-access-control-guida-completa,https://hackita.it/articoli/auth-access-control-guida-completa/,Auth--Access-Control-Guida-Completa-al-Pentesting.md,Auth & Access Control: Guida Completa al Pentesting | Hackita,61,Auth & Access Control: Guida Completa al Pentesting,1,"Guida completa ad auth e access control nel pentesting web: IDOR, JWT attack, CSRF, 2FA bypass, password reset e privilege escalation.",134,auth access control,Auth & Access Control,informational/definition,DATA NOT AVAILABLE (needs live SERP),web-hacking,4706,325,15,14,0,True,2,True,ok: has a substantive lead,retrievable: self-contained,weak: no external primary sources,none detected on-page,Add 1-2 primary-source references (CVE/vendor/RFC/MITRE),P2,medium,medium,DATA NOT AVAILABLE,DATA NOT AVAILABLE,DATA NOT AVAILABLE
aws-privilege-escalation,https://hackita.it/articoli/aws-privilege-escalation/,AWS-Privilege-Escalation-Tecniche-e-Misconfigurazioni-IAM-da-Sfruttare.md,AWS Privilege Escalation: 21+ Tecniche per Passare da Low-Priv a Admin in IAM | Hackita,87,AWS Privilege Escalation: 21+ Tecniche per Passare da Low-Priv a Admin in IAM,1,"AWS Privilege Escalation è l’insieme di tecniche per ottenere privilegi più elevati abusando di misconfigurazioni IAM in ambienti cloud. Analisi di policy, role …",162,aws privilege escalation,AWS Privilege Escalation,informational/educational,DATA NOT AVAILABLE (needs live SERP),guides-resources,2857,148,4,19,0,False,2,True,ok: has a substantive lead,retrievable: self-contained,weak: no external primary sources,none detected on-page,"Shorten title to ~60 chars, primary keyword first",P1,high,medium,DATA NOT AVAILABLE,DATA NOT AVAILABLE,DATA NOT AVAILABLE
aws-security,https://hackita.it/articoli/aws-security/,AWS-Pentesting-IAM-S3-EC2-IMDS-e-Privilege-Escalation.md,"AWS Pentesting: IAM, S3, EC2, IMDS e Privilege Escalation | Hackita",67,"AWS Pentesting: IAM, S3, EC2, IMDS e Privilege Escalation",1,"AWS pentesting operativo: enumera IAM, S3, EC2, Lambda e IMDS con AWS CLI, Pacu, ScoutSuite e Prowler; trova misconfigurazioni e path di privilege escalation.",158,aws pentesting,AWS Pentesting,informational/educational,DATA NOT AVAILABLE (needs live SERP),guides-resources,3477,122,4,4,2,True,2,True,ok: has a substantive lead,retrievable: self-contained,citations present,none detected on-page,Add a 2-3 sentence answer-first lead naming the entity,P2,medium,medium,DATA NOT AVAILABLE,DATA NOT AVAILABLE,DATA NOT AVAILABLE
backup-exposure,https://hackita.it/articoli/backup-exposure/,Backup-Exposure-Dump-SQL-env-e-ZIP-Esposti.md,"Backup Exposure: Dump SQL, .env e ZIP Esposti | Hackita",55,"Backup Exposure: Dump SQL, .env e ZIP Esposti",1,"Scopri come trovare file backup esposti nel pentesting web: dump SQL, .env, ZIP e config.bak con feroxbuster, ffuf e tecniche reali.",132,backup exposure,Backup Exposure,informational/educational,DATA NOT AVAILABLE (needs live SERP),web-hacking,2184,171,6,5,0,True,2,True,ok: has a substantive lead,retrievable: self-contained,weak: no external primary sources,none detected on-page,Add a 2-3 sentence answer-first lead naming the entity,P2,medium,medium,DATA NOT AVAILABLE,DATA NOT AVAILABLE,DATA NOT AVAILABLE
bash,https://hackita.it/articoli/bash/,Bash-Guida-Completa-a-Linux-Comandi-e-Scripting.md,"Bash: Guida Completa a Linux, Comandi e Scripting | Hackita",59,"Bash: Guida Completa a Linux, Comandi e Scripting",1,"Cos'è Bash e come funziona? Scopri comandi, variabili, pipe, permessi e scripting Bash con una guida pratica da zero, pensata per Linux e cybersecurity.",152,bash,Bash,informational/definition,DATA NOT AVAILABLE (needs live SERP),linux,2042,139,4,4,2,True,2,True,ok: has a substantive lead,retrievable: self-contained,citations present,none detected on-page,Make the first body heading a real section (not a title echo),P3,low,medium,DATA NOT AVAILABLE,DATA NOT AVAILABLE,DATA NOT AVAILABLE
beef,https://hackita.it/articoli/beef/,BeEF-Guida-Completa-al-Browser-Exploitation-Framework.md,BeEF: Guida Completa al Browser Exploitation Framework | Hackita,64,BeEF: Guida Completa al Browser Exploitation Framework,1,"Guida pratica BeEF per browser exploitation: hook vittime, controllo browser compromessi e post-exploitation client-side. Trasforma XSS in accesso persistente.",159,beef,BeEF,informational/definition,DATA NOT AVAILABLE (needs live SERP),web-hacking,1060,55,6,4,2,True,2,True,ok: has a substantive lead,retrievable: self-contained,citations present,none detected on-page,NO MAJOR ACTION REQUIRED,P2,medium,medium,DATA NOT AVAILABLE,DATA NOT AVAILABLE,DATA NOT AVAILABLE
bettercap,https://hackita.it/articoli/bettercap/,Bettercap-Il-Coltellino-Svizzero-del-Network-Hacking-MITM-Sniffing-e-Spoofing.md,"Bettercap: Cos'è', MITM, ARP Spoofing e Sniffing su Kali Linux | Hackita",72,"Bettercap: Cos'è', MITM, ARP Spoofing e Sniffing su Kali Linux",1,"Cos'è Bettercap e come funziona? Scopri il framework per network hacking e MITM: tutorial su Kali Linux, ARP spoofing, sniffing, network recon, PCAP e proxy.",157,bettercap,Bettercap,informational/definition,DATA NOT AVAILABLE (needs live SERP),tools,2420,83,8,4,10,True,2,True,ok: has a substantive lead,retrievable: self-contained,citations present,none detected on-page,"Shorten title to ~60 chars, primary keyword first",P2,medium,medium,DATA NOT AVAILABLE,DATA NOT AVAILABLE,DATA NOT AVAILABLE
blind-sql-injection,https://hackita.it/articoli/blind-sql-injection/,Blind-SQL-Injection-Extraction-Boolean-Based-con-SQLMap-Guida-2026.md,Blind SQL Injection: Extraction Boolean-Based con SQLMap (Guida 2026) | Hackita,79,Blind SQL Injection: Extraction Boolean-Based con SQLMap (Guida 2026),1,"Blind SQL Injection: detection boolean-based, extraction con SUBSTRING e ASCII, binary search e automazione completa con SQLMap per dump database, credenziali e …",162,blind sql injection,Blind SQL Injection,informational/definition,DATA NOT AVAILABLE (needs live SERP),web-hacking,2846,0,8,8,4,True,2,True,opportunity: add an answer-first definition paragraph,retrievable: self-contained,citations present,none detected on-page,"Shorten title to ~60 chars, primary keyword first",P1,high,medium,DATA NOT AVAILABLE,DATA NOT AVAILABLE,DATA NOT AVAILABLE
blind-xss,https://hackita.it/articoli/blind-xss/,Blind-XSS-cos-e-come-scoprirlo-con-callback-out-of-band-e-XSS-Hunter.md,Blind XSS: cos'è e come scoprirlo con callback out-of-band e XSS Hunter | Hackita,81,Blind XSS: cos'è e come scoprirlo con callback out-of-band e XSS Hunter,1,"Guida completa al Blind XSS: detection out-of-band, callback server, XSS Hunter, payload invisibili, punti di iniezione admin e analisi dei trigger lato …",154,blind xss,Blind XSS,tutorial/how-to,DATA NOT AVAILABLE (needs live SERP),networking,1366,93,1,3,1,True,2,True,ok: has a substantive lead,retrievable: self-contained,citations present,none detected on-page,"Shorten title to ~60 chars, primary keyword first",P2,medium,low,DATA NOT AVAILABLE,DATA NOT AVAILABLE,DATA NOT AVAILABLE
bloodhound,https://hackita.it/articoli/bloodhound/,BloodHound-mappa-lActive-Directory-come-un-hacker.md,BloodHound Pentest AD: Privilege Escalation e Domain Admin | Hackita,68,BloodHound Pentest AD: Privilege Escalation e Domain Admin,1,"BloodHound per privilege escalation su Active Directory: SharpHound, edge abuse, Shadow Credentials e ADCS. Guida italiana pentest AD verso Domain Admin.",153,bloodhound pentest ad,BloodHound Pentest AD,tool-oriented/how-to,DATA NOT AVAILABLE (needs live SERP),tools,2848,177,10,47,2,True,2,True,ok: has a substantive lead,retrievable: self-contained,citations present,none detected on-page,Add a 2-3 sentence answer-first lead naming the entity,P2,medium,medium,DATA NOT AVAILABLE,DATA NOT AVAILABLE,DATA NOT AVAILABLE
bloodyad,https://hackita.it/articoli/bloodyad/,BloodyAD-Privilege-Escalation-in-Active-Directory-Guida-2026.md,BloodyAD: Privilege Escalation in Active Directory (Guida 2026) | Hackita,73,BloodyAD: Privilege Escalation in Active Directory (Guida 2026),1,"BloodyAD:autenticazione PTH/PTT, abuso ACE (GenericAll, WriteDACL, RBCD), Shadow Credentials, Bad Successor 2025 e autobloody.Pentest,payload,detection e bypass",160,bloodyad,BloodyAD,informational/definition,DATA NOT AVAILABLE (needs live SERP),tools,6404,81,12,5,4,True,2,True,ok: has a substantive lead,retrievable: self-contained,citations present,none detected on-page,"Shorten title to ~60 chars, primary keyword first",P2,medium,medium,DATA NOT AVAILABLE,DATA NOT AVAILABLE,DATA NOT AVAILABLE
broken-access-control,https://hackita.it/articoli/broken-access-control/,Broken-Access-Control-Test-Esempi-e-Bypass-OWASP-A01.md,"Broken Access Control: Test, Esempi e Bypass OWASP A01 | Hackita",64,"Broken Access Control: Test, Esempi e Bypass OWASP A01",1,"Guida pratica al Broken Access Control OWASP A01:2025: privilege escalation, IDOR e BOLA, force browsing, metodi HTTP, header bypass e test con Burp Suite.",155,broken access control,Broken Access Control,informational/educational,DATA NOT AVAILABLE (needs live SERP),web-hacking,4218,0,8,7,16,True,2,True,review: lead could be more answer-first,retrievable: self-contained,citations present,none detected on-page,Add a 2-3 sentence answer-first lead naming the entity,P2,medium,medium,DATA NOT AVAILABLE,DATA NOT AVAILABLE,DATA NOT AVAILABLE
broken-authentication,https://hackita.it/articoli/broken-authentication/,Broken-Authentication-Bypass-Login-2FA-e-Sessioni.md,"Broken Authentication: Bypass Login, 2FA e Sessioni | Hackita",61,"Broken Authentication: Bypass Login, 2FA e Sessioni",1,"Guida al Broken Authentication OWASP A07: username enumeration, brute force, bypass 2FA, session fixation, password reset e credential stuffing per pentest.",156,broken authentication,Broken Authentication,informational/educational,DATA NOT AVAILABLE (needs live SERP),web-hacking,1911,71,8,4,1,True,2,True,ok: has a substantive lead,retrievable: self-contained,citations present,none detected on-page,Make the first body heading a real section (not a title echo),P3,low,medium,DATA NOT AVAILABLE,DATA NOT AVAILABLE,DATA NOT AVAILABLE
brute-force,https://hackita.it/articoli/brute-force/,Brute-Force-Attack-Tecniche-Tool-e-Bypass-nel-Penetration-Testing.md,"Brute Force Attack: Tecniche, Tool e Bypass nel Penetration Testing | Hackita",77,"Brute Force Attack: Tecniche, Tool e Bypass nel Penetration Testing",1,"Brute Force attack nel penetration testing: password cracking, credential stuffing, wordlist, Hydra, Burp Intruder e bypass rate limit nei sistemi di …",151,brute force attack,Brute Force Attack,informational/educational,DATA NOT AVAILABLE (needs live SERP),web-hacking,2476,0,8,27,8,True,2,True,review: lead could be more answer-first,retrievable: self-contained,citations present,none detected on-page,"Shorten title to ~60 chars, primary keyword first",P1,high,medium,DATA NOT AVAILABLE,DATA NOT AVAILABLE,DATA NOT AVAILABLE
burp-suite,https://hackita.it/articoli/burp-suite/,Burp-Suite-Guida-Completa-per-Web-Application-Penetration-Testing.md,Burp Suite: Guida Completa per Web Application Penetration Testing | Hackita,76,Burp Suite: Guida Completa per Web Application Penetration Testing,1,"Burp Suite guida pratica al web application penetration testing: Proxy, Repeater, Intruder, SQLi, XSS, CSRF e API exploitation reali.",133,burp suite,Burp Suite,informational/definition,DATA NOT AVAILABLE (needs live SERP),web-hacking,3273,80,9,29,7,True,2,True,ok: has a substantive lead,retrievable: self-contained,citations present,none detected on-page,"Shorten title to ~60 chars, primary keyword first",P2,medium,medium,DATA NOT AVAILABLE,DATA NOT AVAILABLE,DATA NOT AVAILABLE
business-logic-flaw,https://hackita.it/articoli/business-logic-flaw/,Business-Logic-Flaw-Cos-e-Come-Trovarlo.md,Business Logic Flaw: Cos’è e Come Trovarlo | Hackita,52,Business Logic Flaw: Cos’è e Come Trovarlo,1,"Scopri cos’è un business logic flaw e come individuarlo nel pentesting web: prezzi negativi, coupon abuse, step bypass e workflow flaws.",136,business logic flaw,Business Logic Flaw,tutorial/how-to,DATA NOT AVAILABLE (needs live SERP),web-hacking,2123,171,5,3,3,True,2,True,ok: has a substantive lead,retrievable: self-contained,citations present,none detected on-page,NO MAJOR ACTION REQUIRED,P3,low,medium,DATA NOT AVAILABLE,DATA NOT AVAILABLE,DATA NOT AVAILABLE
cache-poisoning,https://hackita.it/articoli/cache-poisoning/,Web-Cache-Poisoning-Cos-Come-Funziona-e-Come-Sfruttarlo.md,"Web Cache Poisoning: Test, Cache Key e Tecniche di Bypass | Hackita",67,"Web Cache Poisoning: Test, Cache Key e Tecniche di Bypass",1,"Guida pratica al Web Cache Poisoning nel pentest : analizza cache key e unkeyed input, testa header e fat GET con Burp e applica detection e mitigazioni utili.",159,web cache poisoning,Web Cache Poisoning,informational/educational,DATA NOT AVAILABLE (needs live SERP),web-hacking,6056,0,7,4,3,True,2,True,review: lead could be more answer-first,retrievable: self-contained,citations present,DUPLICATE SLUG - resolve,"Resolve slug collision editorially (pick canonical, reslug/redirect the other)",P0,high,medium,DATA NOT AVAILABLE,DATA NOT AVAILABLE,DATA NOT AVAILABLE
certify,https://hackita.it/articoli/certify/,Certify-Enumerazione-e-Abuso-di-AD-CS-da-Windows-con-C.md,Certify: Enumerazione e Abuso di AD CS da Windows con C# | Hackita,66,Certify: Enumerazione e Abuso di AD CS da Windows con C#,1,Certify è il tool C# di GhostPack per enumerare e sfruttare AD CS da Windows senza dipendenze Python. Scopri come usarlo per trovare template vulnerabili e …,157,certify,Certify,tool-oriented/how-to,DATA NOT AVAILABLE (needs live SERP),tools,4248,105,13,2,9,True,2,True,ok: has a substantive lead,retrievable: self-contained,citations present,none detected on-page,Make the first body heading a real section (not a title echo),P3,low,medium,DATA NOT AVAILABLE,DATA NOT AVAILABLE,DATA NOT AVAILABLE
certipy,https://hackita.it/articoli/certipy/,Certipy-Guida-Completa-allEnumerazione-e-Abuso-di-AD-CS.md,Certipy: Guida Completa all'Enumerazione e Abuso di AD CS | Hackita,67,Certipy: Guida Completa all'Enumerazione e Abuso di AD CS,1,"Guida completa a Certipy 5.1 per enumerare AD CS, individuare ESC1-ESC17, richiedere certificati, usare PKINIT, relay, Shadow Credentials e Golden Certificate.",159,certipy,Certipy,informational/definition,DATA NOT AVAILABLE (needs live SERP),tools,12877,0,23,9,10,True,2,True,opportunity: add an answer-first definition paragraph,retrievable: self-contained,citations present,none detected on-page,Add a 2-3 sentence answer-first lead naming the entity,P2,medium,medium,DATA NOT AVAILABLE,DATA NOT AVAILABLE,DATA NOT AVAILABLE
certutilexe,https://hackita.it/articoli/certutilexe/,Certutilexe-Download-e-Encoding-per-Living-Off-The-Land-su-Windows.md,Certutil.exe: Download e Encoding per Living Off The Land su Windows | Hackita,78,Certutil.exe: Download e Encoding per Living Off The Land su Windows,1,"Guida pratica Certutil.exe per penetration testing Windows: download file, encoding Base64, hash verification e bypass AV. Living off the Land con tool nativo.",159,certutil exe,Certutil.exe,informational/educational,DATA NOT AVAILABLE (needs live SERP),windows,1555,61,9,1,2,True,2,True,ok: has a substantive lead,retrievable: self-contained,citations present,none detected on-page,"Shorten title to ~60 chars, primary keyword first",P2,medium,medium,DATA NOT AVAILABLE,DATA NOT AVAILABLE,DATA NOT AVAILABLE
chisel,https://hackita.it/articoli/chisel/,Chisel-TCP-Tunneling-over-HTTP-per-Pivoting-e-Post-Exploitation.md,Chisel: TCP Tunneling over HTTP per Pivoting e Post-Exploitation | Hackita,74,Chisel: TCP Tunneling over HTTP per Pivoting e Post-Exploitation,1,"Guida pratica Chisel per tunneling e pivoting: TCP tunnel over HTTP, SOCKS proxy e port forwarding attraverso firewall. Pivoting moderno per pentest.",149,chisel,Chisel,tool-oriented/how-to,DATA NOT AVAILABLE (needs live SERP),tools,1304,63,6,12,2,True,2,True,ok: has a substantive lead,retrievable: self-contained,citations present,none detected on-page,"Shorten title to ~60 chars, primary keyword first",P2,medium,medium,DATA NOT AVAILABLE,DATA NOT AVAILABLE,DATA NOT AVAILABLE
chkrootkit,https://hackita.it/articoli/chkrootkit/,Chkrootkit-Rootkit-Detection-su-Linux-per-Incident-Response-e-Post-Exploitation-Analysis.md,Chkrootkit: Rootkit Detection su Linux per Incident Response e Post-Exploitation Analysis | Hackita,99,Chkrootkit: Rootkit Detection su Linux per Incident Response e Post-Exploitation Analysis,1,Chkrootkit è un tool Linux per rilevare rootkit e indicatori di compromissione su sistemi Unix-like. Utilizzato in incident response e analisi post-exploitation …,162,chkrootkit,Chkrootkit,informational/educational,DATA NOT AVAILABLE (needs live SERP),linux,492,66,4,2,1,True,2,True,ok: has a substantive lead,review,citations present,none detected on-page,"Shorten title to ~60 chars, primary keyword first",P2,medium,low,DATA NOT AVAILABLE,DATA NOT AVAILABLE,DATA NOT AVAILABLE
clickjacking,https://hackita.it/articoli/clickjacking/,Clickjacking-Cos-e-Come-Trovarlo-nel-Pentesting-Web.md,Clickjacking: Cos’è e Come Trovarlo nel Pentesting Web | Hackita,64,Clickjacking: Cos’è e Come Trovarlo nel Pentesting Web,1,"Scopri cos’è il clickjacking (UI Redressing) e come individuarlo nel pentesting web: iframe invisibili, X-Frame-Options, CSP frame-ancestors e PoC reali.",153,clickjacking,Clickjacking,tutorial/how-to,DATA NOT AVAILABLE (needs live SERP),web-hacking,1580,125,6,4,3,True,2,True,ok: has a substantive lead,retrievable: self-contained,citations present,none detected on-page,NO MAJOR ACTION REQUIRED,P3,low,medium,DATA NOT AVAILABLE,DATA NOT AVAILABLE,DATA NOT AVAILABLE
cloud-security-automation,https://hackita.it/articoli/cloud-security-automation/,Cloud-Security-Automation-Prowler-Checkov-e-AWS-Config.md,"Cloud Security Automation: Prowler, Checkov e AWS Config | Hackita",66,"Cloud Security Automation: Prowler, Checkov e AWS Config",1,"Cloud security automation su AWS: usa Prowler, ScoutSuite e AWS Config; integra Checkov e tfsec nella CI/CD e rileva drift e misconfiguration con EventBridge.",158,cloud security automation,Cloud Security Automation,informational/educational,DATA NOT AVAILABLE (needs live SERP),guides-resources,1889,0,2,2,2,True,2,True,review: lead could be more answer-first,retrievable: self-contained,citations present,none detected on-page,Add a 2-3 sentence answer-first lead naming the entity,P2,medium,medium,DATA NOT AVAILABLE,DATA NOT AVAILABLE,DATA NOT AVAILABLE
cloudenum,https://hackita.it/articoli/cloudenum/,Cloudenum-Enumerazione-Asset-Cloud-per-Recon-su-AWS-Azure-e-GCP.md,"Cloud_enum: Enumerazione Asset Cloud per Recon su AWS, Azure e GCP | Hackita",76,"Cloud_enum: Enumerazione Asset Cloud per Recon su AWS, Azure e GCP",1,"Cloud_enum è un tool OSINT per enumerare risorse cloud pubblicamente esposte su AWS, Azure e GCP. Utile nella fase di reconnaissance per mappare bucket, storage …",162,cloud enum,Cloud_enum,tool-oriented/how-to,DATA NOT AVAILABLE (needs live SERP),tools,1604,111,6,1,1,True,2,True,ok: has a substantive lead,retrievable: self-contained,citations present,none detected on-page,"Shorten title to ~60 chars, primary keyword first",P2,medium,low,DATA NOT AVAILABLE,DATA NOT AVAILABLE,DATA NOT AVAILABLE
cobaltstrike,https://hackita.it/articoli/cobaltstrike/,Cobalt-Strike-cos-come-funziona-Beacon-e-Malleable-C2.md,"Cobalt Strike: cos’è, come funziona Beacon e Malleable C2 | Hackita",67,"Cobalt Strike: cos’è, come funziona Beacon e Malleable C2",1,"Scopri come funziona Cobalt Strike nel Red Team: architettura Team Server, Beacon, listener, Malleable C2, post-exploitation e principali tecniche di detection.",160,cobalt strike,Cobalt Strike,tutorial/how-to,DATA NOT AVAILABLE (needs live SERP),tools,2975,0,7,4,5,True,2,True,review: lead could be more answer-first,retrievable: self-contained,citations present,none detected on-page,Add a 2-3 sentence answer-first lead naming the entity,P2,medium,medium,DATA NOT AVAILABLE,DATA NOT AVAILABLE,DATA NOT AVAILABLE
commix,https://hackita.it/articoli/commix/,Commix-Automated-Command-Injection-Exploitation-Tool.md,Commix: Automated Command Injection Exploitation Tool | Hackita,63,Commix: Automated Command Injection Exploitation Tool,1,"Commix è un tool automatizzato per identificare ed exploitare vulnerabilità di command injection in applicazioni web. Supporta tecniche blind, time-based e …",157,commix,Commix,tool-oriented/how-to,DATA NOT AVAILABLE (needs live SERP),tools,994,52,4,1,2,True,2,True,ok: has a substantive lead,retrievable: self-contained,citations present,none detected on-page,NO MAJOR ACTION REQUIRED,P3,low,medium,DATA NOT AVAILABLE,DATA NOT AVAILABLE,DATA NOT AVAILABLE
container-escape,https://hackita.it/articoli/container-escape/,Container-Escape-tecniche-reali-per-uscire-dal-container.md,Container Escape: Privilege Escalation Docker e Kubernetes | Hackita,68,Container Escape: Privilege Escalation Docker e Kubernetes,1,"Container Escape: Docker socket, container privilegiati, Linux capabilities, Kubernetes, kernel exploit e IMDS. Tecniche di priv-esc, detection e difesa.",153,container escape,Container Escape,informational/educational,DATA NOT AVAILABLE (needs live SERP),linux,5903,176,8,13,16,True,2,True,ok: has a substantive lead,retrievable: self-contained,citations present,none detected on-page,Make the first body heading a real section (not a title echo),P3,low,medium,DATA NOT AVAILABLE,DATA NOT AVAILABLE,DATA NOT AVAILABLE
copy-fail,https://hackita.it/articoli/copy-fail/,CVE-2026-31431-Copy-Fail-Root-su-Qualsiasi-Linux-in-732-Byte.md,CVE-2026-31431 (Copy Fail): Root su Qualsiasi Linux in 732 Byte | Hackita,73,CVE-2026-31431 (Copy Fail): Root su Qualsiasi Linux in 732 Byte,1,"Analisi tecnica CVE-2026-31431: come funziona il bug algif_aead, catena AF_ALG + splice(), PoC pratico step-by-step. Ogni Linux dal 2017 è vulnerabile.",151,cve 2026 31431,CVE-2026-31431,vulnerability/CVE,DATA NOT AVAILABLE (needs live SERP),cve,2178,22,4,0,15,True,2,True,review: lead could be more answer-first,retrievable: self-contained,citations present,none detected on-page,"Shorten title to ~60 chars, primary keyword first",P1,high,medium,DATA NOT AVAILABLE,DATA NOT AVAILABLE,DATA NOT AVAILABLE
cors-misconfiguration,https://hackita.it/articoli/cors-misconfiguration/,CORS-Misconfiguration-Cos-e-Come-Trovar.md,"CORS Misconfiguration: Guida Completa a Exploit, Bypass e Data Theft nelle API | Hackita",88,"CORS Misconfiguration: Guida Completa a Exploit, Bypass e Data Theft nelle API",1,"CORS Misconfiguration nelle API: scopri come identificarla, sfruttarla e dimostrare il data theft con Origin reflection, null origin, bypass comuni e PoC reali …",161,cors misconfiguration,CORS Misconfiguration,informational/definition,DATA NOT AVAILABLE (needs live SERP),web-hacking,1419,149,7,6,7,True,2,True,ok: has a substantive lead,retrievable: self-contained,citations present,none detected on-page,"Shorten title to ~60 chars, primary keyword first",P2,medium,medium,DATA NOT AVAILABLE,DATA NOT AVAILABLE,DATA NOT AVAILABLE
crackmapexec,https://hackita.it/articoli/crackmapexec/,CrackMapExec-CME-Lo-Strumento-Definitivo-per-il-Penetration-Testing.md,CrackMapExec vs NetExec: Comandi CME e Migrazione a NXC | Hackita,65,CrackMapExec vs NetExec: Comandi CME e Migrazione a NXC,1,"Guida alla migrazione da CrackMapExec (cme) a NetExec (nxc) : traduci comandi CME in NXC, gestisci Kerberos, moduli, file transfer e scopri cosa cambia oggi.",157,crackmapexec vs netexec,CrackMapExec vs NetExec,tool-oriented/how-to,DATA NOT AVAILABLE (needs live SERP),tools,802,103,1,25,0,True,2,True,ok: has a substantive lead,retrievable: self-contained,weak: no external primary sources,none detected on-page,Add a 2-3 sentence answer-first lead naming the entity,P2,medium,medium,DATA NOT AVAILABLE,DATA NOT AVAILABLE,DATA NOT AVAILABLE
credential-dumping,https://hackita.it/articoli/credential-dumping/,Credential-Dumping-su-Windows-LSASS-SAM-DPAPI-e-NTDSdit.md,"Credential Dumping su Windows: LSASS, SAM, DPAPI e NTDS.dit | Hackita",69,"Credential Dumping su Windows: LSASS, SAM, DPAPI e NTDS.dit",1,"Credential dumping su Windows: hash NTLM e ticket Kerberos da LSASS, SAM, LSA Secrets, DPAPI e NTDS.dit con Mimikatz, ProcDump e secretsdump su Active Directory",160,credential dumping su windows,Credential Dumping su Windows,informational/educational,DATA NOT AVAILABLE (needs live SERP),guides-resources,2290,184,4,19,3,True,2,True,ok: has a substantive lead,retrievable: self-contained,citations present,none detected on-page,Add a 2-3 sentence answer-first lead naming the entity,P2,medium,medium,DATA NOT AVAILABLE,DATA NOT AVAILABLE,DATA NOT AVAILABLE
credential-harvesting,https://hackita.it/articoli/credential-harvesting/,Credential-Harvesting-Tecniche-e-Tool-per-il-Pentesting.md,Credential Harvesting: Tecniche e Tool per il Pentesting | Hackita,66,Credential Harvesting: Tecniche e Tool per il Pentesting,1,"Scopri come funziona il credential harvesting nel pentesting: Responder, Evilginx2, LaZagne, phishing AiTM, furto dai browser, detection e mitigazioni.",151,credential harvesting,Credential Harvesting,informational/educational,DATA NOT AVAILABLE (needs live SERP),guides-resources,2417,167,9,5,12,True,2,True,ok: has a substantive lead,retrievable: self-contained,citations present,none detected on-page,Make the first body heading a real section (not a title echo),P3,low,medium,DATA NOT AVAILABLE,DATA NOT AVAILABLE,DATA NOT AVAILABLE
credential-stuffing,https://hackita.it/articoli/credential-stuffing/,Credential-Stuffing-Cos-Come-Funziona-e-Come-Difendersi.md,"Credential Stuffing: Cos’è, Come Funziona e Come Difendersi | Hackita",69,"Credential Stuffing: Cos’è, Come Funziona e Come Difendersi",1,"Credential stuffing: scopri come funziona l’attacco con credenziali rubate, come rilevarlo e quali difese usare tra MFA, passkey e rate limiting.",145,credential stuffing,Credential Stuffing,tutorial/how-to,DATA NOT AVAILABLE (needs live SERP),guides-resources,2690,202,2,4,7,True,2,True,ok: has a substantive lead,retrievable: self-contained,citations present,none detected on-page,Make the first body heading a real section (not a title echo),P3,low,medium,DATA NOT AVAILABLE,DATA NOT AVAILABLE,DATA NOT AVAILABLE
credninja,https://hackita.it/articoli/credninja/,CredNinja-validare-credenziali-SMB-con-password-e-hash-NTLM.md,CredNinja: validare credenziali SMB con password e hash NTLM | Hackita,70,CredNinja: validare credenziali SMB con password e hash NTLM,1,"Usa CredNinja per validare password e hash NTLM via SMB, trovare local admin, eseguire Pass-the-Hash e user hunting, riducendo i lockout con stripe e delay.",156,credninja,CredNinja,informational/educational,DATA NOT AVAILABLE (needs live SERP),windows,1832,0,7,2,3,True,2,True,review: lead could be more answer-first,retrievable: self-contained,citations present,none detected on-page,Add a 2-3 sentence answer-first lead naming the entity,P2,medium,medium,DATA NOT AVAILABLE,DATA NOT AVAILABLE,DATA NOT AVAILABLE
crlf-injection,https://hackita.it/articoli/crlf-injection/,CRLF-Injection-Header-Injection-XSS-e-Cache-Poisoning.md,"CRLF Injection: Header Injection, XSS e Cache Poisoning | Hackita",65,"CRLF Injection: Header Injection, XSS e Cache Poisoning",1,"Scopri come sfruttare una CRLF injection nel pentesting web: header injection, HTTP response splitting, session fixation e cache poisoning.",139,crlf injection,CRLF Injection,informational/educational,DATA NOT AVAILABLE (needs live SERP),web-hacking,1099,174,5,5,0,True,2,True,ok: has a substantive lead,retrievable: self-contained,weak: no external primary sources,none detected on-page,Add 1-2 primary-source references (CVE/vendor/RFC/MITRE),P2,medium,medium,DATA NOT AVAILABLE,DATA NOT AVAILABLE,DATA NOT AVAILABLE
crontab,https://hackita.it/articoli/crontab/,Crontab-Backdoor-Persistenza-Linux-con-Cron-Job-nel-Penetration-Testing.md,Crontab Backdoor: Persistenza Linux con Cron Job nel Penetration Testing | Hackita,82,Crontab Backdoor: Persistenza Linux con Cron Job nel Penetration Testing,1,"Crontab Backdoor: guida operativa per creare persistenza Linux con cron job in penetration test. Setup, evasion e cleanup completi.",131,crontab backdoor,Crontab Backdoor,informational/educational,DATA NOT AVAILABLE (needs live SERP),linux,2037,0,4,8,1,False,2,True,review: lead could be more answer-first,retrievable: self-contained,citations present,none detected on-page,"Shorten title to ~60 chars, primary keyword first",P1,high,medium,DATA NOT AVAILABLE,DATA NOT AVAILABLE,DATA NOT AVAILABLE
csrf,https://hackita.it/articoli/csrf/,CSRF-Attack-Token-SameSite-e-Bypass-Reali.md,"CSRF Attack: Token, SameSite e Bypass Reali | Hackita",53,"CSRF Attack: Token, SameSite e Bypass Reali",1,"Scopri come individuare e testare un CSRF attack nel pentesting web: PoC HTML, bypass token, SameSite, API JSON e account takeover.",131,csrf attack,CSRF Attack,informational/educational,DATA NOT AVAILABLE (needs live SERP),web-hacking,2276,171,6,13,5,True,2,True,ok: has a substantive lead,retrievable: self-contained,citations present,none detected on-page,Add a 2-3 sentence answer-first lead naming the entity,P2,medium,medium,DATA NOT AVAILABLE,DATA NOT AVAILABLE,DATA NOT AVAILABLE
cve-2026-20079-cisco-fmc-auth-bypass,https://hackita.it/articoli/cve-2026-20079-cisco-fmc-auth-bypass/,CVE-2026-20079-Cisco-FMC-Auth-Bypass-KEV-Attivo.md,"CVE-2026-20079: Cisco FMC Auth Bypass, KEV Attivo | Hackita",59,"CVE-2026-20079: Cisco FMC Auth Bypass, KEV Attivo",1,"CVE-2026-20079: bypass di autenticazione critico (CVSS 10.0) in Cisco Secure FMC, in KEV CISA e sfruttato da Sandworm e Qilin. Causa radice, IOC, remediation.",158,cve 2026 20079,CVE-2026-20079,vulnerability/CVE,DATA NOT AVAILABLE (needs live SERP),cve,1677,0,2,0,4,True,2,True,review: lead could be more answer-first,retrievable: self-contained,citations present,none detected on-page,Add a 2-3 sentence answer-first lead naming the entity,P2,medium,medium,DATA NOT AVAILABLE,DATA NOT AVAILABLE,DATA NOT AVAILABLE
cve-2026-82329,https://hackita.it/articoli/cve-2026-82329/,CVE-2026-82329-PoC-Authentication-Bypass-in-JFrog-Artifactory.md,CVE-2026-82329: PoC Authentication Bypass in JFrog Artifactory | Hackita,72,CVE-2026-82329: PoC Authentication Bypass in JFrog Artifactory,1,"CVE-2026-82329: bypass di autenticazione in JFrog Artifactory via join key vuota. Root cause, exploit chain, PoC funzionante, detection e remediation.",150,cve 2026 82329,CVE-2026-82329,vulnerability/CVE,DATA NOT AVAILABLE (needs live SERP),cve,3851,94,3,0,7,True,2,True,ok: has a substantive lead,retrievable: self-contained,citations present,none detected on-page,"Shorten title to ~60 chars, primary keyword first",P2,medium,medium,DATA NOT AVAILABLE,DATA NOT AVAILABLE,DATA NOT AVAILABLE
dark-web,https://hackita.it/articoli/dark-web/,Dark-Web-Cos-Come-Entrare-e-Come-Funziona-.md,"Dark Web: Cos’è, Come Entrare e Come Funziona | Hackita",55,"Dark Web: Cos’è, Come Entrare e Come Funziona",1,"Cos'è il dark web, la differenza con deep web e Tor, l'economia criminale che ci circola davvero e cosa c'è di vero nelle leggende come le Red Room.",148,dark web,Dark Web,tutorial/how-to,DATA NOT AVAILABLE (needs live SERP),guides-resources,3368,0,3,0,1,True,1,True,review: lead could be more answer-first,retrievable: self-contained,citations present,none detected on-page,Add a 2-3 sentence answer-first lead naming the entity,P2,medium,medium,DATA NOT AVAILABLE,DATA NOT AVAILABLE,DATA NOT AVAILABLE
database-privilege-escalation,https://hackita.it/articoli/database-privilege-escalation/,Database-Privilege-Escalation-da-Accesso-DB-a-RCE.md,Database Privilege Escalation: da Accesso DB a RCE | Hackita,60,Database Privilege Escalation: da Accesso DB a RCE,1,"Guida alla database privilege escalation. Pentest per MSSQL, MySQL, PostgreSQL e Oracle: enumera i privilegi e passa dall’accesso al database alla RCE.",151,database privilege escalation,Database Privilege Escalation,informational/educational,DATA NOT AVAILABLE (needs live SERP),guides-resources,3025,143,10,3,5,True,2,True,ok: has a substantive lead,retrievable: self-contained,citations present,none detected on-page,Make the first body heading a real section (not a title echo),P3,low,medium,DATA NOT AVAILABLE,DATA NOT AVAILABLE,DATA NOT AVAILABLE
database-security,https://hackita.it/articoli/database-security/,Database-Security-Hardening-Misconfigurazioni-e-Pentest.md,"Database Security: Hardening, Misconfigurazioni e Pentest | Hackita",67,"Database Security: Hardening, Misconfigurazioni e Pentest",1,"Database security per pentester e defender: misconfigurazioni, credenziali deboli, servizi esposti e hardening di MSSQL, MySQL e PostgreSQL.
",141,database security,Database Security,informational/educational,DATA NOT AVAILABLE (needs live SERP),guides-resources,3652,123,7,1,10,True,2,True,ok: has a substantive lead,retrievable: self-contained,citations present,none detected on-page,Add a 2-3 sentence answer-first lead naming the entity,P2,medium,medium,DATA NOT AVAILABLE,DATA NOT AVAILABLE,DATA NOT AVAILABLE
dcomexec,https://hackita.it/articoli/dcomexec/,dcomexecpy---Lateral-Movement-via-DCOM-con-Impacket.md,dcomexec.py - Lateral Movement via DCOM con Impacket | Hackita,62,dcomexec.py - Lateral Movement via DCOM con Impacket,1,"Guida operativa a impacket-dcomexec: esecuzione remota su Windows via DCOM con ShellWindows, ShellBrowserWindow e MMC20 usando password o hash NTLM.",148,dcomexec py lateral movement via dcom con impacket,dcomexec.py - Lateral Movement via DCOM con Impacket,tool-oriented/how-to,DATA NOT AVAILABLE (needs live SERP),tools,2015,156,8,2,3,True,2,True,ok: has a substantive lead,retrievable: self-contained,citations present,none detected on-page,Make the first body heading a real section (not a title echo),P3,low,medium,DATA NOT AVAILABLE,DATA NOT AVAILABLE,DATA NOT AVAILABLE
dcsync,https://hackita.it/articoli/dcsync/,DCSync-Dump-delle-Credenziali-Active-Directory-via-Replication-Abuse.md,DCSync: Dump delle Credenziali Active Directory via Replication Abuse | Hackita,79,DCSync: Dump delle Credenziali Active Directory via Replication Abuse,1,DCSync è una tecnica di Active Directory che permette di estrarre hash delle credenziali abusando del meccanismo di replica del dominio. Utilizzata in …,152,dcsync,DCSync,informational/educational,DATA NOT AVAILABLE (needs live SERP),windows,2980,138,6,38,0,True,2,True,ok: has a substantive lead,retrievable: self-contained,weak: no external primary sources,none detected on-page,"Shorten title to ~60 chars, primary keyword first",P1,high,medium,DATA NOT AVAILABLE,DATA NOT AVAILABLE,DATA NOT AVAILABLE
ddos,https://hackita.it/articoli/ddos/,DDoS-cos-come-funziona-e-come-testare-le-difese.md,"DDoS: cos’è, come funziona e come testare le difese | Hackita",61,"DDoS: cos’è, come funziona e come testare le difese",1,"Cos'è un attacco DDoS e come funziona? Scopri tipi di DDoS, tecniche di attacco, test autorizzati e come verificare l'efficacia delle difese.",141,ddos,DDoS,tutorial/how-to,DATA NOT AVAILABLE (needs live SERP),networking,2248,83,3,1,5,True,1,True,ok: has a substantive lead,retrievable: self-contained,citations present,none detected on-page,Make the first body heading a real section (not a title echo),P3,low,medium,DATA NOT AVAILABLE,DATA NOT AVAILABLE,DATA NOT AVAILABLE
deserialization-attack,https://hackita.it/articoli/deserialization-attack/,Deserialization-Attack-Cos-Come-Si-Trova-e-Come-Porta-a-RCE.md,"Deserialization Attack: Cos'è, Come Si Trova e Come Porta a RCE | Hackita",73,"Deserialization Attack: Cos'è, Come Si Trova e Come Porta a RCE",1,"Deserialization attack spiegato dall'inizio: cos'è la serializzazione, perché è pericolosa, come si exploita in PHP, Java, Python e .NET con ysoserial e phpggc. …",162,deserialization attack,Deserialization Attack,informational/service-enumeration,DATA NOT AVAILABLE (needs live SERP),web-hacking,3665,0,0,4,5,True,2,True,opportunity: add an answer-first definition paragraph,retrievable: self-contained,citations present,none detected on-page,"Shorten title to ~60 chars, primary keyword first",P1,high,medium,DATA NOT AVAILABLE,DATA NOT AVAILABLE,DATA NOT AVAILABLE
dhcp,https://hackita.it/articoli/dhcp/,DHCP-Cos-Come-Funziona-e-Come-Sfruttarlo-in-un-Pentest.md,"DHCP: Cos’è, Come Funziona e Come Sfruttarlo in un Pentest | Hackita",68,"DHCP: Cos’è, Come Funziona e Come Sfruttarlo in un Pentest",1,"Scopri cos’è DHCP, come funziona il processo DORA e come sfruttarlo in un pentest: starvation, rogue DHCP server, WPAD injection, option 121 e difese reali.",156,dhcp,DHCP,tutorial/how-to,DATA NOT AVAILABLE (needs live SERP),networking,2422,58,9,5,1,True,2,True,ok: has a substantive lead,retrievable: self-contained,citations present,none detected on-page,NO MAJOR ACTION REQUIRED,P3,low,none,DATA NOT AVAILABLE,DATA NOT AVAILABLE,DATA NOT AVAILABLE
diamond-ticket,https://hackita.it/articoli/diamond-ticket/,Diamond-Ticket-Attack-LEvoluzione-Stealth-del-Golden-Ticket.md,Diamond Ticket Attack: L'Evoluzione Stealth del Golden Ticket | Hackita,71,Diamond Ticket Attack: L'Evoluzione Stealth del Golden Ticket,1,"Diamond Ticket: variante stealth del Golden Ticket con TGT reale per bypassare MDI. Guida Rubeus /ldap /opsec, Impacket, detection e reset krbtgt.",146,diamond ticket attack,Diamond Ticket Attack,informational/educational,DATA NOT AVAILABLE (needs live SERP),windows,4856,47,12,3,14,True,2,True,ok: has a substantive lead,retrievable: self-contained,citations present,none detected on-page,"Shorten title to ~60 chars, primary keyword first",P2,medium,medium,DATA NOT AVAILABLE,DATA NOT AVAILABLE,DATA NOT AVAILABLE
dirbuster,https://hackita.it/articoli/dirbuster/,DirBuster-su-Kali-directory-brute-force-con-GUI-e-wordlist.md,DirBuster su Kali: directory brute force con GUI e wordlist | Hackita,69,DirBuster su Kali: directory brute force con GUI e wordlist,1,"Usa DirBuster su Kali per trovare directory e file nascosti: configurazione GUI e headless, wordlist, ricorsione, soft-404 e confronto con ffuf e feroxbuster.",158,dirbuster su kali,DirBuster su Kali,tool-oriented/how-to,DATA NOT AVAILABLE (needs live SERP),tools,2177,0,8,2,2,True,2,True,review: lead could be more answer-first,retrievable: self-contained,citations present,none detected on-page,Add a 2-3 sentence answer-first lead naming the entity,P2,medium,medium,DATA NOT AVAILABLE,DATA NOT AVAILABLE,DATA NOT AVAILABLE
dirsearch,https://hackita.it/articoli/dirsearch/,Dirsearch-Directory-e-File-Enumeration-per-Web-Application-Testing.md,Dirsearch: Directory e File Enumeration per Web Application Testing | Hackita,77,Dirsearch: Directory e File Enumeration per Web Application Testing,1,Dirsearch è uno strumento per enumerare directory e file nascosti su applicazioni web tramite wordlist personalizzate. Guida pratica all’uso in fase di web …,157,dirsearch,Dirsearch,informational/educational,DATA NOT AVAILABLE (needs live SERP),web-hacking,2265,142,8,6,1,True,2,True,ok: has a substantive lead,retrievable: self-contained,citations present,none detected on-page,"Shorten title to ~60 chars, primary keyword first",P2,medium,low,DATA NOT AVAILABLE,DATA NOT AVAILABLE,DATA NOT AVAILABLE
dns,https://hackita.it/articoli/dns/,DNS-Cos-Come-Funziona-e-Come-Sfruttarlo-in-un-Pentest.md,"DNS: Cos’è, Come Funziona e Come Sfruttarlo in un Pentest | Hackita",67,"DNS: Cos’è, Come Funziona e Come Sfruttarlo in un Pentest",1,"Scopri cos’è il DNS, come funziona la risoluzione dei nomi e come sfruttarlo in un pentest: zone transfer, subdomain enumeration, cache poisoning, tunneling e …",160,dns,DNS,tutorial/how-to,DATA NOT AVAILABLE (needs live SERP),networking,2680,58,9,20,1,True,2,True,ok: has a substantive lead,retrievable: self-contained,citations present,none detected on-page,NO MAJOR ACTION REQUIRED,P3,low,none,DATA NOT AVAILABLE,DATA NOT AVAILABLE,DATA NOT AVAILABLE
dom-xss,https://hackita.it/articoli/dom-xss/,DOM-XSS-Cos-e-come-trovare-source-e-sink-nascosti-nel-JavaScript.md,DOM XSS: Cos'è e come trovare source e sink nascosti nel JavaScript | Hackita,77,DOM XSS: Cos'è e come trovare source e sink nascosti nel JavaScript,1,"Guida pratica al DOM XSS: source, sink, location.hash, innerHTML, eval, postMessage, DOM Invader, SPA React/Vue/Angular e analisi client-side nel pentest.",154,dom xss,DOM XSS,tutorial/how-to,DATA NOT AVAILABLE (needs live SERP),web-hacking,1253,79,1,4,0,True,2,True,ok: has a substantive lead,retrievable: self-contained,weak: no external primary sources,none detected on-page,"Shorten title to ~60 chars, primary keyword first",P1,high,medium,DATA NOT AVAILABLE,DATA NOT AVAILABLE,DATA NOT AVAILABLE
dpapi,https://hackita.it/articoli/dpapi/,DPAPI-Attack-in-Active-Directory-Estrarre-Password-Cifrate-e-Masterkey.md,DPAPI Attack in Active Directory: Estrarre Password Cifrate e Masterkey | Hackita,81,DPAPI Attack in Active Directory: Estrarre Password Cifrate e Masterkey,1,"Guida completa su DPAPI in un pentest Active Directory: masterkey, credential files, Chrome/Edge offline con pypykatz, LSASS dump LOLBin, DSInternals e DonPAPI.",160,dpapi attack in active directory,DPAPI Attack in Active Directory,informational/educational,DATA NOT AVAILABLE (needs live SERP),windows,3371,81,1,9,6,True,2,True,ok: has a substantive lead,retrievable: self-contained,citations present,none detected on-page,"Shorten title to ~60 chars, primary keyword first",P2,medium,medium,DATA NOT AVAILABLE,DATA NOT AVAILABLE,DATA NOT AVAILABLE
dradis-reporting,https://hackita.it/articoli/dradis-reporting/,Dradis-Framework-Reporting-Findings-e-Automazione-del-Pentest.md,"Dradis Framework: Reporting, Findings e Automazione del Pentest | Hackita",73,"Dradis Framework: Reporting, Findings e Automazione del Pentest",1,"Scopri Dradis Framework: importa findings da Nessus, Nmap e Burp, organizza le evidenze e genera report di pentest coerenti. Guida pratica.",139,dradis framework,Dradis Framework,tool-oriented/how-to,DATA NOT AVAILABLE (needs live SERP),tools,1514,121,2,1,2,True,1,True,ok: has a substantive lead,retrievable: self-contained,citations present,none detected on-page,"Shorten title to ~60 chars, primary keyword first",P2,medium,medium,DATA NOT AVAILABLE,DATA NOT AVAILABLE,DATA NOT AVAILABLE
empire,https://hackita.it/articoli/empire/,Empire-framework-C2-post-exploitation-per-red-team-operation.md,Empire: framework C2 post-exploitation per red team operation | Hackita,71,Empire: framework C2 post-exploitation per red team operation,1,"Empire 5.0 guida completa a C2 PowerShell: stager, AMSI bypass, post-exploitation, lateral movement e tecniche di evasion. Cheat sheet inclusa.",143,empire,Empire,tool-oriented/how-to,DATA NOT AVAILABLE (needs live SERP),tools,2901,124,8,2,1,True,2,True,ok: has a substantive lead,retrievable: self-contained,citations present,none detected on-page,"Shorten title to ~60 chars, primary keyword first",P2,medium,low,DATA NOT AVAILABLE,DATA NOT AVAILABLE,DATA NOT AVAILABLE
enum4linux-ng,https://hackita.it/articoli/enum4linux-ng/,Enum4linux-ng-enumerazione-avanzata-su-reti-Windows.md,enum4linux-ng: Enumerazione SMB e Active Directory | Hackita,60,enum4linux-ng: Enumerazione SMB e Active Directory,1,"Guida completa a enum4linux-ng per l'enumerazione SMB e Active Directory: utenti, gruppi, share, policy, SID/RID, autenticazione e comandi pratici.",147,enum4linux ng,enum4linux-ng,tool-oriented/how-to,DATA NOT AVAILABLE (needs live SERP),tools,1599,68,5,6,1,True,2,True,ok: has a substantive lead,retrievable: self-contained,citations present,none detected on-page,NO MAJOR ACTION REQUIRED,P2,medium,medium,DATA NOT AVAILABLE,DATA NOT AVAILABLE,DATA NOT AVAILABLE
enumeration,https://hackita.it/articoli/enumeration/,Enumeration-Penetration-Testing-Guida-Reti-AD--Web-.md,"Enumeration Penetration Testing: Guida Reti, AD & Web | Hackita",63,"Enumeration Penetration Testing: Guida Reti, AD & Web",1,"Enumeration offensiva 2026: host discovery, SMB, LDAP, Kerberos, BloodHound, web fuzzing e post-compromise. Da zero a domain admin.",131,enumeration penetration testing,Enumeration Penetration Testing,informational/definition,DATA NOT AVAILABLE (needs live SERP),guides-resources,3176,94,21,12,0,True,2,True,ok: has a substantive lead,retrievable: self-contained,weak: no external primary sources,none detected on-page,Add a 2-3 sentence answer-first lead naming the entity,P2,medium,medium,DATA NOT AVAILABLE,DATA NOT AVAILABLE,DATA NOT AVAILABLE
esc1-adcs,https://hackita.it/articoli/esc1-adcs/,ESC1-ADCS-Privilege-Escalation-Exploit-Active-Directory-con-Certipy.md,ESC1 ADCS Privilege Escalation: Exploit Active Directory con Certipy | Hackita,78,ESC1 ADCS Privilege Escalation: Exploit Active Directory con Certipy,1,ESC1 ADCS Privilege Escalation: come sfruttare certificate template vulnerabili in Active Directory con Certipy. Guida pratica step-by-step per ottenere Domain …,161,esc1 adcs privilege escalation,ESC1 ADCS Privilege Escalation,informational/educational,DATA NOT AVAILABLE (needs live SERP),windows,891,73,5,8,2,True,2,True,ok: has a substantive lead,retrievable: self-contained,citations present,none detected on-page,"Shorten title to ~60 chars, primary keyword first",P2,medium,medium,DATA NOT AVAILABLE,DATA NOT AVAILABLE,DATA NOT AVAILABLE
esc10-adcs,https://hackita.it/articoli/esc10-adcs/,ESC10-ADCS-Privilege-Escalation-tramite-Weak-Certificate-Mapping-Schannel.md,ESC10 ADCS: Privilege Escalation tramite Weak Certificate Mapping Schannel | Hackita,84,ESC10 ADCS: Privilege Escalation tramite Weak Certificate Mapping Schannel,1,ESC10 sfrutta weak certificate mapping in Schannel per impersonare account AD via LDAPS. Guida pratica con Certipy e UPN manipulation.,134,esc10 adcs,ESC10 ADCS,informational/educational,DATA NOT AVAILABLE (needs live SERP),windows,619,114,6,3,3,True,2,True,ok: has a substantive lead,review,citations present,none detected on-page,"Shorten title to ~60 chars, primary keyword first",P2,medium,medium,DATA NOT AVAILABLE,DATA NOT AVAILABLE,DATA NOT AVAILABLE
esc11-adcs,https://hackita.it/articoli/esc11-adcs/,ESC11-ADCS-NTLM-Relay-verso-RPC-Enrollment-della-Certificate-Authority.md,ESC11 ADCS: NTLM Relay verso RPC Enrollment della Certificate Authority | Hackita,81,ESC11 ADCS: NTLM Relay verso RPC Enrollment della Certificate Authority,1,ESC11 sfrutta NTLM relay verso l’interfaccia RPC di AD CS quando la CA non richiede encryption. Guida pratica con Certipy per ottenere certificati privilegiati.,160,esc11 adcs,ESC11 ADCS,informational/educational,DATA NOT AVAILABLE (needs live SERP),windows,645,151,6,3,3,True,2,True,ok: has a substantive lead,review,citations present,none detected on-page,"Shorten title to ~60 chars, primary keyword first",P2,medium,medium,DATA NOT AVAILABLE,DATA NOT AVAILABLE,DATA NOT AVAILABLE
esc12-adcs,https://hackita.it/articoli/esc12-adcs/,ESC12-ADCS-Compromissione-della-CA-tramite-YubiHSM2.md,ESC12 ADCS: Compromissione della CA tramite YubiHSM2 | Hackita,62,ESC12 ADCS: Compromissione della CA tramite YubiHSM2,1,"ESC12 riguarda vulnerabilità nello stack YubiHSM2 usato da AD CS. Se la chiave privata della CA viene compromessa, un attaccante può forgiare Golden …",150,esc12 adcs,ESC12 ADCS,informational/educational,DATA NOT AVAILABLE (needs live SERP),windows,753,196,7,4,4,True,2,True,ok: has a substantive lead,review,citations present,none detected on-page,Add a 2-3 sentence answer-first lead naming the entity,P2,medium,medium,DATA NOT AVAILABLE,DATA NOT AVAILABLE,DATA NOT AVAILABLE
esc13-adcs,https://hackita.it/articoli/esc13-adcs/,ESC13-ADCS-Privilege-Escalation-tramite-Issuance-Policy-OID.md,ESC13 ADCS: Privilege Escalation tramite Issuance Policy OID | Hackita,70,ESC13 ADCS: Privilege Escalation tramite Issuance Policy OID,1,ESC13 sfrutta Issuance Policy OID collegati a gruppi Active Directory. Un certificato può aggiungere SID privilegiati al TGT Kerberos e portare a Domain Admin.,159,esc13 adcs,ESC13 ADCS,informational/educational,DATA NOT AVAILABLE (needs live SERP),windows,686,162,5,6,2,True,2,True,ok: has a substantive lead,review,citations present,none detected on-page,Add a 2-3 sentence answer-first lead naming the entity,P2,medium,medium,DATA NOT AVAILABLE,DATA NOT AVAILABLE,DATA NOT AVAILABLE
esc16-adcs,https://hackita.it/articoli/esc16-adcs/,ESC16-ADCS-CA-con-SID-Security-Extension-Disabilitata.md,ESC16 ADCS: CA con SID Security Extension Disabilitata | Hackita,64,ESC16 ADCS: CA con SID Security Extension Disabilitata,1,ESC16 sfrutta una CA configurata per non includere la SID Security Extension nei certificati. Questo indebolisce il certificate mapping e può permettere …,154,esc16 adcs,ESC16 ADCS,informational/educational,DATA NOT AVAILABLE (needs live SERP),windows,733,111,3,6,2,True,2,True,ok: has a substantive lead,review,citations present,none detected on-page,Add a 2-3 sentence answer-first lead naming the entity,P2,medium,medium,DATA NOT AVAILABLE,DATA NOT AVAILABLE,DATA NOT AVAILABLE
esc17-adcs,https://hackita.it/articoli/esc17-adcs/,ESC17-ADCS-attacco-MITM-ai-client-WSUS-su-HTTPS.md,ESC17 ADCS: attacco MITM ai client WSUS su HTTPS | Hackita,58,ESC17 ADCS: attacco MITM ai client WSUS su HTTPS,1,"ESC17 ADCS sfrutta SAN controllabili per impersonare WSUS su HTTPS. Scopri richiesta del certificato con Certipy, MITM con wsuks, privesc e detection.",150,esc17 adcs,ESC17 ADCS,informational/educational,DATA NOT AVAILABLE (needs live SERP),windows,2237,126,5,1,1,True,2,True,ok: has a substantive lead,retrievable: self-contained,citations present,none detected on-page,Make the first body heading a real section (not a title echo),P3,low,medium,DATA NOT AVAILABLE,DATA NOT AVAILABLE,DATA NOT AVAILABLE
esc2-adcs,https://hackita.it/articoli/esc2-adcs/,ESC2-ADCS-Privilege-Escalation-Exploit-Active-Directory-con-Certipy.md,ESC2 ADCS Privilege Escalation: Exploit Active Directory con Certipy | Hackita,78,ESC2 ADCS Privilege Escalation: Exploit Active Directory con Certipy,1,ESC2 ADCS Privilege Escalation: sfruttare template con EKU Any Purpose o senza EKU per ottenere Enrollment Agent e Domain Admin con Certipy.,140,esc2 adcs privilege escalation,ESC2 ADCS Privilege Escalation,informational/educational,DATA NOT AVAILABLE (needs live SERP),windows,631,79,5,4,2,True,2,True,ok: has a substantive lead,review,citations present,none detected on-page,"Shorten title to ~60 chars, primary keyword first",P2,medium,medium,DATA NOT AVAILABLE,DATA NOT AVAILABLE,DATA NOT AVAILABLE
esc3-adcs,https://hackita.it/articoli/esc3-adcs/,ESC3-ADCS-Privilege-Escalation-Exploit-Active-Directory-con-Certipy.md,ESC3 ADCS Privilege Escalation: Exploit Active Directory con Certipy | Hackita,78,ESC3 ADCS Privilege Escalation: Exploit Active Directory con Certipy,1,ESC3 ADCS Privilege Escalation: sfruttare template con EKU Certificate Request Agent per richiedere certificati on-behalf-of e ottenere Domain Admin con …,154,esc3 adcs privilege escalation,ESC3 ADCS Privilege Escalation,informational/educational,DATA NOT AVAILABLE (needs live SERP),windows,581,63,5,5,2,True,2,True,ok: has a substantive lead,review,citations present,none detected on-page,"Shorten title to ~60 chars, primary keyword first",P2,medium,medium,DATA NOT AVAILABLE,DATA NOT AVAILABLE,DATA NOT AVAILABLE
esc4-adcs,https://hackita.it/articoli/esc4-adcs/,ESC4-ADCS-Privilege-Escalation-Template-Hijacking-con-Certipy.md,ESC4 ADCS Privilege Escalation: Template Hijacking con Certipy | Hackita,72,ESC4 ADCS Privilege Escalation: Template Hijacking con Certipy,1,ESC4 ADCS Privilege Escalation: sfruttare ACL deboli sui certificate template Active Directory per trasformarli in ESC1 e ottenere Domain Admin con Certipy.,156,esc4 adcs privilege escalation,ESC4 ADCS Privilege Escalation,informational/educational,DATA NOT AVAILABLE (needs live SERP),windows,1477,0,2,8,2,True,2,True,review: lead could be more answer-first,retrievable: self-contained,citations present,none detected on-page,"Shorten title to ~60 chars, primary keyword first",P1,high,medium,DATA NOT AVAILABLE,DATA NOT AVAILABLE,DATA NOT AVAILABLE
esc5-adcs,https://hackita.it/articoli/esc5-adcs/,ESC5-ADCS-Privilege-Escalation-Golden-Certificate-e-CA-Compromise-con-Certipy.md,ESC5 ADCS Privilege Escalation: Golden Certificate e CA Compromise con Certipy | Hackita,88,ESC5 ADCS Privilege Escalation: Golden Certificate e CA Compromise con Certipy,1,ESC5 ADCS Privilege Escalation: compromettere la PKI Active Directory e forgiare Golden Certificate tramite la chiave privata della CA usando Certipy.,150,esc5 adcs privilege escalation,ESC5 ADCS Privilege Escalation,informational/educational,DATA NOT AVAILABLE (needs live SERP),windows,558,46,5,4,2,True,2,True,ok: has a substantive lead,review,citations present,none detected on-page,"Shorten title to ~60 chars, primary keyword first",P2,medium,medium,DATA NOT AVAILABLE,DATA NOT AVAILABLE,DATA NOT AVAILABLE
esc6-adcs,https://hackita.it/articoli/esc6-adcs/,ESC6-ADCS-Privilege-Escalation-SAN-Injection-tramite-CA-Flag-Certipy-Exploit.md,ESC6 ADCS Privilege Escalation: SAN Injection tramite CA Flag (Certipy Exploit) | Hackita,89,ESC6 ADCS Privilege Escalation: SAN Injection tramite CA Flag (Certipy Exploit),1,ESC6 ADCS Privilege Escalation: sfruttare il flag EDITF_ATTRIBUTESUBJECTALTNAME2 sulla CA per iniettare SAN arbitrari e impersonare utenti Active Directory con …,161,esc6 adcs privilege escalation,ESC6 ADCS Privilege Escalation,informational/educational,DATA NOT AVAILABLE (needs live SERP),windows,687,105,8,5,3,True,2,True,ok: has a substantive lead,review,citations present,none detected on-page,"Shorten title to ~60 chars, primary keyword first",P2,medium,low,DATA NOT AVAILABLE,DATA NOT AVAILABLE,DATA NOT AVAILABLE
esc7-adcs,https://hackita.it/articoli/esc7-adcs/,ESC7-ADCS-Privilege-Escalation-Tramite-Manage-CA-su-Active-Directory.md,ESC7 ADCS: Privilege Escalation Tramite Manage CA su Active Directory | Hackita,79,ESC7 ADCS: Privilege Escalation Tramite Manage CA su Active Directory,1,ESC7 su AD CS permette privilege escalation abusando dei permessi Manage CA e Manage Certificates. Guida pratica con Certipy per ottenere certificati …,151,esc7 adcs,ESC7 ADCS,informational/educational,DATA NOT AVAILABLE (needs live SERP),windows,686,139,6,6,3,True,2,True,ok: has a substantive lead,review,citations present,none detected on-page,"Shorten title to ~60 chars, primary keyword first",P2,medium,medium,DATA NOT AVAILABLE,DATA NOT AVAILABLE,DATA NOT AVAILABLE
esc8-adcs,https://hackita.it/articoli/esc8-adcs/,ESC8-ADCS-NTLM-Relay-contro-Web-Enrollment-per-Domain-Admin.md,ESC8 ADCS: NTLM Relay contro Web Enrollment per Domain Admin | Hackita,70,ESC8 ADCS: NTLM Relay contro Web Enrollment per Domain Admin,1,"ESC8 privilege escalation, sfrutta NTLM Relay contro gli endpoint /certsrv/ di AD CS per ottenere certificati privilegiati. Guida pratica con Certipy e coercion …",162,esc8 adcs,ESC8 ADCS,informational/educational,DATA NOT AVAILABLE (needs live SERP),windows,914,154,4,9,3,True,2,True,ok: has a substantive lead,retrievable: self-contained,citations present,none detected on-page,Add a 2-3 sentence answer-first lead naming the entity,P2,medium,medium,DATA NOT AVAILABLE,DATA NOT AVAILABLE,DATA NOT AVAILABLE
esc9-adcs,https://hackita.it/articoli/esc9-adcs/,ESC9-ADCS-Privilege-Escalation-tramite-Template-senza-SID-Security-Extension.md,ESC9 ADCS: Privilege Escalation tramite Template senza SID Security Extension | Hackita,87,ESC9 ADCS: Privilege Escalation tramite Template senza SID Security Extension,1,ESC9 sfrutta template AD CS senza SID Security Extension per impersonare utenti privilegiati. Guida pratica con Certipy e UPN manipulation.,139,esc9 adcs,ESC9 ADCS,informational/educational,DATA NOT AVAILABLE (needs live SERP),windows,2983,0,0,8,2,True,2,True,review: lead could be more answer-first,retrievable: self-contained,citations present,none detected on-page,"Shorten title to ~60 chars, primary keyword first",P1,high,medium,DATA NOT AVAILABLE,DATA NOT AVAILABLE,DATA NOT AVAILABLE
ethernet-ieee-802-3,https://hackita.it/articoli/ethernet-ieee-802-3/,Ethernet-IEEE-8023-Cos-Come-Funziona-e-Come-Sfruttarlo-in-un-Pentest.md,"Ethernet (IEEE 802.3): Cos’è, Come Funziona e Come Sfruttarlo in un Pentest | Hackita",85,"Ethernet (IEEE 802.3): Cos’è, Come Funziona e Come Sfruttarlo in un Pentest",1,"Scopri cos’è Ethernet, come funziona un frame 802.3 e perché è fondamentale nel pentesting: MAC address, switch, CAM table overflow, sniffing, spoofing e …",155,ethernet,Ethernet,tutorial/how-to,DATA NOT AVAILABLE (needs live SERP),networking,2048,98,7,10,1,True,2,True,ok: has a substantive lead,retrievable: self-contained,citations present,none detected on-page,"Shorten title to ~60 chars, primary keyword first",P2,medium,low,DATA NOT AVAILABLE,DATA NOT AVAILABLE,DATA NOT AVAILABLE
ethical-hacker,https://hackita.it/articoli/ethical-hacker/,Ethical-Hacker-Chi---Cosa-Fa-e-Quanto-Guadagna.md,"Ethical Hacker: Chi è , Cosa Fa e Quanto Guadagna | Hackita",59,"Ethical Hacker: Chi è , Cosa Fa e Quanto Guadagna",1,"Chi è un ethical hacker, cosa fa ogni giorno, quali competenze e strumenti usa, quanto guadagna in Italia e come diventarlo passo dopo passo.",141,ethical hacker,Ethical Hacker,informational/definition,DATA NOT AVAILABLE (needs live SERP),guides-resources,1054,64,8,2,1,True,1,True,ok: has a substantive lead,retrievable: self-contained,citations present,none detected on-page,Make the first body heading a real section (not a title echo),P3,low,medium,DATA NOT AVAILABLE,DATA NOT AVAILABLE,DATA NOT AVAILABLE
ettercap,https://hackita.it/articoli/ettercap/,Ettercap-Intercettare-Manipolare-e-Snoopare-il-Traffico-di-Rete-con-Facilit.md,"Ettercap: Tutorial MITM, ARP Spoofing e Sniffing su Kali Linux | Hackita",72,"Ettercap: Tutorial MITM, ARP Spoofing e Sniffing su Kali Linux",1,"Cos'è Ettercap e come funziona? Guida pratica a MITM, ARP spoofing e sniffing su Kali Linux, con installazione, filtri, packet capture e comandi.",145,ettercap,Ettercap,tool-oriented/how-to,DATA NOT AVAILABLE (needs live SERP),tools,1919,0,4,2,2,True,2,True,review: lead could be more answer-first,retrievable: self-contained,citations present,none detected on-page,"Shorten title to ~60 chars, primary keyword first",P1,high,medium,DATA NOT AVAILABLE,DATA NOT AVAILABLE,DATA NOT AVAILABLE
evilginx2,https://hackita.it/articoli/evilginx2/,Evilginx2-Bypass-2FA-con-Phishing-Proxy-Man-in-the-Middle.md,Evilginx2: Bypass 2FA con Phishing Proxy Man-in-the-Middle | Hackita,68,Evilginx2: Bypass 2FA con Phishing Proxy Man-in-the-Middle,1,"Guida pratica Evilginx2 per bypass autenticazione 2FA: man-in-the-middle phishing, session hijacking e credential theft. Attacchi avanzati contro MFA.",150,evilginx2,Evilginx2,tool-oriented/how-to,DATA NOT AVAILABLE (needs live SERP),tools,1369,64,7,10,2,True,2,True,ok: has a substantive lead,retrievable: self-contained,citations present,none detected on-page,NO MAJOR ACTION REQUIRED,P3,low,none,DATA NOT AVAILABLE,DATA NOT AVAILABLE,DATA NOT AVAILABLE
evilginx3-aitm-mfa-bypass,https://hackita.it/articoli/evilginx3-aitm-mfa-bypass/,Evilginx-3-AiTM-Phishing-and-MFA-Bypass-for-Red-Teams.md,Evilginx 3: AiTM Phishing and MFA Bypass for Red Teams | Hackita,64,Evilginx 3: AiTM Phishing and MFA Bypass for Red Teams,1,"Learn how Evilginx 3 enables AiTM phishing, captures post-MFA cookies, and helps red teams understand MFA-bypass risks in Microsoft 365.",136,evilginx 3,Evilginx 3,informational/educational,DATA NOT AVAILABLE (needs live SERP),web-hacking,4047,118,7,3,5,True,2,True,ok: has a substantive lead,retrievable: self-contained,citations present,none detected on-page,Make the first body heading a real section (not a title echo),P3,low,medium,DATA NOT AVAILABLE,DATA NOT AVAILABLE,DATA NOT AVAILABLE
evilwinrm,https://hackita.it/articoli/evilwinrm/,Evil-WinRM-Accesso-Remoto-e-Post-Exploitation-su-Windows-via-WinRM.md,Evil-WinRM: Accesso Remoto e Post-Exploitation su Windows via WinRM | Hackita,77,Evil-WinRM: Accesso Remoto e Post-Exploitation su Windows via WinRM,1,"Evil-WinRM: shell PowerShell remota via WinRM per post-exploitation Windows. Pass-the-hash, Kerberos ticket, AMSI bypass, in-memory execution .NET assembly per …",161,evil winrm,Evil-WinRM,tool-oriented/how-to,DATA NOT AVAILABLE (needs live SERP),tools,3980,150,2,9,2,True,2,True,ok: has a substantive lead,retrievable: self-contained,citations present,none detected on-page,"Shorten title to ~60 chars, primary keyword first",P2,medium,low,DATA NOT AVAILABLE,DATA NOT AVAILABLE,DATA NOT AVAILABLE
exploitdb,https://hackita.it/articoli/exploitdb/,Exploit-DB-Database-di-Exploit-e-PoC-per-Penetration-Testing.md,Exploit-DB: Database di Exploit e PoC per Penetration Testing | Hackita,71,Exploit-DB: Database di Exploit e PoC per Penetration Testing,1,"Exploit-DB è il database pubblico di exploit e proof-of-concept per ricerca vulnerabilità e penetration test. Ricerca per CVE, software e platform.",147,exploit db,Exploit-DB,informational/educational,DATA NOT AVAILABLE (needs live SERP),guides-resources,3491,163,6,13,0,True,2,True,ok: has a substantive lead,retrievable: self-contained,weak: no external primary sources,none detected on-page,"Shorten title to ~60 chars, primary keyword first",P1,high,medium,DATA NOT AVAILABLE,DATA NOT AVAILABLE,DATA NOT AVAILABLE
expression-language-injection,https://hackita.it/articoli/expression-language-injection/,Expression-Language-Injection-EL-SpEL-OGNL-MVEL-e-RCE-Java.md,"Expression Language Injection (EL): SpEL, OGNL ,MVEL e RCE Java | Hackita",73,"Expression Language Injection (EL): SpEL, OGNL ,MVEL e RCE Java",1,"Scopri cos’è la Expression Language Injection e come sfruttarla nelle app Java: SpEL, OGNL, Spring, Struts2, RCE e casi reali come Equifax.",139,expression language injection,Expression Language Injection,informational/educational,DATA NOT AVAILABLE (needs live SERP),web-hacking,2594,132,3,2,0,True,2,True,ok: has a substantive lead,retrievable: self-contained,weak: no external primary sources,none detected on-page,"Shorten title to ~60 chars, primary keyword first",P1,high,medium,DATA NOT AVAILABLE,DATA NOT AVAILABLE,DATA NOT AVAILABLE
eyewitness,https://hackita.it/articoli/eyewitness/,Eyewitness-Visual-Recon-e-Screenshot-Automation-per-Triage-Web-su-larga-scala.md,Eyewitness: Visual Recon e Screenshot Automation per Triage Web su larga scala | Hackita,88,Eyewitness: Visual Recon e Screenshot Automation per Triage Web su larga scala,1,Eyewitness automatizza screenshot e analisi di servizi web e RDP. Visual recon rapida per identificare pannelli admin e superfici d’attacco esposte.,148,eyewitness,Eyewitness,informational/educational,DATA NOT AVAILABLE (needs live SERP),web-hacking,1292,199,5,1,1,True,2,True,ok: has a substantive lead,retrievable: self-contained,citations present,none detected on-page,"Shorten title to ~60 chars, primary keyword first",P2,medium,low,DATA NOT AVAILABLE,DATA NOT AVAILABLE,DATA NOT AVAILABLE
fail2ban,https://hackita.it/articoli/fail2ban/,Porta-873-Rsync-moduli-anonimi-backup-esposti-e-file-sensibili-su-LinuxUnix.md,Fail2Ban Privilege Escalation: Exploit Linux per Ottenere Root | Hackita,72,Fail2Ban Privilege Escalation: Exploit Linux per Ottenere Root,1,"Scopri come sfruttare una misconfigurazione di Fail2Ban ,cos'è e come ottenere root su Linux: enumerazione, exploit, trigger del ban, detection e hardening.",156,fail2ban privilege escalation,Fail2Ban Privilege Escalation,informational/educational,DATA NOT AVAILABLE (needs live SERP),linux,773,27,4,1,0,True,2,True,review: lead could be more answer-first,review,weak: no external primary sources,none detected on-page,"Shorten title to ~60 chars, primary keyword first",P1,high,medium,DATA NOT AVAILABLE,DATA NOT AVAILABLE,DATA NOT AVAILABLE
feroxbuster,https://hackita.it/articoli/feroxbuster/,Feroxbuster-Directory-Bruteforcing-Veloce-e-Ricorsivo-per-Web-Hacking.md,Feroxbuster: Directory Bruteforcing Veloce e Ricorsivo per Web Hacking | Hackita,80,Feroxbuster: Directory Bruteforcing Veloce e Ricorsivo per Web Hacking,1,"Feroxbuster è uno strumento ad alte prestazioni per directory e content discovery. Bruteforce ricorsivo, multi-thread e supporto proxy per test web avanzati.",157,feroxbuster,Feroxbuster,informational/educational,DATA NOT AVAILABLE (needs live SERP),web-hacking,3770,23,4,4,3,True,2,True,review: lead could be more answer-first,retrievable: self-contained,citations present,none detected on-page,"Shorten title to ~60 chars, primary keyword first",P1,high,medium,DATA NOT AVAILABLE,DATA NOT AVAILABLE,DATA NOT AVAILABLE
ffuf,https://hackita.it/articoli/ffuf/,FFUF-Guida-al-Web-Fuzzing-per-Directory-VHost-e-API-Pentesting-e-CTF.md,"FFUF: Guida al Web Fuzzing per Directory, VHost e API (Pentesting e CTF) | Hackita",82,"FFUF: Guida al Web Fuzzing per Directory, VHost e API (Pentesting e CTF)",1,"FFUF è un web fuzzer veloce in Go per directory, vhost e API testing. Guida pratica con wordlist, filtri e tecniche da pentest.",127,ffuf,FFUF,informational/definition,DATA NOT AVAILABLE (needs live SERP),tools,2419,72,10,13,1,True,2,True,ok: has a substantive lead,retrievable: self-contained,citations present,none detected on-page,"Shorten title to ~60 chars, primary keyword first",P2,medium,medium,DATA NOT AVAILABLE,DATA NOT AVAILABLE,DATA NOT AVAILABLE
file-path-attacks-guida-completa,https://hackita.it/articoli/file-path-attacks-guida-completa/,File--Path-Attacks-LFI-Upload-e-Path-Traversal.md,"File & Path Attacks: LFI, Upload e Path Traversal | Hackita",59,"File & Path Attacks: LFI, Upload e Path Traversal",1,"Guida ai file & path attacks nel pentesting web: path traversal, LFI, file upload, web shell, Zip Slip, backup exposure e file read.",132,file path attacks,File & Path Attacks,informational/definition,DATA NOT AVAILABLE (needs live SERP),web-hacking,4510,230,14,13,0,True,2,True,ok: has a substantive lead,retrievable: self-contained,weak: no external primary sources,none detected on-page,Add 1-2 primary-source references (CVE/vendor/RFC/MITRE),P2,medium,medium,DATA NOT AVAILABLE,DATA NOT AVAILABLE,DATA NOT AVAILABLE
file-upload-attack,https://hackita.it/articoli/file-upload-attack/,File-Upload-Attack-Bypass-Polyglot-e-Web-Shell.md,"File Upload Attack: Bypass, Polyglot e Web Shell | Hackita",58,"File Upload Attack: Bypass, Polyglot e Web Shell",1,"Scopri come sfruttare un file upload attack nel pentesting web: bypass estensione, Content-Type, magic bytes, polyglot e RCE via web shell.",139,file upload attack,File Upload Attack,informational/educational,DATA NOT AVAILABLE (needs live SERP),web-hacking,3770,206,6,9,0,True,2,True,ok: has a substantive lead,retrievable: self-contained,weak: no external primary sources,none detected on-page,Add 1-2 primary-source references (CVE/vendor/RFC/MITRE),P2,medium,medium,DATA NOT AVAILABLE,DATA NOT AVAILABLE,DATA NOT AVAILABLE
foca,https://hackita.it/articoli/foca/,FOCA-Metadata-Extraction-e-OSINT-su-Documenti-per-Information-Gathering.md,FOCA: Metadata Extraction e OSINT su Documenti per Information Gathering | Hackita,82,FOCA: Metadata Extraction e OSINT su Documenti per Information Gathering,1,"FOCA è uno strumento OSINT per estrarre metadata da documenti pubblici, mappare infrastruttura interna e identificare utenti, server e percorsi esposti.",152,foca,FOCA,informational/educational,DATA NOT AVAILABLE (needs live SERP),web-hacking,3404,95,6,1,1,True,2,True,ok: has a substantive lead,retrievable: self-contained,citations present,none detected on-page,"Shorten title to ~60 chars, primary keyword first",P2,medium,low,DATA NOT AVAILABLE,DATA NOT AVAILABLE,DATA NOT AVAILABLE
ftp-bounce,https://hackita.it/articoli/ftp-bounce/,FTP-Bounce-Attack-cos-come-funziona-e-come-prevenirlo.md,"FTP Bounce Attack: cos’è, come funziona e come prevenirlo | Hackita",67,"FTP Bounce Attack: cos’è, come funziona e come prevenirlo",1,"FTP Bounce Attack: cos’è, come funziona il comando PORT, perché può permettere il port scanning indiretto e come rilevarlo e prevenirlo.",136,ftp bounce attack,FTP Bounce Attack,tutorial/how-to,DATA NOT AVAILABLE (needs live SERP),networking,1498,81,1,2,5,True,2,True,ok: has a substantive lead,retrievable: self-contained,citations present,none detected on-page,Add a 2-3 sentence answer-first lead naming the entity,P2,medium,medium,DATA NOT AVAILABLE,DATA NOT AVAILABLE,DATA NOT AVAILABLE
getadcomputers,https://hackita.it/articoli/getadcomputers/,GetADComputerspy--Enumerare-Computer-Active-Directory-con-Impacket.md,GetADComputers.py — Enumerare Computer Active Directory con Impacket | Hackita,78,GetADComputers.py — Enumerare Computer Active Directory con Impacket,1,"Guida a impacket-GetADComputers per enumerare computer Active Directory via LDAP, -resolveIP ,auth con password, hash NTLM, Kerberos, ccache o chiavi AES.",154,getadcomputers py,GetADComputers.py,tool-oriented/how-to,DATA NOT AVAILABLE (needs live SERP),tools,4348,197,8,1,18,True,2,True,ok: has a substantive lead,retrievable: self-contained,citations present,none detected on-page,"Shorten title to ~60 chars, primary keyword first",P2,medium,medium,DATA NOT AVAILABLE,DATA NOT AVAILABLE,DATA NOT AVAILABLE
getadusers,https://hackita.it/articoli/getadusers/,GetADUserspy-Impacket-Enumerare-Utenti-Active-Directory.md,GetADUsers.py Impacket: Enumerare Utenti Active Directory | Hackita,67,GetADUsers.py Impacket: Enumerare Utenti Active Directory,1,"Guida a GetADUsers.py di Impacket per enumerare utenti Active Directory via LDAP con password, hash NTLM, chiave AES o Kerberos e analizzare pwdLastSet e …",155,getadusers py impacket,GetADUsers.py Impacket,tool-oriented/how-to,DATA NOT AVAILABLE (needs live SERP),tools,1789,121,7,5,2,True,2,True,ok: has a substantive lead,retrievable: self-contained,citations present,none detected on-page,Make the first body heading a real section (not a title echo),P3,low,medium,DATA NOT AVAILABLE,DATA NOT AVAILABLE,DATA NOT AVAILABLE
getcap,https://hackita.it/articoli/getcap/,Getcap-Enumerazione-Linux-Capabilities-per-Privilege-Escalation.md,Getcap: Enumerazione Linux Capabilities per Privilege Escalation | Hackita,74,Getcap: Enumerazione Linux Capabilities per Privilege Escalation,1,Getcap permette di individuare file con Linux capabilities per identificare vettori di privilege escalation senza SUID. Tecnica chiave in post-exploitation.,156,getcap,Getcap,informational/educational,DATA NOT AVAILABLE (needs live SERP),linux,1131,180,5,3,0,True,2,True,ok: has a substantive lead,retrievable: self-contained,weak: no external primary sources,none detected on-page,"Shorten title to ~60 chars, primary keyword first",P1,high,medium,DATA NOT AVAILABLE,DATA NOT AVAILABLE,DATA NOT AVAILABLE
getlapspassword,https://hackita.it/articoli/getlapspassword/,GetLAPSPasswordpy-Recuperare-Password-LAPS-con-Impacket.md,GetLAPSPassword.py: Recuperare Password LAPS con Impacket | Hackita,67,GetLAPSPassword.py: Recuperare Password LAPS con Impacket,1,"Guida a GetLAPSPassword.py di Impacket per recuperare password Legacy LAPS e Windows LAPS cifrate da Active Directory con password, hash NTLM o Kerberos.",153,getlapspassword py,GetLAPSPassword.py,tool-oriented/how-to,DATA NOT AVAILABLE (needs live SERP),tools,2194,61,8,2,3,True,2,True,ok: has a substantive lead,retrievable: self-contained,citations present,none detected on-page,Make the first body heading a real section (not a title echo),P3,low,medium,DATA NOT AVAILABLE,DATA NOT AVAILABLE,DATA NOT AVAILABLE
getnpusers,https://hackita.it/articoli/getnpusers/,GetNPUserspy-AS-REP-Roasting-con-Impacket.md,GetNPUsers.py: AS-REP Roasting con Impacket | Hackita,53,GetNPUsers.py: AS-REP Roasting con Impacket,1,"Guida a GetNPUsers.py di Impacket per trovare account senza pre-autenticazione Kerberos, estrarre hash AS-REP e craccarli offline con Hashcat.",142,getnpusers py,GetNPUsers.py,tool-oriented/how-to,DATA NOT AVAILABLE (needs live SERP),tools,2251,0,11,2,3,True,2,True,review: lead could be more answer-first,retrievable: self-contained,citations present,none detected on-page,Add a 2-3 sentence answer-first lead naming the entity,P2,medium,medium,DATA NOT AVAILABLE,DATA NOT AVAILABLE,DATA NOT AVAILABLE
getst,https://hackita.it/articoli/getst/,getSTpy-Impacket-S4U-RBCD-e-Constrained-Delegation.md,"getST.py Impacket: S4U, RBCD e Constrained Delegation | Hackita",63,"getST.py Impacket: S4U, RBCD e Constrained Delegation",1,"Guida a getST.py di Impacket per ottenere Service Ticket Kerberos con S4U2Self, S4U2Proxy, RBCD e constrained delegation. Payload ed errori per pentest per AD",158,getst py impacket,getST.py Impacket,tool-oriented/how-to,DATA NOT AVAILABLE (needs live SERP),tools,2493,87,9,6,6,True,2,True,ok: has a substantive lead,retrievable: self-contained,citations present,none detected on-page,Make the first body heading a real section (not a title echo),P3,low,medium,DATA NOT AVAILABLE,DATA NOT AVAILABLE,DATA NOT AVAILABLE
gettgt,https://hackita.it/articoli/gettgt/,getTGTpy-Ottenere-un-TGT-Kerberos-con-Hash-o-AES.md,getTGT.py: Ottenere un TGT Kerberos con Hash o AES | Hackita,60,getTGT.py: Ottenere un TGT Kerberos con Hash o AES,1,"Guida a impacket-getTGT per richiedere un TGT Kerberos e salvarlo in formato ccache usando password, hash NTLM o chiavi AES in Active Directory.",144,gettgt py,getTGT.py,tool-oriented/how-to,DATA NOT AVAILABLE (needs live SERP),tools,1200,89,8,4,0,True,2,True,ok: has a substantive lead,retrievable: self-contained,weak: no external primary sources,none detected on-page,Add 1-2 primary-source references (CVE/vendor/RFC/MITRE),P2,medium,medium,DATA NOT AVAILABLE,DATA NOT AVAILABLE,DATA NOT AVAILABLE
getuserspns,https://hackita.it/articoli/getuserspns/,GetUserSPNspy-Kerberoasting-e-TGS-con-Impacket-.md,GetUserSPNs.py: Kerberoasting e TGS con Impacket | Hackita,58,GetUserSPNs.py: Kerberoasting e TGS con Impacket,1,"Guida a impacket-GetUserSPNs per enumerare account con SPN e richiedere TGS Kerberos con password, hash NTLM, ccache o chiavi AES per Windows Active Directory",158,getuserspns py,GetUserSPNs.py,tool-oriented/how-to,DATA NOT AVAILABLE (needs live SERP),tools,1366,112,8,3,0,True,2,True,ok: has a substantive lead,retrievable: self-contained,weak: no external primary sources,none detected on-page,Add 1-2 primary-source references (CVE/vendor/RFC/MITRE),P2,medium,medium,DATA NOT AVAILABLE,DATA NOT AVAILABLE,DATA NOT AVAILABLE
gitrob,https://hackita.it/articoli/gitrob/,Gitrob-OSINT-e-Secret-Discovery-su-Repository-GitHub.md,Gitrob: OSINT e Secret Discovery su Repository GitHub | Hackita,63,Gitrob: OSINT e Secret Discovery su Repository GitHub,1,Gitrob analizza repository GitHub per individuare file sensibili e credenziali esposte. Strumento utile in fase di reconnaissance e secret hunting.,147,gitrob,Gitrob,informational/educational,DATA NOT AVAILABLE (needs live SERP),web-hacking,3306,257,5,1,1,True,2,True,ok: has a substantive lead,retrievable: self-contained,citations present,none detected on-page,NO MAJOR ACTION REQUIRED,P3,low,none,DATA NOT AVAILABLE,DATA NOT AVAILABLE,DATA NOT AVAILABLE
gobuster,https://hackita.it/articoli/gobuster/,Gobuster-Directory-DNS-e-Virtual-Host-Bruteforcing-per-Web-Enumeration.md,"Gobuster: Directory, DNS e Virtual Host Bruteforcing per Web Enumeration | Hackita",82,"Gobuster: Directory, DNS e Virtual Host Bruteforcing per Web Enumeration",1,"Gobuster è uno strumento veloce per brute-force di directory, DNS e virtual host. Guida pratica all’uso in fase di web enumeration durante un penetration test.",159,gobuster,Gobuster,informational/educational,DATA NOT AVAILABLE (needs live SERP),web-hacking,2055,133,8,14,1,True,2,True,ok: has a substantive lead,retrievable: self-contained,citations present,none detected on-page,"Shorten title to ~60 chars, primary keyword first",P2,medium,low,DATA NOT AVAILABLE,DATA NOT AVAILABLE,DATA NOT AVAILABLE
golden-ticket,https://hackita.it/articoli/golden-ticket/,Golden-Ticket-Attack-Cos-Come-Funziona-e-Come-Difendersi-in-Active-Directory.md,"Golden Ticket Attack: Cos'è, Come Funziona e Come Difendersi in Active Directory | Hackita",90,"Golden Ticket Attack: Cos'è, Come Funziona e Come Difendersi in Active Directory",1,"Il Golden Ticket è l'attacco più pericoloso in Active Directory. Scopri come funziona, come forgiare un TGT con l'hash di krbtgt, come rilevarlo e come …",153,golden ticket attack,Golden Ticket Attack,tutorial/how-to,DATA NOT AVAILABLE (needs live SERP),windows,5117,50,15,15,16,True,2,True,ok: has a substantive lead,retrievable: self-contained,citations present,none detected on-page,"Shorten title to ~60 chars, primary keyword first",P2,medium,medium,DATA NOT AVAILABLE,DATA NOT AVAILABLE,DATA NOT AVAILABLE
gophish,https://hackita.it/articoli/gophish/,Gophish-Phishing-Framework-per-Simulation-e-Red-Team.md,Gophish: Phishing Framework per Simulation e Red Team | Hackita,63,Gophish: Phishing Framework per Simulation e Red Team,1,"Gophish è una piattaforma open-source per phishing simulation e red team engagement. Campaign management, tracking e reporting centralizzato.",141,gophish,Gophish,informational/educational,DATA NOT AVAILABLE (needs live SERP),web-hacking,1678,57,8,8,2,True,2,True,ok: has a substantive lead,retrievable: self-contained,citations present,none detected on-page,NO MAJOR ACTION REQUIRED,P3,low,medium,DATA NOT AVAILABLE,DATA NOT AVAILABLE,DATA NOT AVAILABLE
graphql-exploitation,https://hackita.it/articoli/graphql-exploitation/,GraphQL-Attacks-Introspection-Batching-e-Data-Breach.md,"GraphQL Attacks: Introspection, Batching e Data Breach | Hackita",64,"GraphQL Attacks: Introspection, Batching e Data Breach",1,"Scopri come testare GraphQL nel pentesting web: introspection, batching, authorization bypass, IDOR, brute force e data leak via query.",135,graphql attacks,GraphQL Attacks,informational/educational,DATA NOT AVAILABLE (needs live SERP),web-hacking,2263,179,6,6,8,True,2,True,ok: has a substantive lead,retrievable: self-contained,citations present,none detected on-page,Add a 2-3 sentence answer-first lead naming the entity,P2,medium,medium,DATA NOT AVAILABLE,DATA NOT AVAILABLE,DATA NOT AVAILABLE
gre-generic-routing-encapsulation,https://hackita.it/articoli/gre-generic-routing-encapsulation/,GRE-Generic-Routing-Encapsulation-cos-come-funziona-e-come-si-sfrutta-in-pentest.md,"GRE (Generic Routing Encapsulation): cos’è, come funziona e come si sfrutta in pentest | Hackita",96,"GRE (Generic Routing Encapsulation): cos’è, come funziona e come si sfrutta in pentest",1,"Scopri cos’è GRE, come funziona il tunneling Generic Routing Encapsulation, perché è rischioso in ambienti enterprise e come sfruttarlo o difenderlo in un …",156,gre,GRE,informational/definition,DATA NOT AVAILABLE (needs live SERP),networking,2249,60,9,5,1,True,2,True,ok: has a substantive lead,retrievable: self-contained,citations present,none detected on-page,"Shorten title to ~60 chars, primary keyword first",P2,medium,low,DATA NOT AVAILABLE,DATA NOT AVAILABLE,DATA NOT AVAILABLE
group-linux-privilege-escalation,https://hackita.it/articoli/group-linux-privilege-escalation/,Gruppi-Linux-per-Privilege-Escalation-Docker-LXD-e-disk.md,"Gruppi Linux per Privilege Escalation: Docker, LXD e disk | Hackita",67,"Gruppi Linux per Privilege Escalation: Docker, LXD e disk",1,"Linux privilege escalation tramite 40+ gruppi Linux: disk, Docker, LXD, Incus, MicroK8s, libvirt, shadow, video, adm, input, ssl-cert, KVM, sudo/wheel, lpadmin.",160,gruppi linux per privilege escalation,Gruppi Linux per Privilege Escalation,informational/educational,DATA NOT AVAILABLE (needs live SERP),linux,6373,0,12,2,2,True,2,True,review: lead could be more answer-first,retrievable: self-contained,citations present,none detected on-page,Add a 2-3 sentence answer-first lead naming the entity,P2,medium,medium,DATA NOT AVAILABLE,DATA NOT AVAILABLE,DATA NOT AVAILABLE
gtfobins,https://hackita.it/articoli/gtfobins/,GTFOBins-Abuso-Binari-Linux-per-Privilege-Escalation.md,GTFOBins: Abuso Binari Linux per Privilege Escalation | Hackita,63,GTFOBins: Abuso Binari Linux per Privilege Escalation,1,"GTFOBins è il database definitivo per sfruttare binari Linux legittimi in privilege escalation, bypass sudo e shell escape in lab autorizzati.",142,gtfobins,GTFOBins,informational/educational,DATA NOT AVAILABLE (needs live SERP),linux,3572,249,6,14,10,True,2,True,ok: has a substantive lead,retrievable: self-contained,citations present,none detected on-page,NO MAJOR ACTION REQUIRED,P3,low,medium,DATA NOT AVAILABLE,DATA NOT AVAILABLE,DATA NOT AVAILABLE
hacker,https://hackita.it/articoli/hacker/,Hacker-Significato-Tipi-White-Hat-Black-Hat-e-Cracker.md,"Hacker: Significato, Tipi (White Hat, Black Hat) e Cracker | Hackita",68,"Hacker: Significato, Tipi (White Hat, Black Hat) e Cracker",1,"Cos'è un hacker, la differenza con cracker ed ethical hacker, i tipi (white, black, grey hat), quando hackerare è reato e come diventare hacker etico.",150,hacker,Hacker,informational/educational,DATA NOT AVAILABLE (needs live SERP),guides-resources,2481,0,9,2,1,True,1,True,review: lead could be more answer-first,retrievable: self-contained,citations present,none detected on-page,Add a 2-3 sentence answer-first lead naming the entity,P2,medium,medium,DATA NOT AVAILABLE,DATA NOT AVAILABLE,DATA NOT AVAILABLE
hackita,https://hackita.it/articoli/hackita/,HackIta-il-blog-italiano-di-Ethical-Hacking-Pentesting-e-Offensive-Security.md,"HackIta: il blog italiano di Ethical Hacking, Pentesting e Offensive Security | Hackita",87,"HackIta: il blog italiano di Ethical Hacking, Pentesting e Offensive Security",1,"HackIta (non Ackita) è la risorsa italiana per ethical hacking, penetration testing e CTF. 277+ articoli tecnici su Windows/Linux privesc, Active Directory, web …",162,hackita,HackIta,informational/educational,DATA NOT AVAILABLE (needs live SERP),guides-resources,1088,115,12,0,0,True,2,True,ok: has a substantive lead,retrievable: self-contained,weak: no external primary sources,none detected on-page,Remove the duplicated brand token from the source title,P0,high,medium,DATA NOT AVAILABLE,DATA NOT AVAILABLE,DATA NOT AVAILABLE
has-session,https://hackita.it/articoli/has-session/,HasSession-BloodHound-enumerazione-e-abuso-delle-sessioni.md,HasSession BloodHound: enumerazione e abuso delle sessioni | Hackita,68,HasSession BloodHound: enumerazione e abuso delle sessioni,1,"HasSession BloodHound: scopri come enumerare sessioni con SharpHound e sfruttare token, credenziali e RDP, con detection e mitigazioni per Active Directory.",156,hassession bloodhound,HasSession BloodHound,informational/educational,DATA NOT AVAILABLE (needs live SERP),web-hacking,3513,0,6,1,1,True,2,True,review: lead could be more answer-first,retrievable: self-contained,citations present,none detected on-page,Add a 2-3 sentence answer-first lead naming the entity,P2,medium,medium,DATA NOT AVAILABLE,DATA NOT AVAILABLE,DATA NOT AVAILABLE
hashcat,https://hackita.it/articoli/hashcat/,Hashcat-Guida-Definitiva-al-GPU-Password-Cracking-per-Penetration-Testing.md,Hashcat: Guida Definitiva al GPU Password Cracking per Penetration Testing | Hackita,84,Hashcat: Guida Definitiva al GPU Password Cracking per Penetration Testing,1,"Hashcat: guida pratica GPU password cracking per hash NTLM, MD5, SHA, bcrypt. Attack modes, mask patterns, wordlist rules e tecniche reali da CTF e penetration …",161,hashcat,Hashcat,informational/definition,DATA NOT AVAILABLE (needs live SERP),tools,3760,85,3,41,4,True,2,True,ok: has a substantive lead,retrievable: self-contained,citations present,none detected on-page,"Shorten title to ~60 chars, primary keyword first",P2,medium,medium,DATA NOT AVAILABLE,DATA NOT AVAILABLE,DATA NOT AVAILABLE
hostrecon,https://hackita.it/articoli/hostrecon/,HostRecon-Reconnaissance-Automatica-OSINT-su-Target-Singoli.md,HostRecon: Reconnaissance Automatica OSINT su Target Singoli | Hackita,70,HostRecon: Reconnaissance Automatica OSINT su Target Singoli,1,"HostRecon automatizza OSINT e reconnaissance su singolo dominio: DNS, whois, subdomain, breach data e exposure mapping in un solo comando.",138,hostrecon,HostRecon,tool-oriented/how-to,DATA NOT AVAILABLE (needs live SERP),tools,1521,58,6,1,1,True,2,True,ok: has a substantive lead,retrievable: self-contained,citations present,none detected on-page,NO MAJOR ACTION REQUIRED,P3,low,none,DATA NOT AVAILABLE,DATA NOT AVAILABLE,DATA NOT AVAILABLE
htb-anubis-walkthrough,https://hackita.it/articoli/htb-anubis-walkthrough/,HTB-Anubis-Walkthrough--ASP-SSTI-Jamovi-RCE-e-ADCS-ESC4.md,"HTB Anubis Walkthrough — ASP SSTI, Jamovi RCE e ADCS ESC4 | Hackita",67,"HTB Anubis Walkthrough — ASP SSTI, Jamovi RCE e ADCS ESC4",1,"Walkthrough completo di Hack The Box Anubis (Insane, Windows): ASP SSTI per shell in Docker, CVE-2021-28079 su Jamovi per foothold su host, e privilege …",153,htb anubis walkthrough,HTB Anubis Walkthrough,walkthrough/writeup,DATA NOT AVAILABLE (needs live SERP),walkthroughs,1769,106,5,1,3,True,2,True,ok: has a substantive lead,retrievable: self-contained,citations present,none detected on-page,Add a 2-3 sentence answer-first lead naming the entity,P2,medium,medium,DATA NOT AVAILABLE,DATA NOT AVAILABLE,DATA NOT AVAILABLE
htb-eighteen-badsuccessor-dmsa-walkthrough,https://hackita.it/articoli/htb-eighteen-badsuccessor-dmsa-walkthrough/,HTB-Eighteen-Walkthrough-MSSQL-e-privesc-BadSuccessordMSA.md,HTB Eighteen Walkthrough: MSSQL e privesc BadSuccessor(dMSA) | Hackita,70,HTB Eighteen Walkthrough: MSSQL e privesc BadSuccessor(dMSA),1,"WriteUp Hack The Bpx Eighteen: impersonation MSSQL, cracking hash Werkzeug PBKDF2, privilege escalation con BadSuccessor (CVE-2025-53779) su Windows Server 2025",160,htb eighteen walkthrough,HTB Eighteen Walkthrough,walkthrough/writeup,DATA NOT AVAILABLE (needs live SERP),walkthroughs,2837,89,2,0,1,True,2,True,ok: has a substantive lead,retrievable: self-contained,citations present,none detected on-page,Add a 2-3 sentence answer-first lead naming the entity,P2,medium,medium,DATA NOT AVAILABLE,DATA NOT AVAILABLE,DATA NOT AVAILABLE
htb-falafel-walkthrough,https://hackita.it/articoli/htb-falafel-walkthrough/,HTB-Falafel-Walkthrough-SQLi-PHP-Type-Juggling-e-Privesc.md,"HTB Falafel Walkthrough: SQLi, PHP Type Juggling e Privesc | Hackita",68,"HTB Falafel Walkthrough: SQLi, PHP Type Juggling e Privesc",1,"Write-Up alla macchina Falafel di Hack The Box: enumerazione utenti, blind SQL injection, bypass login PHP, RCE upload e privilege escalation Linux.",148,htb falafel walkthrough,HTB Falafel Walkthrough,walkthrough/writeup,DATA NOT AVAILABLE (needs live SERP),walkthroughs,2244,0,4,0,2,True,2,True,review: lead could be more answer-first,retrievable: self-contained,citations present,none detected on-page,Add a 2-3 sentence answer-first lead naming the entity,P2,medium,medium,DATA NOT AVAILABLE,DATA NOT AVAILABLE,DATA NOT AVAILABLE
htb-giddy-walkthrough,https://hackita.it/articoli/htb-giddy-walkthrough/,HTB-Giddy-Walkthrough-SQL-Injection-e-CVE-2016-6914.md,HTB Giddy Walkthrough: SQL Injection e CVE-2016-6914 | Hackita,62,HTB Giddy Walkthrough: SQL Injection e CVE-2016-6914,1,"Hack The Box Giddy write-up completo: SQL Injection, NTLMv2 hash capture, accesso WinRM , Bypass AV e privilege escalation a SYSTEM tramite CVE-2016-6914.",154,htb giddy walkthrough,HTB Giddy Walkthrough,vulnerability/CVE,DATA NOT AVAILABLE (needs live SERP),walkthroughs,1566,22,3,0,1,True,2,True,review: lead could be more answer-first,retrievable: self-contained,citations present,none detected on-page,Add a 2-3 sentence answer-first lead naming the entity,P2,medium,medium,DATA NOT AVAILABLE,DATA NOT AVAILABLE,DATA NOT AVAILABLE
htb-hator-walktrough,https://hackita.it/articoli/htb-hator-walktrough/,HTB-Hathor-Walkthrough-ITA-AppLocker-Bypass-DLL-Hijacking-e-DCSync-su-Windows-Insane.md,"HTB Hathor Walkthrough ITA: AppLocker Bypass, DLL Hijacking e DCSync su Windows Insane | Hackita",96,"HTB Hathor Walkthrough ITA: AppLocker Bypass, DLL Hijacking e DCSync su Windows Insane",1,"Walkthrough HTB Hathor: AppLocker bypass, DLL hijacking su SMB, code signing con certificato rubato e DCSync senza NTLM. Macchina Windows Insane",144,htb hathor walkthrough ita,HTB Hathor Walkthrough ITA,walkthrough/writeup,DATA NOT AVAILABLE (needs live SERP),walkthroughs,1921,83,1,0,4,True,2,True,ok: has a substantive lead,retrievable: self-contained,citations present,none detected on-page,"Shorten title to ~60 chars, primary keyword first",P2,medium,medium,DATA NOT AVAILABLE,DATA NOT AVAILABLE,DATA NOT AVAILABLE
htb-haze-walkthrough,https://hackita.it/articoli/htb-haze-walkthrough/,HTB-Haze-Walkthrough-Splunk-RCE-e-AD-Attack-Chain.md,HTB Haze Walkthrough: Splunk RCE e AD Attack Chain | Hackita,60,HTB Haze Walkthrough: Splunk RCE e AD Attack Chain,1,"Writeup HTB Haze: CVE-2024-36991 su Splunk, decryption credenziali con splunksecrets, GMSA abuse, Shadow Credentials su AD e RCE fino a SYSTEM.",143,htb haze walkthrough,HTB Haze Walkthrough,walkthrough/writeup,DATA NOT AVAILABLE (needs live SERP),walkthroughs,2114,90,1,1,1,True,2,True,ok: has a substantive lead,retrievable: self-contained,citations present,none detected on-page,Add a 2-3 sentence answer-first lead naming the entity,P2,medium,medium,DATA NOT AVAILABLE,DATA NOT AVAILABLE,DATA NOT AVAILABLE
htb-help-walkthrough,https://hackita.it/articoli/htb-help-walkthrough/,HTB-Help-Walkthrough-GraphQL-e-File-Upload-HelpDeskZ.md,HTB Help Walkthrough: GraphQL e File Upload HelpDeskZ | Hackita,63,HTB Help Walkthrough: GraphQL e File Upload HelpDeskZ,1,"Write-UP completo di Hack The Box: Help. Enumerazione GraphQL, bypass file upload su HelpDeskZ con analisi del codice PHP vulnerabile, privesc kernel a root.",157,htb help walkthrough,HTB Help Walkthrough,walkthrough/writeup,DATA NOT AVAILABLE (needs live SERP),walkthroughs,2785,71,6,0,3,True,2,True,ok: has a substantive lead,retrievable: self-contained,citations present,none detected on-page,Add a 2-3 sentence answer-first lead naming the entity,P2,medium,medium,DATA NOT AVAILABLE,DATA NOT AVAILABLE,DATA NOT AVAILABLE
htb-love-walkthrough,https://hackita.it/articoli/htb-love-walkthrough/,HTB-Love-Walkthrough-SSRF-SQLi-Time-Based-e-Privesc.md,"HTB Love Walkthrough: SSRF, SQLi Time-Based e Privesc | Hackita",63,"HTB Love Walkthrough: SSRF, SQLi Time-Based e Privesc",1,"Write-Up HTB Love,Easy VM : SQLi time-based, tentativo NTLM su Responder, SSRF verso la 5000 e privesc con AlwaysInstallElevated. Ogni vicolo cieco spiegato.",157,htb love walkthrough,HTB Love Walkthrough,walkthrough/writeup,DATA NOT AVAILABLE (needs live SERP),walkthroughs,1922,0,3,0,3,True,2,True,review: lead could be more answer-first,retrievable: self-contained,citations present,none detected on-page,Add a 2-3 sentence answer-first lead naming the entity,P2,medium,medium,DATA NOT AVAILABLE,DATA NOT AVAILABLE,DATA NOT AVAILABLE
htb-mango-walkthrough,https://hackita.it/articoli/htb-mango-walkthrough/,HTB-Mango-Walkthrough-NoSQL-Injection-e-Privilege-Escalation.md,HTB Mango Walkthrough: NoSQL Injection e Privilege Escalation | Hackita,71,HTB Mango Walkthrough: NoSQL Injection e Privilege Escalation,1,"Walkthrough completo HTB Mango: bypass del login con NoSQL injection su MongoDB, estrazione credenziali con $regex e privilege escalation via SUID su jjs.",154,htb mango walkthrough,HTB Mango Walkthrough,walkthrough/writeup,DATA NOT AVAILABLE (needs live SERP),walkthroughs,2509,132,4,1,1,True,2,True,ok: has a substantive lead,retrievable: self-contained,citations present,none detected on-page,"Shorten title to ~60 chars, primary keyword first",P2,medium,medium,DATA NOT AVAILABLE,DATA NOT AVAILABLE,DATA NOT AVAILABLE
htb-monitors-walkthrough,https://hackita.it/articoli/htb-monitors-walkthrough/,HTB-Monitors-Walkthrough-Cacti-SQLi-e-Container-Escape.md,HTB Monitors Walkthrough: Cacti SQLi e Container Escape | Hackita,65,HTB Monitors Walkthrough: Cacti SQLi e Container Escape,1,"Walkthrough di Hack The Box Monitors: SQLi in Cacti (CVE-2020-14295), deserializzazione in OFBiz (CVE-2020-9496) e container escape via kernel module.",150,htb monitors walkthrough,HTB Monitors Walkthrough,walkthrough/writeup,DATA NOT AVAILABLE (needs live SERP),walkthroughs,2254,72,5,0,1,True,2,True,ok: has a substantive lead,retrievable: self-contained,citations present,none detected on-page,Add a 2-3 sentence answer-first lead naming the entity,P2,medium,medium,DATA NOT AVAILABLE,DATA NOT AVAILABLE,DATA NOT AVAILABLE
htb-proloab-dante,https://hackita.it/articoli/htb-proloab-dante/,HTB-ProLab-Dante-Review-Completa-2025--Vale-la-Pena-Farlo.md,HTB ProLab Dante: Review Completa 2026 – Vale la Pena Farlo? | Hackita,70,HTB ProLab Dante: Review Completa 2026 – Vale la Pena Farlo?,1,"Review HTB ProLab Dante: struttura del lab, punti di forza sul pivoting, problemi reali con OS datati e CVE unintended. A chi serve davvero e quando saltarlo.",158,htb prolab dante,HTB ProLab Dante,walkthrough/writeup,DATA NOT AVAILABLE (needs live SERP),walkthroughs,1771,45,1,0,1,True,2,True,ok: has a substantive lead,retrievable: self-contained,citations present,none detected on-page,Add in-body links to this article from related articles,P2,medium,medium,DATA NOT AVAILABLE,DATA NOT AVAILABLE,DATA NOT AVAILABLE
htb-redelegate-walkthrough,https://hackita.it/articoli/htb-redelegate-walkthrough/,HTB-Redelegate-Walkthrough-SeEnableDelegationPrivilege.md,HTB Redelegate Walkthrough: SeEnableDelegationPrivilege | Hackita,65,HTB Redelegate Walkthrough: SeEnableDelegationPrivilege,1,"WriteUp completo di Hack The Box Redelegate : FTP anonimo, KeePass, MSSQL, ForceChangePassword, SeEnableDelegationPrivilege, S4U, DCSync e Domain Admin.",152,htb redelegate walkthrough,HTB Redelegate Walkthrough,walkthrough/writeup,DATA NOT AVAILABLE (needs live SERP),walkthroughs,1326,0,4,1,0,True,2,True,review: lead could be more answer-first,retrievable: self-contained,weak: no external primary sources,none detected on-page,Add a 2-3 sentence answer-first lead naming the entity,P2,medium,medium,DATA NOT AVAILABLE,DATA NOT AVAILABLE,DATA NOT AVAILABLE
htb-scepter-walkthrough,https://hackita.it/articoli/htb-scepter-walkthrough/,HTB-Scepter-Walkthrough-NFS-ESC9-ESC14-e-DCSync.md,"HTB Scepter Walkthrough: NFS, ESC9, ESC14 e DCSync | Hackita",60,"HTB Scepter Walkthrough: NFS, ESC9, ESC14 e DCSync",1,"WriteUp completo a Hack The Box Scepter: NFS, certificati PFX/PEM, ADCS ESC9, ESC14, altSecurityIdentities e DCSync finale.",123,htb scepter walkthrough,HTB Scepter Walkthrough,walkthrough/writeup,DATA NOT AVAILABLE (needs live SERP),walkthroughs,1397,0,7,0,0,True,2,True,review: lead could be more answer-first,retrievable: self-contained,weak: no external primary sources,none detected on-page,Add a 2-3 sentence answer-first lead naming the entity,P2,medium,medium,DATA NOT AVAILABLE,DATA NOT AVAILABLE,DATA NOT AVAILABLE
htb-schooled-walkthrough,https://hackita.it/articoli/htb-schooled-walkthrough/,HTB-Schooled-Stored-XSS-su-Moodle-a-Root-su-FreeBSD.md,HTB Schooled: Stored XSS su Moodle a Root su FreeBSD | Hackita,62,HTB Schooled: Stored XSS su Moodle a Root su FreeBSD,1,"Hack The Box Schooled Write-Up: da Stored XSS su Moodle a webshell, credenziali MySQL e privilege escalation a root su FreeBSD tramite pkg.",139,htb schooled,HTB Schooled,walkthrough/writeup,DATA NOT AVAILABLE (needs live SERP),walkthroughs,2389,100,2,0,5,True,2,True,ok: has a substantive lead,retrievable: self-contained,citations present,none detected on-page,Add a 2-3 sentence answer-first lead naming the entity,P2,medium,medium,DATA NOT AVAILABLE,DATA NOT AVAILABLE,DATA NOT AVAILABLE
htb-scrambled-walkthrough,https://hackita.it/articoli/htb-scrambled-walkthrough/,HTB-Scrambled-Walkthrough-Silver-Ticket-e-NET-Deserialization.md,HTB Scrambled Walkthrough: Silver Ticket e .NET Deserialization | Hackita,73,HTB Scrambled Walkthrough: Silver Ticket e .NET Deserialization,1,"Writeup HTB Scrambled: Kerberoasting, Silver Ticket su MSSQL e RCE via BinaryFormatter insecure deserialization. Analisi statica con dnSpy e ysoserial.net",154,htb scrambled walkthrough,HTB Scrambled Walkthrough,walkthrough/writeup,DATA NOT AVAILABLE (needs live SERP),walkthroughs,3103,123,1,0,1,True,2,True,ok: has a substantive lead,retrievable: self-contained,citations present,none detected on-page,"Shorten title to ~60 chars, primary keyword first",P2,medium,medium,DATA NOT AVAILABLE,DATA NOT AVAILABLE,DATA NOT AVAILABLE
htb-search-walkthrough,https://hackita.it/articoli/htb-search-walkthrough/,HTB-Search-Walktrough--GMSA-Kerberoast-e-AD-Certificate-.md,"HTB Search Walktrough – GMSA, Kerberoast e AD Certificate | Hackita",67,"HTB Search Walktrough – GMSA, Kerberoast e AD Certificate",1,"Writeup completo di HTB Search: foothold tramite credenziali in un'immagine, Kerberoasting, GMSA abuse e due path distinti verso Domain Admin.",142,htb search walktrough,HTB Search Walktrough,walkthrough/writeup,DATA NOT AVAILABLE (needs live SERP),walkthroughs,1347,83,1,0,0,True,2,True,ok: has a substantive lead,retrievable: self-contained,weak: no external primary sources,none detected on-page,Add a 2-3 sentence answer-first lead naming the entity,P2,medium,medium,DATA NOT AVAILABLE,DATA NOT AVAILABLE,DATA NOT AVAILABLE
htb-sekhmet-walktrough,https://hackita.it/articoli/htb-sekhmet-walktrough/,HTB-Sekhmet-Walktrough-Nodejs-Deserialization-WAF-Bypass-e-DPAPI.md,"HTB Sekhmet Walkthrough: Node.js Deserialization, WAF Bypass e DPAPI | Hackita",78,"HTB Sekhmet Walkthrough: Node.js Deserialization, WAF Bypass e DPAPI",1,"HTB Sekhmet Insane,WriteUp Completo: insecure deserialization in node-serialize, bypass ModSecurity con Unicode encoding, ZipCrypto, Kerberos su Linux e DPAPI …",160,htb sekhmet walkthrough,HTB Sekhmet Walkthrough,walkthrough/writeup,DATA NOT AVAILABLE (needs live SERP),walkthroughs,3109,150,1,0,1,True,2,True,ok: has a substantive lead,retrievable: self-contained,citations present,none detected on-page,"Shorten title to ~60 chars, primary keyword first",P2,medium,medium,DATA NOT AVAILABLE,DATA NOT AVAILABLE,DATA NOT AVAILABLE
htb-shibuya-walkthrough,https://hackita.it/articoli/htb-shibuya-walkthrough/,HTB-Shibuya-Walkthrough-WIM-RemotePotato0-e-ADCS-ESC1.md,"HTB Shibuya Walkthrough: WIM, RemotePotato0 e ADCS ESC1 | Hackita",65,"HTB Shibuya Walkthrough: WIM, RemotePotato0 e ADCS ESC1",1,"Hack The Box Shibuya Write-up: enumera utenti via Kerberos, estrai gli hash NTLM dai backup WIM e sfrutta RemotePotato0 e ADCS ESC1 fino a Domain Admin.",152,htb shibuya walkthrough,HTB Shibuya Walkthrough,walkthrough/writeup,DATA NOT AVAILABLE (needs live SERP),walkthroughs,1913,97,5,0,0,True,2,True,ok: has a substantive lead,retrievable: self-contained,weak: no external primary sources,none detected on-page,Add a 2-3 sentence answer-first lead naming the entity,P2,medium,medium,DATA NOT AVAILABLE,DATA NOT AVAILABLE,DATA NOT AVAILABLE
htb-sink-walkthrough,https://hackita.it/articoli/htb-sink-walkthrough/,HTB-Sink-Walkthrough-HTTP-Request-Smuggling-e-AWS-Privesc.md,HTB Sink Walkthrough: HTTP Request Smuggling e AWS Privesc | Hackita,68,HTB Sink Walkthrough: HTTP Request Smuggling e AWS Privesc,1,"Hack The Box Sink write-up: HTTP Request Smuggling, CVE-2019-18277, HAProxy, Gunicorn, Gitea, Ligolo-ng, AWS LocalStack, KMS e Secrets Manager.",143,htb sink walkthrough,HTB Sink Walkthrough,walkthrough/writeup,DATA NOT AVAILABLE (needs live SERP),walkthroughs,4532,129,3,0,2,True,2,True,ok: has a substantive lead,retrievable: self-contained,citations present,none detected on-page,Add in-body links to this article from related articles,P2,medium,medium,DATA NOT AVAILABLE,DATA NOT AVAILABLE,DATA NOT AVAILABLE
htb-unattended-walkthrough,https://hackita.it/articoli/htb-unattended-walkthrough/,HTB-Unattended-Walkthrough-NGINX-Alias-Bug-e-Root-via-LUKS.md,HTB Unattended Walkthrough: NGINX Alias Bug e Root via LUKS | Hackita,69,HTB Unattended Walkthrough: NGINX Alias Bug e Root via LUKS,1,"Hack The Box Unattended writeup completo: NGINX alias bug, doppia SQL injection, LFI, session poisoning, cron poisoning e privilege escalation a root.",150,htb unattended walkthrough,HTB Unattended Walkthrough,walkthrough/writeup,DATA NOT AVAILABLE (needs live SERP),walkthroughs,6685,107,4,0,2,True,2,True,ok: has a substantive lead,retrievable: self-contained,citations present,none detected on-page,Add a 2-3 sentence answer-first lead naming the entity,P2,medium,medium,DATA NOT AVAILABLE,DATA NOT AVAILABLE,DATA NOT AVAILABLE
htb-voleur-walkthrough,https://hackita.it/articoli/htb-voleur-walkthrough/,Voleur-HTB-Writeup-con-Kerberoasting-DPAPI-e-WSL-Privesc.md,"Voleur HTB: Writeup con Kerberoasting, DPAPI e WSL Privesc | Hackita",68,"Voleur HTB: Writeup con Kerberoasting, DPAPI e WSL Privesc",1,"Walkthrough completo di Voleur di Hack The Box: targeted Kerberoasting, abuso AD Recycle Bin, catena DPAPI e privilege escalation via WSL fino ad Administrator.",160,voleur htb,Voleur HTB,walkthrough/writeup,DATA NOT AVAILABLE (needs live SERP),walkthroughs,1861,0,4,0,1,True,2,True,review: lead could be more answer-first,retrievable: self-contained,citations present,none detected on-page,Add a 2-3 sentence answer-first lead naming the entity,P2,medium,medium,DATA NOT AVAILABLE,DATA NOT AVAILABLE,DATA NOT AVAILABLE
http-header-injection,https://hackita.it/articoli/http-header-injection/,HTTP-Header-Injection-Host-Poisoning-e-X-Forwarded-For.md,HTTP Header Injection: Host Poisoning e X-Forwarded-For | Hackita,65,HTTP Header Injection: Host Poisoning e X-Forwarded-For,1,"Scopri come sfruttare una HTTP Header Injection nel pentesting web: Host Header Poisoning, X-Forwarded-For bypass, cache poisoning e reset password takeover.",157,http header injection,HTTP Header Injection,informational/educational,DATA NOT AVAILABLE (needs live SERP),web-hacking,990,173,5,4,0,True,2,True,ok: has a substantive lead,retrievable: self-contained,weak: no external primary sources,none detected on-page,Add 1-2 primary-source references (CVE/vendor/RFC/MITRE),P2,medium,medium,DATA NOT AVAILABLE,DATA NOT AVAILABLE,DATA NOT AVAILABLE
http-https,https://hackita.it/articoli/http-https/,HTTP-e-HTTPS-Cos-Come-Funiona-e-Come-Sfruttarli-in-un-Pentest.md,"HTTP e HTTPS: Cos’è, Come Funiona e Come Sfruttarli in un Pentest | Hackita",75,"HTTP e HTTPS: Cos’è, Come Funiona e Come Sfruttarli in un Pentest",1,"Scopri cos’è HTTP, come funziona HTTPS e perché sono fondamentali nel web pentesting: metodi, header, cookie, status code, fingerprinting, enumeration e …",154,http e https,HTTP e HTTPS,tutorial/how-to,DATA NOT AVAILABLE (needs live SERP),networking,2084,52,9,11,1,True,2,True,ok: has a substantive lead,retrievable: self-contained,citations present,none detected on-page,"Shorten title to ~60 chars, primary keyword first",P2,medium,medium,DATA NOT AVAILABLE,DATA NOT AVAILABLE,DATA NOT AVAILABLE
http-request-smuggling,https://hackita.it/articoli/http-request-smuggling/,HTTP-Request-Smuggling-Desync-Cache-Poisoning-e-Cookie-Theft.md,"HTTP Request Smuggling: Desync, Cache Poisoning e Cookie Theft | Hackita",72,"HTTP Request Smuggling: Desync, Cache Poisoning e Cookie Theft",1,"Scopri come testare HTTP Request Smuggling nel pentesting web: CL.TE, TE.CL, desync proxy-backend, cache poisoning e furto di cookie.",133,http request smuggling,HTTP Request Smuggling,informational/educational,DATA NOT AVAILABLE (needs live SERP),web-hacking,1420,157,5,6,3,True,2,True,ok: has a substantive lead,retrievable: self-contained,citations present,none detected on-page,"Shorten title to ~60 chars, primary keyword first",P2,medium,medium,DATA NOT AVAILABLE,DATA NOT AVAILABLE,DATA NOT AVAILABLE
httpx,https://hackita.it/articoli/httpx/,Httpx-HTTP-Probing-e-Analisi-Web-su-Larga-Scala-nel-Penetration-Testing.md,Httpx: HTTP Probing e Analisi Web su Larga Scala nel Penetration Testing | Hackita,82,Httpx: HTTP Probing e Analisi Web su Larga Scala nel Penetration Testing,1,"httpx è il tool di probing HTTP per filtrare host attivi, rilevare tecnologie, status code e screenshot in pipeline con subdomain enumeration.",142,httpx,Httpx,tool-oriented/how-to,DATA NOT AVAILABLE (needs live SERP),tools,1495,129,9,8,1,True,2,True,ok: has a substantive lead,retrievable: self-contained,citations present,none detected on-page,"Shorten title to ~60 chars, primary keyword first",P2,medium,low,DATA NOT AVAILABLE,DATA NOT AVAILABLE,DATA NOT AVAILABLE
hydra,https://hackita.it/articoli/hydra/,Hydra-Brute-Force-Login-per-Servizi-di-Rete.md,Hydra: Brute Force Login per Servizi di Rete | Hackita,54,Hydra: Brute Force Login per Servizi di Rete,1,"Hydra è un tool di brute force per testare credenziali su SSH, FTP, RDP, HTTP e altri servizi durante penetration test autorizzati.",131,hydra,Hydra,tool-oriented/how-to,DATA NOT AVAILABLE (needs live SERP),tools,1452,40,5,14,2,True,2,True,ok: has a substantive lead,retrievable: self-contained,citations present,none detected on-page,NO MAJOR ACTION REQUIRED,P3,low,none,DATA NOT AVAILABLE,DATA NOT AVAILABLE,DATA NOT AVAILABLE
icmp,https://hackita.it/articoli/icmp/,ICMP-Cos-Come-Funziona-e-Come-Sfruttarlo-in-un-Pentest.md,"ICMP: Cos’è, Come Funziona e Come Sfruttarlo in un Pentest | Hackita",68,"ICMP: Cos’è, Come Funziona e Come Sfruttarlo in un Pentest",1,"Scopri cos’è ICMP, come funzionano ping e traceroute e perché è cruciale nel pentesting: host discovery, ICMP tunneling, redirect, fingerprinting, detection e …",160,icmp,ICMP,tutorial/how-to,DATA NOT AVAILABLE (needs live SERP),networking,2386,51,10,9,1,True,2,True,ok: has a substantive lead,retrievable: self-contained,citations present,none detected on-page,NO MAJOR ACTION REQUIRED,P3,low,none,DATA NOT AVAILABLE,DATA NOT AVAILABLE,DATA NOT AVAILABLE
ics-ot-entesting,https://hackita.it/articoli/ics-ot-entesting/,ICSOT-pentesting-guida-completa-SCADA-PLC-e-protocolli-industriali.md,"ICS/OT pentesting: guida completa SCADA, PLC e protocolli industriali | Hackita",79,"ICS/OT pentesting: guida completa SCADA, PLC e protocolli industriali",1,"Guida completa al penetration testing ICS/OT: protocolli Modbus, S7, DNP3, BACnet, EtherNet/IP. Tool GRASSMARLIN, pymodbus, python-snap7, ISF, …",144,ics ot pentesting,ICS/OT pentesting,informational/definition,DATA NOT AVAILABLE (needs live SERP),networking,5386,0,1,0,10,True,2,True,opportunity: add an answer-first definition paragraph,retrievable: self-contained,citations present,none detected on-page,"Shorten title to ~60 chars, primary keyword first",P1,high,medium,DATA NOT AVAILABLE,DATA NOT AVAILABLE,DATA NOT AVAILABLE
idor,https://hackita.it/articoli/idor/,IDOR-Cos-Come-Si-Trova-e-Come-Si-Sfrutta--Guida-Completa.md,"IDOR: Cos'è, Come Si Trova e Come Si Sfrutta — Guida Completa | Hackita",71,"IDOR: Cos'è, Come Si Trova e Come Si Sfrutta — Guida Completa",1,"IDOR (Insecure Direct Object Reference) spiegato dal punto di vista del pentester: come si identifica, come si enumera, come si scala a account takeover e data …",161,idor,IDOR,tutorial/how-to,DATA NOT AVAILABLE (needs live SERP),web-hacking,2314,0,6,8,0,True,2,True,review: lead could be more answer-first,retrievable: self-contained,weak: no external primary sources,none detected on-page,"Shorten title to ~60 chars, primary keyword first",P1,high,medium,DATA NOT AVAILABLE,DATA NOT AVAILABLE,DATA NOT AVAILABLE
igmp,https://hackita.it/articoli/igmp/,IGMP-Multicast-Cos-Come-Funziona-e-Perch-Conta-nel-Pentesting-di-Rete.md,"IGMP (Multicast): Cos’è, Come Funziona e Perché Conta nel Pentesting di Rete | Hackita",86,"IGMP (Multicast): Cos’è, Come Funziona e Perché Conta nel Pentesting di Rete",1,"Scopri cos’è IGMP, come funziona il multicast e perché è utile nel pentesting: host discovery, membership report, IGMP snooping, reconnaissance, DoS e …",152,igmp,IGMP,tutorial/how-to,DATA NOT AVAILABLE (needs live SERP),networking,2289,60,9,2,1,True,2,True,ok: has a substantive lead,retrievable: self-contained,citations present,none detected on-page,"Shorten title to ~60 chars, primary keyword first",P2,medium,low,DATA NOT AVAILABLE,DATA NOT AVAILABLE,DATA NOT AVAILABLE
impacket,https://hackita.it/articoli/impacket/,Impacket-Toolkit-Python-per-Attacchi-SMB-Kerberos-e-Active-Directory.md,"Impacket: Toolkit Python per Attacchi SMB, Kerberos e Active Directory | Hackita",80,"Impacket: Toolkit Python per Attacchi SMB, Kerberos e Active Directory",1,"Impacket è una suite Python per interagire con protocolli di rete (SMB, LDAP, Kerberos, RPC) e condurre attacchi AD come DCSync e Pass-the-Hash.",144,impacket,Impacket,tool-oriented/how-to,DATA NOT AVAILABLE (needs live SERP),tools,4156,163,20,46,2,True,2,True,ok: has a substantive lead,retrievable: self-contained,citations present,none detected on-page,"Shorten title to ~60 chars, primary keyword first",P2,medium,medium,DATA NOT AVAILABLE,DATA NOT AVAILABLE,DATA NOT AVAILABLE
injection-attacks-guida-completa,https://hackita.it/articoli/injection-attacks-guida-completa/,Injection-Attack-Guida-Completa-a-Tutti-i-Tipi-di-Iniezione.md,Injection Attack: Guida Completa alle Iniezioni Web | Hackita,61,Injection Attack: Guida Completa alle Iniezioni Web,1,"Guida completa agli injection attack: SQL injection, command injection, SSTI, XXE, LDAP, NoSQL e altre tecniche, con esempi, test e prevenzione.",144,injection attack,Injection Attack,informational/definition,DATA NOT AVAILABLE (needs live SERP),web-hacking,3736,143,29,14,3,True,2,True,ok: has a substantive lead,retrievable: self-contained,citations present,DUPLICATE SLUG - resolve,"Resolve slug collision editorially (pick canonical, reslug/redirect the other)",P0,high,medium,DATA NOT AVAILABLE,DATA NOT AVAILABLE,DATA NOT AVAILABLE
inveigh,https://hackita.it/articoli/inveigh/,Inveigh-Attacchi-Hacker-su-Reti-Windows-per-Rubare-Hash-NTLM-via-LLMNR-NBNS-e-WPAD.md,"Inveigh: LLMNR, NBNS e WPAD per Catturare Hash NTLM | Hackita",61,"Inveigh: LLMNR, NBNS e WPAD per Catturare Hash NTLM",1,"Cos'è Inveigh e come funziona? Guida a LLMNR, NBNS e WPAD per catturare NetNTLM in lab Windows, con PowerShell, relay, troubleshooting e detection.",147,inveigh,Inveigh,tool-oriented/how-to,DATA NOT AVAILABLE (needs live SERP),tools,2448,142,7,2,3,True,2,True,ok: has a substantive lead,retrievable: self-contained,citations present,none detected on-page,NO MAJOR ACTION REQUIRED,P2,medium,medium,DATA NOT AVAILABLE,DATA NOT AVAILABLE,DATA NOT AVAILABLE
invokemanipulation,https://hackita.it/articoli/invokemanipulation/,Invoke-Manipulation-PowerShell-Obfuscation-per-Evasion-AV.md,Invoke-Manipulation: PowerShell Obfuscation per Evasion AV | Hackita,68,Invoke-Manipulation: PowerShell Obfuscation per Evasion AV,1,Invoke-Manipulation è un modulo PowerShell per offuscare script e bypassare controlli statici durante operazioni di red team autorizzate.,137,invoke manipulation,Invoke-Manipulation,tool-oriented/how-to,DATA NOT AVAILABLE (needs live SERP),tools,3939,144,4,1,2,True,2,True,ok: has a substantive lead,retrievable: self-contained,citations present,none detected on-page,NO MAJOR ACTION REQUIRED,P3,low,none,DATA NOT AVAILABLE,DATA NOT AVAILABLE,DATA NOT AVAILABLE
ip-internet-protocol,https://hackita.it/articoli/ip-internet-protocol/,IP-Internet-Protocol-Cos-Come-Funziona-e-Perch-Conta-nel-Pentesting.md,"IP (Internet Protocol): Cos’è, Come Funziona e Perché Conta nel Pentesting | Hackita",84,"IP (Internet Protocol): Cos’è, Come Funziona e Perché Conta nel Pentesting",1,"Scopri cos’è IP, come funzionano header, TTL, routing e frammentazione, e perché è fondamentale nel pentesting: IP spoofing, evasion, reconnaissance e difese.",158,ip,IP,tutorial/how-to,DATA NOT AVAILABLE (needs live SERP),networking,2182,55,11,13,1,True,2,True,ok: has a substantive lead,retrievable: self-contained,citations present,none detected on-page,"Shorten title to ~60 chars, primary keyword first",P2,medium,low,DATA NOT AVAILABLE,DATA NOT AVAILABLE,DATA NOT AVAILABLE
ipsec,https://hackita.it/articoli/ipsec/,IPSec-VPN-Enterprise-IKE-ESP-e-Errori-di-Configurazione-da-Sfruttare.md,"IPSec: VPN Enterprise, IKE, ESP e Errori di Configurazione da Sfruttare | Hackita",81,"IPSec: VPN Enterprise, IKE, ESP e Errori di Configurazione da Sfruttare",1,"Scopri come funziona IPSec e perché è cruciale nel pentesting di VPN enterprise: IKEv1/IKEv2, ESP, tunnel mode, Aggressive Mode, PSK deboli, ike-scan e difese.",159,ipsec,IPSec,informational/educational,DATA NOT AVAILABLE (needs live SERP),networking,2269,55,9,10,1,True,2,True,ok: has a substantive lead,retrievable: self-contained,citations present,none detected on-page,"Shorten title to ~60 chars, primary keyword first",P2,medium,low,DATA NOT AVAILABLE,DATA NOT AVAILABLE,DATA NOT AVAILABLE
ipv4-ipv6,https://hackita.it/articoli/ipv4-ipv6/,IPv4-vs-IPv6-Differenze-Sicurezza-e-Attacchi-nel-Pentesting-di-Rete.md,"IPv4 vs IPv6: Differenze, Sicurezza e Attacchi nel Pentesting di Rete | Hackita",79,"IPv4 vs IPv6: Differenze, Sicurezza e Attacchi nel Pentesting di Rete",1,"Scopri le differenze tra IPv4 e IPv6 e perché contano nel pentesting: SLAAC, NDP, RA spoofing, scanning IPv6, dual-stack, bypass dei controlli e difese.",152,ipv4 vs ipv6,IPv4 vs IPv6,informational/educational,DATA NOT AVAILABLE (needs live SERP),networking,2330,70,9,7,1,True,2,True,ok: has a substantive lead,retrievable: self-contained,citations present,none detected on-page,"Shorten title to ~60 chars, primary keyword first",P2,medium,medium,DATA NOT AVAILABLE,DATA NOT AVAILABLE,DATA NOT AVAILABLE
jaws,https://hackita.it/articoli/jaws/,JAWS-Enumerazione-Windows-Post-Exploitation-per-Privilege-Escalation.md,JAWS: Enumerazione Windows Post-Exploitation per Privilege Escalation | Hackita,79,JAWS: Enumerazione Windows Post-Exploitation per Privilege Escalation,1,"JAWS è uno script PowerShell per enumerazione automatica su host Windows compromessi, utile per identificare misconfigurazioni e vettori di privilege …",151,jaws,JAWS,informational/educational,DATA NOT AVAILABLE (needs live SERP),windows,1740,60,5,2,1,True,2,True,ok: has a substantive lead,retrievable: self-contained,citations present,none detected on-page,"Shorten title to ~60 chars, primary keyword first",P2,medium,low,DATA NOT AVAILABLE,DATA NOT AVAILABLE,DATA NOT AVAILABLE
john-the-ripper,https://hackita.it/articoli/john-the-ripper/,John-the-Ripper-Guida-Completa-al-Password-Cracking.md,John the Ripper: Guida Completa al Password Cracking | Hackita,62,John the Ripper: Guida Completa al Password Cracking,1,"Guida completa a John the Ripper (Jumbo): estrai hash da ZIP, SSH, KeePass, PDF, Office con *2john; crack con wordlist e regole. Confronto con hashcat e cheat …",160,john the ripper,John the Ripper,informational/definition,DATA NOT AVAILABLE (needs live SERP),tools,6018,173,8,7,2,True,2,True,ok: has a substantive lead,retrievable: self-contained,citations present,none detected on-page,Make the first body heading a real section (not a title echo),P3,low,medium,DATA NOT AVAILABLE,DATA NOT AVAILABLE,DATA NOT AVAILABLE
jtag,https://hackita.it/articoli/jtag/,JTAG-Cos-Come-Funziona-e-Come-Usarlo-nel-Pentest-Hardware.md,"JTAG: Cos'è, Come Funziona e Come Usarlo nel Pentest Hardware | Hackita",71,"JTAG: Cos'è, Come Funziona e Come Usarlo nel Pentest Hardware",1,"Cos’è JTAG e come funziona? Scopri pin, JTAGulator, OpenOCD, dump del firmware e rischi di un’interfaccia JTAG esposta nel pentest hardware.",140,jtag,JTAG,tutorial/how-to,DATA NOT AVAILABLE (needs live SERP),tools,2392,0,2,0,1,True,1,True,review: lead could be more answer-first,retrievable: self-contained,citations present,none detected on-page,"Shorten title to ~60 chars, primary keyword first",P1,high,medium,DATA NOT AVAILABLE,DATA NOT AVAILABLE,DATA NOT AVAILABLE
jwt,https://hackita.it/articoli/jwt/,10-Attacchi-JWT-per-Ethical-Hacker-Guida-Pratica-alle-Vulnerabilit.md,10 Attacchi JWT per Ethical Hacker: Guida Pratica alle Vulnerabilità | Hackita,78,10 Attacchi JWT per Ethical Hacker: Guida Pratica alle Vulnerabilità,1,"Scopri le 10 vulnerabilità JWT più critiche per l'ethical hacking. Guida pratica con comandi, strumenti e tecniche di penetration test per testare la sicurezza …",161,10 attacchi jwt per ethical hacker,10 Attacchi JWT per Ethical Hacker,informational/definition,DATA NOT AVAILABLE (needs live SERP),web-hacking,1611,0,2,12,1,True,2,True,opportunity: add an answer-first definition paragraph,retrievable: self-contained,citations present,none detected on-page,"Shorten title to ~60 chars, primary keyword first",P1,high,medium,DATA NOT AVAILABLE,DATA NOT AVAILABLE,DATA NOT AVAILABLE
keethief,https://hackita.it/articoli/keethief/,KeeThief-Estrarre-Credenziali-da-KeePass-durante-un-Penetration-Test.md,KeeThief: dump di master key e credenziali da KeePass | Hackita,63,KeeThief: dump di master key e credenziali da KeePass,1,"KeeThief: come estrarre master key e credenziali da KeePass durante un pentest autorizzato. Dump da memoria, file .kdbx, limiti operativi, detection e …",152,keethief,KeeThief,tool-oriented/how-to,DATA NOT AVAILABLE (needs live SERP),tools,2032,60,7,2,4,True,2,True,ok: has a substantive lead,retrievable: self-contained,citations present,none detected on-page,NO MAJOR ACTION REQUIRED,P3,low,none,DATA NOT AVAILABLE,DATA NOT AVAILABLE,DATA NOT AVAILABLE
kerberoasting,https://hackita.it/articoli/kerberoasting/,Kerberoasting-Guida-Completa--SPN-TGS-Cracking-e-Domain-Admin-nel-2026.md,"Kerberoasting: Guida Completa — SPN, TGS Cracking e Domain Admin nel 2026 | Hackita",83,"Kerberoasting: Guida Completa — SPN, TGS Cracking e Domain Admin nel 2026",1,"Kerberoasting su Active Directory: enumeration SPN con GetUserSPNs e Rubeus, downgrade RC4, hashcat, targeted kerberoasting e OPSEC reale. Da utente di dominio …",161,kerberoasting,Kerberoasting,informational/definition,DATA NOT AVAILABLE (needs live SERP),windows,1214,0,3,4,1,True,2,True,opportunity: add an answer-first definition paragraph,retrievable: self-contained,citations present,none detected on-page,"Shorten title to ~60 chars, primary keyword first",P1,high,medium,DATA NOT AVAILABLE,DATA NOT AVAILABLE,DATA NOT AVAILABLE
kerberos,https://hackita.it/articoli/kerberos/,Kerberos-Attacchi-Active-Directory-Kerberoasting-AS-REP-Golden-Ticket.md,"Kerberos Attacchi Active Directory: Kerberoasting, AS-REP, Golden Ticket | Hackita",82,"Kerberos Attacchi Active Directory: Kerberoasting, AS-REP, Golden Ticket",1,"Porta 88 Kerberos: guida completa al penetration testing Active Directory. Scopri Kerberoasting, AS-REP Roasting, Golden Ticket, Silver Ticket e Pass-the-Ticket …",162,kerberos attacchi active directory,Kerberos Attacchi Active Directory,informational/educational,DATA NOT AVAILABLE (needs live SERP),windows,2401,0,12,53,0,True,2,True,review: lead could be more answer-first,retrievable: self-contained,weak: no external primary sources,none detected on-page,"Shorten title to ~60 chars, primary keyword first",P1,high,medium,DATA NOT AVAILABLE,DATA NOT AVAILABLE,DATA NOT AVAILABLE
kernel,https://hackita.it/articoli/kernel/,Kernel-Exploits-privesc-reale-su-Linux-e-Windows.md,Kernel Exploits: privesc reale su Linux e Windows | Hackita,59,Kernel Exploits: privesc reale su Linux e Windows,1,Kernel exploits: tecniche reali di privilege escalation su Linux e Windows. Dalla teoria all’exploit pratico in lab.,116,kernel exploits,Kernel Exploits,informational/educational,DATA NOT AVAILABLE (needs live SERP),linux,1350,129,6,10,1,True,2,True,ok: has a substantive lead,retrievable: self-contained,citations present,none detected on-page,Add a 2-3 sentence answer-first lead naming the entity,P2,medium,medium,DATA NOT AVAILABLE,DATA NOT AVAILABLE,DATA NOT AVAILABLE
killchain,https://hackita.it/articoli/killchain/,Cyber-Kill-Chain-Cos-7-Fasi-e-Tool-per-il-Pentesting.md,"Cyber Kill Chain: Cos’è, 7 Fasi e Tool per il Pentesting | Hackita",66,"Cyber Kill Chain: Cos’è, 7 Fasi e Tool per il Pentesting",1,"Scopri cos’è la Cyber Kill Chain: le 7 fasi di un attacco, i tool per pentesting e red team, il mapping MITRE ATT&CK e la Unified Kill Chain.",141,cyber kill chain,Cyber Kill Chain,informational/definition,DATA NOT AVAILABLE (needs live SERP),guides-resources,4091,118,7,6,0,True,2,True,ok: has a substantive lead,retrievable: self-contained,weak: no external primary sources,none detected on-page,Add 1-2 primary-source references (CVE/vendor/RFC/MITRE),P2,medium,medium,DATA NOT AVAILABLE,DATA NOT AVAILABLE,DATA NOT AVAILABLE
kubernetes-privilege-escalation,https://hackita.it/articoli/kubernetes-privilege-escalation/,Kubernetes-Pentesting-RBAC-Secrets-PrivEsc-e-Kubectl.md,"Kubernetes Pentesting: RBAC, Secrets, PrivEsc e Kubectl | Hackita",65,"Kubernetes Pentesting: RBAC, Secrets, PrivEsc e Kubectl",1,"Kubernetes pentest: come un token rubato in un Pod porta, via RBAC e nodes/proxy, a privilege escalation e shell root sul nodo, con kubectl e cheatsheet.",153,kubernetes pentesting,Kubernetes Pentesting,informational/educational,DATA NOT AVAILABLE (needs live SERP),linux,4677,76,9,0,2,True,1,True,ok: has a substantive lead,retrievable: self-contained,citations present,none detected on-page,Add in-body links to this article from related articles,P2,medium,medium,DATA NOT AVAILABLE,DATA NOT AVAILABLE,DATA NOT AVAILABLE
lateral-movement,https://hackita.it/articoli/lateral-movement/,Lateral-Movement-in-Active-Directory-Tecniche-Tool-e-OPSEC.md,"Lateral Movement in Active Directory: Tecniche, Tool e OPSEC | Hackita",70,"Lateral Movement in Active Directory: Tecniche, Tool e OPSEC",1,"Guida al lateral movement in Active Directory: Pass-the-Hash, Kerberos, SMB, WMI, WinRM e RDP con prerequisiti, artefatti, detection e mitigazioni.",147,lateral movement in active directory,Lateral Movement in Active Directory,informational/educational,DATA NOT AVAILABLE (needs live SERP),windows,2776,155,9,9,5,True,2,True,ok: has a substantive lead,retrievable: self-contained,citations present,none detected on-page,Make the first body heading a real section (not a title echo),P3,low,medium,DATA NOT AVAILABLE,DATA NOT AVAILABLE,DATA NOT AVAILABLE
lazagne,https://hackita.it/articoli/lazagne/,LaZagne-Tool-Post-Exploitation-per-Credential-Dumping-Applicativo-e-DPAPI.md,LaZagne: Estrazione Password da Browser e Applicazioni | Hackita,64,LaZagne: Estrazione Password da Browser e Applicazioni,1,"LaZagne è un tool open-source per recuperare password salvate su Windows e Linux da browser, client email e software locali in post-exploitation.",145,lazagne,LaZagne,tool-oriented/how-to,DATA NOT AVAILABLE (needs live SERP),tools,1513,221,8,8,1,True,2,True,ok: has a substantive lead,retrievable: self-contained,citations present,DUPLICATE SLUG - resolve,"Resolve slug collision editorially (pick canonical, reslug/redirect the other)",P0,high,medium,DATA NOT AVAILABLE,DATA NOT AVAILABLE,DATA NOT AVAILABLE
ldap-injection,https://hackita.it/articoli/ldap-injection/,LDAP-Injection-Bypass-Autenticazione-Active-Directory-e-Enumerazione-Utenti.md,LDAP Injection: Bypass Autenticazione Active Directory e Enumerazione Utenti | Hackita,86,LDAP Injection: Bypass Autenticazione Active Directory e Enumerazione Utenti,1,"Scopri come sfruttare una LDAP Injection nei portali enterprise: bypass autenticazione Active Directory, enumerazione utenti e estrazione attributi sensibili …",159,ldap injection,LDAP Injection,informational/educational,DATA NOT AVAILABLE (needs live SERP),web-hacking,1436,193,6,2,0,True,2,True,ok: has a substantive lead,retrievable: self-contained,weak: no external primary sources,none detected on-page,"Shorten title to ~60 chars, primary keyword first",P1,high,medium,DATA NOT AVAILABLE,DATA NOT AVAILABLE,DATA NOT AVAILABLE
ldapsearch,https://hackita.it/articoli/ldapsearch/,Ldapsearch-enumerazione-utenti-e-directory-in-attacco.md,"ldapsearch: Comandi LDAP per Enumerare Utenti, Gruppi e AD | Hackita",68,"ldapsearch: Comandi LDAP per Enumerare Utenti, Gruppi e AD",1,"ldapsearch su Kali Linux: RootDSE, Base DN, bind LDAP, utenti, gruppi, computer, SPN, LDAPS e troubleshooting per l'enumerazione di Active Directory.",149,ldapsearch,ldapsearch,tool-oriented/how-to,DATA NOT AVAILABLE (needs live SERP),tools,1939,0,5,14,0,True,2,True,review: lead could be more answer-first,retrievable: self-contained,weak: no external primary sources,DUPLICATE SLUG - resolve,"Resolve slug collision editorially (pick canonical, reslug/redirect the other)",P0,high,medium,DATA NOT AVAILABLE,DATA NOT AVAILABLE,DATA NOT AVAILABLE
lfi,https://hackita.it/articoli/lfi/,LFI-Local-File-Inclusion-Da-File-Read-a-Remote-Code-Execution.md,LFI (Local File Inclusion): Da File Read a Remote Code Execution | Hackita,74,LFI (Local File Inclusion): Da File Read a Remote Code Execution,1,"Scopri come sfruttare una LFI (Local File Inclusion) nel pentesting web. LFI to Rce. Lettura di file sensibili, dump del source code con php://filter e RCE …",157,lfi,LFI,informational/educational,DATA NOT AVAILABLE (needs live SERP),web-hacking,3322,192,7,10,0,True,2,True,ok: has a substantive lead,retrievable: self-contained,weak: no external primary sources,none detected on-page,"Shorten title to ~60 chars, primary keyword first",P1,high,medium,DATA NOT AVAILABLE,DATA NOT AVAILABLE,DATA NOT AVAILABLE
linenum,https://hackita.it/articoli/linenum/,LinEnum-Script-di-Enumerazione-Linux-per-Privilege-Escalation.md,LinEnum: Script di Enumerazione Linux per Privilege Escalation | Hackita,72,LinEnum: Script di Enumerazione Linux per Privilege Escalation,1,"LinEnum è uno script Bash per enumerazione automatica su sistemi Linux, utile per identificare vettori di privilege escalation in post-exploitation.",148,linenum,LinEnum,informational/educational,DATA NOT AVAILABLE (needs live SERP),linux,5680,197,11,8,1,True,2,True,ok: has a substantive lead,retrievable: self-contained,citations present,none detected on-page,"Shorten title to ~60 chars, primary keyword first",P2,medium,medium,DATA NOT AVAILABLE,DATA NOT AVAILABLE,DATA NOT AVAILABLE
linpeas,https://hackita.it/articoli/linpeas/,LinPEAS-Linux-Privilege-Escalation-Enumeration-Script.md,LinPEAS: Linux Privilege Escalation Enumeration Script | Hackita,64,LinPEAS: Linux Privilege Escalation Enumeration Script,1,"LinPEAS è uno script di enumerazione automatica per Linux che identifica SUID, capabilities, credenziali esposte e vettori di privilege escalation.",147,linpeas,LinPEAS,informational/educational,DATA NOT AVAILABLE (needs live SERP),linux,3905,147,5,11,3,True,2,True,ok: has a substantive lead,retrievable: self-contained,citations present,none detected on-page,NO MAJOR ACTION REQUIRED,P3,low,none,DATA NOT AVAILABLE,DATA NOT AVAILABLE,DATA NOT AVAILABLE
linpeas-privesc-guide,https://hackita.it/articoli/linpeas-privesc-guide/,LinPEAS-Automated-Linux-Privilege-Escalation-and-Enumeration.md,LinPEAS: Automated Linux Privilege Escalation and Enumeration | Hackita,71,LinPEAS: Automated Linux Privilege Escalation and Enumeration,1,"Learn how to use LinPEAS for Linux privilege escalation enumeration: SUID, sudo, cron, capabilities, kernel exploits, PATH hijacking, and CTF scenarios with …",158,linpeas,LinPEAS,informational/educational,DATA NOT AVAILABLE (needs live SERP),linux,2010,145,3,0,3,True,2,True,ok: has a substantive lead,retrievable: self-contained,citations present,none detected on-page,"Shorten title to ~60 chars, primary keyword first",P2,medium,medium,DATA NOT AVAILABLE,DATA NOT AVAILABLE,DATA NOT AVAILABLE
linux-enumeration,https://hackita.it/articoli/linux-enumeration/,Linux-Enumeration-comandi-e-tool-per-la-Privilege-Escalation.md,Linux Enumeration: comandi e tool per la Privilege Escalation | Hackita,71,Linux Enumeration: comandi e tool per la Privilege Escalation,1,"Linux enumeration passo passo: usa comandi manuali, SUID, sudo, capabilities, cron, LinPEAS, LinEnum e LSE per individuare vettori di privilege escalation.",155,linux enumeration,Linux Enumeration,informational/educational,DATA NOT AVAILABLE (needs live SERP),linux,3920,170,10,14,5,True,2,True,ok: has a substantive lead,retrievable: self-contained,citations present,none detected on-page,"Shorten title to ~60 chars, primary keyword first",P2,medium,medium,DATA NOT AVAILABLE,DATA NOT AVAILABLE,DATA NOT AVAILABLE
linux-persistence,https://hackita.it/articoli/linux-persistence/,Linux-Persistence-Tecniche-di-Persistenza-Post-Exploitation.md,Linux Persistence: Tecniche di Persistenza Post-Exploitation | Hackita,70,Linux Persistence: Tecniche di Persistenza Post-Exploitation,1,"Guida alla Linux persistence post-exploitation: systemd, cron, SSH, udev, LKM, capabilities e altri meccanismi di persistenza su Linux.",135,linux persistence,Linux Persistence,informational/educational,DATA NOT AVAILABLE (needs live SERP),linux,7251,0,2,0,7,True,1,True,review: lead could be more answer-first,retrievable: self-contained,citations present,none detected on-page,Add a 2-3 sentence answer-first lead naming the entity,P2,medium,medium,DATA NOT AVAILABLE,DATA NOT AVAILABLE,DATA NOT AVAILABLE
linux-privesc,https://hackita.it/articoli/linux-privesc/,Linux-PrivEsc-tecniche-reali-di-escalation-root.md,Linux PrivEsc: tecniche reali di escalation root | Hackita,58,Linux PrivEsc: tecniche reali di escalation root,1,Linux PrivEsc: tecniche reali di privilege escalation per ottenere root. Workflow pratico da CTF e pentest reali.,113,linux privesc,Linux PrivEsc,informational/educational,DATA NOT AVAILABLE (needs live SERP),linux,1631,124,13,38,6,True,2,True,ok: has a substantive lead,retrievable: self-contained,citations present,none detected on-page,Add a 2-3 sentence answer-first lead naming the entity,P2,medium,medium,DATA NOT AVAILABLE,DATA NOT AVAILABLE,DATA NOT AVAILABLE
lldp,https://hackita.it/articoli/lldp/,LLDP-Il-Protocollo-che-Rivela-Switch-VLAN-e-Topologia-di-Rete.md,"LLDP: Il Protocollo che Rivela Switch, VLAN e Topologia di Rete | Hackita",73,"LLDP: Il Protocollo che Rivela Switch, VLAN e Topologia di Rete",1,"Scopri cos’è LLDP, come funziona e perché è utile nel pentesting: discovery passivo, neighbor table, VLAN, management IP, LLDP-MED, spoofing e difese.",150,lldp,LLDP,informational/educational,DATA NOT AVAILABLE (needs live SERP),networking,2135,58,9,4,1,True,2,True,ok: has a substantive lead,retrievable: self-contained,citations present,none detected on-page,"Shorten title to ~60 chars, primary keyword first",P2,medium,low,DATA NOT AVAILABLE,DATA NOT AVAILABLE,DATA NOT AVAILABLE
log-injection,https://hackita.it/articoli/log-injection/,Log-Injection-Log-Forging-Log-Poisoning-e-RCE-tramite-LFI.md,"Log Injection: Log Forging, Log Poisoning e RCE tramite LFI | Hackita",69,"Log Injection: Log Forging, Log Poisoning e RCE tramite LFI",1,"Scopri come sfruttare una Log Injection nel pentesting web: log forging per anti-forensic, log poisoning combinato con LFI per ottenere Remote Code Execution e …",161,log injection,Log Injection,informational/educational,DATA NOT AVAILABLE (needs live SERP),web-hacking,1558,187,6,4,0,True,2,True,ok: has a substantive lead,retrievable: self-contained,weak: no external primary sources,none detected on-page,Add 1-2 primary-source references (CVE/vendor/RFC/MITRE),P2,medium,medium,DATA NOT AVAILABLE,DATA NOT AVAILABLE,DATA NOT AVAILABLE
logon-type-windows,https://hackita.it/articoli/logon-type-windows/,Logon-Type-Windows-Guida-Per-Pentester-Red-Teamer-e-SOC-Analyst.md,"Logon Type Windows: Guida Per Pentester ,Red Teamer e SOC Analyst | Hackita",75,"Logon Type Windows: Guida Per Pentester ,Red Teamer e SOC Analyst",1,"Logon Type Windows: guida pratica ai 13 tipi di accesso, da Interactive a CachedUnlock. Esempi reali e rilevanza per penetration test e audit di sicurezza.",155,logon type windows,Logon Type Windows,informational/definition,DATA NOT AVAILABLE (needs live SERP),windows,4098,0,5,1,1,True,2,True,opportunity: add an answer-first definition paragraph,retrievable: self-contained,citations present,none detected on-page,"Shorten title to ~60 chars, primary keyword first",P1,high,medium,DATA NOT AVAILABLE,DATA NOT AVAILABLE,DATA NOT AVAILABLE
lolbins,https://hackita.it/articoli/lolbins/,LOLBins-GTFOBins-e-LOOBins-La-Guida-Completa-al-Living-Off-the-Land-2026.md,"LOLBins, GTFOBins e LOOBins: La Guida Completa al Living Off the Land (2026) | Hackita",86,"LOLBins, GTFOBins e LOOBins: La Guida Completa al Living Off the Land (2026)",1,"Guida completa al Living Off the Land (LotL), LOLBins, GTFOBins e LOOBins per Windows Linux e macOS nel 2026. Comandi, tecniche di evasione EDR, privilege …",156,lolbins gtfobins e loobins,"LOLBins, GTFOBins e LOOBins",informational/definition,DATA NOT AVAILABLE (needs live SERP),guides-resources,13475,0,12,3,23,True,2,True,opportunity: add an answer-first definition paragraph,retrievable: self-contained,citations present,none detected on-page,"Shorten title to ~60 chars, primary keyword first",P1,high,medium,DATA NOT AVAILABLE,DATA NOT AVAILABLE,DATA NOT AVAILABLE
lookupsid,https://hackita.it/articoli/lookupsid/,lookupsidpy-Enumera-Utenti-e-SID-via-RID-Cycling-SMB.md,lookupsid.py: Enumera Utenti e SID via RID Cycling SMB | Hackita,64,lookupsid.py: Enumera Utenti e SID via RID Cycling SMB,1,"Guida a impacket-lookupsid per enumerare utenti, gruppi e SID tramite MS-LSAT su SMB, usando password, hash NTLM, Kerberos o sessioni anonime quando consentite.",160,lookupsid py,lookupsid.py,tool-oriented/how-to,DATA NOT AVAILABLE (needs live SERP),tools,1240,0,9,3,2,True,2,True,review: lead could be more answer-first,retrievable: self-contained,citations present,none detected on-page,Add a 2-3 sentence answer-first lead naming the entity,P2,medium,medium,DATA NOT AVAILABLE,DATA NOT AVAILABLE,DATA NOT AVAILABLE
lse,https://hackita.it/articoli/lse/,LSE-Linux-Smart-Enumeration-Automated-Linux-Privilege-Escalation-Checklist.md,LSE (Linux Smart Enumeration): Automated Linux Privilege Escalation Checklist | Hackita,87,LSE (Linux Smart Enumeration): Automated Linux Privilege Escalation Checklist,1,LSE (Linux Smart Enumeration): Automated Linux Privilege Escalation Checklist,77,lse,LSE,tool-oriented/how-to,DATA NOT AVAILABLE (needs live SERP),tools,6639,202,3,4,1,True,2,True,ok: has a substantive lead,retrievable: self-contained,citations present,none detected on-page,"Shorten title to ~60 chars, primary keyword first",P2,medium,medium,DATA NOT AVAILABLE,DATA NOT AVAILABLE,DATA NOT AVAILABLE
lynis,https://hackita.it/articoli/lynis/,Lynis-Linux-Security-Auditing-e-Hardening-Tool.md,Lynis: Linux Security Auditing e Hardening Tool | Hackita,57,Lynis: Linux Security Auditing e Hardening Tool,1,"Lynis è uno strumento di auditing per sistemi Unix/Linux che analizza configurazioni, permessi, patch e hardening. Ideale per penetration tester e blue team.",157,lynis,Lynis,informational/educational,DATA NOT AVAILABLE (needs live SERP),linux,686,0,5,3,1,True,2,True,review: lead could be more answer-first,review,citations present,none detected on-page,Add a 2-3 sentence answer-first lead naming the entity,P2,medium,medium,DATA NOT AVAILABLE,DATA NOT AVAILABLE,DATA NOT AVAILABLE
maltego,https://hackita.it/articoli/maltego/,Maltego-Guida-Completa-alla-Visual-Link-Analysis-per-OSINT-e-Threat-Intelligence.md,"Maltego OSINT: Reconnaissance, Transform e Graph Analysis | Hackita",67,"Maltego OSINT: Reconnaissance, Transform e Graph Analysis",1,"Scopri cos'è Maltego per OSINT e reconnaissance: usa Entity, Transform, pivot e graph analysis per correlare domini, IP, email, persone e infrastruttura.",153,maltego osint,Maltego OSINT,tool-oriented/how-to,DATA NOT AVAILABLE (needs live SERP),tools,2652,94,4,7,0,True,2,True,ok: has a substantive lead,retrievable: self-contained,weak: no external primary sources,none detected on-page,Add a 2-3 sentence answer-first lead naming the entity,P2,medium,medium,DATA NOT AVAILABLE,DATA NOT AVAILABLE,DATA NOT AVAILABLE
man-in-the-middle,https://hackita.it/articoli/man-in-the-middle/,Man-in-the-Middle-MITM-Cos-e-tecniche-reali-per-intercettare-traffico-e-credenziali.md,Man in the Middle (MITM): Cos'è e tecniche reali per intercettare traffico e credenziali | Hackita,98,Man in the Middle (MITM): Cos'è e tecniche reali per intercettare traffico e credenziali,1,"Guida completa al Man in the Middle: ARP spoofing, SSL stripping, session hijacking, rogue DHCP, Evil Twin e tecniche MITM reali su reti enterprise e Wi-Fi.",156,man in the middle,Man in the Middle,informational/definition,DATA NOT AVAILABLE (needs live SERP),guides-resources,4153,71,15,24,2,True,2,True,ok: has a substantive lead,retrievable: self-contained,citations present,none detected on-page,"Shorten title to ~60 chars, primary keyword first",P2,medium,low,DATA NOT AVAILABLE,DATA NOT AVAILABLE,DATA NOT AVAILABLE
mass-assignment,https://hackita.it/articoli/mass-assignment/,Mass-Assignment-Come-Trovarlo-e-Sfruttarlo-nelle-API.md,Mass Assignment: Come Trovarlo e Sfruttarlo nelle API | Hackita,63,Mass Assignment: Come Trovarlo e Sfruttarlo nelle API,1,"Scopri cos’è il mass assignment, come individuarlo e sfruttarlo nelle API REST, con esempi pratici per Rails, Laravel, Django, Node.js e Burp Suite.",148,mass assignment,Mass Assignment,tutorial/how-to,DATA NOT AVAILABLE (needs live SERP),web-hacking,2396,141,4,1,0,True,2,True,ok: has a substantive lead,retrievable: self-contained,weak: no external primary sources,none detected on-page,Add 1-2 primary-source references (CVE/vendor/RFC/MITRE),P2,medium,medium,DATA NOT AVAILABLE,DATA NOT AVAILABLE,DATA NOT AVAILABLE
masscan,https://hackita.it/articoli/masscan/,Masscan-Port-Scanner-Ultra-Veloce-per-Enumerazione-di-Rete-su-Larga-Scala.md,Masscan: Port Scanner Ultra-Veloce per Enumerazione di Rete su Larga Scala | Hackita,84,Masscan: Port Scanner Ultra-Veloce per Enumerazione di Rete su Larga Scala,1,Masscan è un port scanner ad altissima velocità capace di analizzare milioni di IP in pochi minuti. Guida pratica all’uso in fase di reconnaissance e mappatura …,161,masscan,Masscan,informational/service-enumeration,DATA NOT AVAILABLE (needs live SERP),tools,2199,148,7,8,1,True,2,True,ok: has a substantive lead,retrievable: self-contained,citations present,none detected on-page,"Shorten title to ~60 chars, primary keyword first",P2,medium,low,DATA NOT AVAILABLE,DATA NOT AVAILABLE,DATA NOT AVAILABLE
medusa,https://hackita.it/articoli/medusa/,Medusa-High-Speed-Login-Brute-Force-Tool-per-Servizi-di-Rete.md,Medusa: High-Speed Login Brute-Force Tool per Servizi di Rete | Hackita,71,Medusa: High-Speed Login Brute-Force Tool per Servizi di Rete,1,"Medusa è un tool parallelo per brute-force di autenticazioni su SSH, FTP, SMB, HTTP e altri servizi. Veloce, modulare e ideale per password auditing …",150,medusa,Medusa,tool-oriented/how-to,DATA NOT AVAILABLE (needs live SERP),tools,1285,56,7,4,2,True,2,True,ok: has a substantive lead,retrievable: self-contained,citations present,none detected on-page,"Shorten title to ~60 chars, primary keyword first",P2,medium,low,DATA NOT AVAILABLE,DATA NOT AVAILABLE,DATA NOT AVAILABLE
metasploit,https://hackita.it/articoli/metasploit/,Metasploit-Framework-Exploitation-Payload-e-Post-Exploitation-Completi.md,"Metasploit Framework: Exploitation, Payload e Post-Exploitation Completi | Hackita",82,"Metasploit Framework: Exploitation, Payload e Post-Exploitation Completi",1,"Metasploit Framework è la piattaforma di penetration testing più usata per exploit, payload e post-exploitation. Guida operativa per workflow offensivo …",153,metasploit framework,Metasploit Framework,tool-oriented/how-to,DATA NOT AVAILABLE (needs live SERP),tools,1345,52,6,31,2,True,2,True,ok: has a substantive lead,retrievable: self-contained,citations present,none detected on-page,"Shorten title to ~60 chars, primary keyword first",P2,medium,low,DATA NOT AVAILABLE,DATA NOT AVAILABLE,DATA NOT AVAILABLE
mimikatz,https://hackita.it/articoli/mimikatz/,Mimikatz-Guida-Completa-Credential-Dumping-e-Active-Directory-Attack.md,Mimikatz: Guida Completa Credential Dumping e Active Directory Attack | Hackita,79,Mimikatz: Guida Completa Credential Dumping e Active Directory Attack,1,"Mimikatz spiegato per pentest: estrazione credenziali LSASS, DCSync, Golden Ticket, pass-the-hash e attacchi Active Directory con esempi pratici.",145,mimikatz,Mimikatz,informational/definition,DATA NOT AVAILABLE (needs live SERP),windows,2079,101,7,45,3,True,2,True,ok: has a substantive lead,retrievable: self-contained,citations present,none detected on-page,"Shorten title to ~60 chars, primary keyword first",P2,medium,low,DATA NOT AVAILABLE,DATA NOT AVAILABLE,DATA NOT AVAILABLE
mimipenguin,https://hackita.it/articoli/mimipenguin/,Mimipenguin-Dump-Credenziali-Linux-da-Memoria-Post-Exploitation.md,Mimipenguin: Dump Credenziali Linux da Memoria (Post-Exploitation) | Hackita,76,Mimipenguin: Dump Credenziali Linux da Memoria (Post-Exploitation),1,"Mimipenguin è uno script post-exploitation per Linux che estrae password in chiaro dalla memoria di processi come SSH, sudo e display manager.",142,mimipenguin,Mimipenguin,informational/educational,DATA NOT AVAILABLE (needs live SERP),linux,1410,0,7,1,1,True,2,True,review: lead could be more answer-first,retrievable: self-contained,citations present,none detected on-page,"Shorten title to ~60 chars, primary keyword first",P1,high,medium,DATA NOT AVAILABLE,DATA NOT AVAILABLE,DATA NOT AVAILABLE
misc-infra-attacks-guida-completa,https://hackita.it/articoli/misc-infra-attacks-guida-completa/,Misc--Infrastructure-Attacks-Subdomain-Takeover-Race-Condition-Request-Smuggling.md,"Misc & Infrastructure Attacks: Subdomain Takeover, Race Condition, Request Smuggling | Hackita",94,"Misc & Infrastructure Attacks: Subdomain Takeover, Race Condition, Request Smuggling",1,"Guida completa alle vulnerabilità più sottovalutate nel pentesting web: Subdomain Takeover, HTTP Request Smuggling, Race Condition, Deserialization e Cache …",157,misc infrastructure attacks,Misc & Infrastructure Attacks,informational/definition,DATA NOT AVAILABLE (needs live SERP),web-hacking,3823,180,18,8,0,True,2,True,ok: has a substantive lead,retrievable: self-contained,weak: no external primary sources,none detected on-page,"Shorten title to ~60 chars, primary keyword first",P1,high,medium,DATA NOT AVAILABLE,DATA NOT AVAILABLE,DATA NOT AVAILABLE
mitmproxy,https://hackita.it/articoli/mitmproxy/,Mitmproxy-Intercettazione-e-Manipolazione-Traffico-HTTPHTTPS.md,Mitmproxy: Intercettazione e Manipolazione Traffico HTTP/HTTPS | Hackita,72,Mitmproxy: Intercettazione e Manipolazione Traffico HTTP/HTTPS,1,"mitmproxy è un proxy interattivo per analisi e manipolazione del traffico HTTP/HTTPS. Ideale per testing API, debugging e security assessment autorizzato.",154,mitmproxy,Mitmproxy,tool-oriented/how-to,DATA NOT AVAILABLE (needs live SERP),tools,3442,0,7,5,3,True,2,True,review: lead could be more answer-first,retrievable: self-contained,citations present,DUPLICATE SLUG - resolve,"Resolve slug collision editorially (pick canonical, reslug/redirect the other)",P0,high,medium,DATA NOT AVAILABLE,DATA NOT AVAILABLE,DATA NOT AVAILABLE
ms08-067,https://hackita.it/articoli/ms08-067/,MS08-067-cos-RCE-Windows-e-exploit-Metasploit.md,"MS08-067: cos'è, RCE Windows e exploit Metasploit | Hackita",59,"MS08-067: cos'è, RCE Windows e exploit Metasploit",1,"MS08-067: cos'è, come funziona e perché è una delle RCE Windows più note. Scopri Server Service, NetAPI, SMB, Metasploit, detection e mitigazioni.",146,ms08 067,MS08-067,informational/definition,DATA NOT AVAILABLE (needs live SERP),networking,1047,0,5,2,2,True,2,True,opportunity: add an answer-first definition paragraph,retrievable: self-contained,citations present,none detected on-page,Add a 2-3 sentence answer-first lead naming the entity,P2,medium,medium,DATA NOT AVAILABLE,DATA NOT AVAILABLE,DATA NOT AVAILABLE
msfconsole,https://hackita.it/articoli/msfconsole/,Msfconsole-Interfaccia-Principale-di-Metasploit-Framework.md,Msfconsole: Interfaccia Principale di Metasploit Framework | Hackita,68,Msfconsole: Interfaccia Principale di Metasploit Framework,1,"msfconsole è la console interattiva di Metasploit per exploit, payload e gestione sessioni. Guida pratica ai comandi fondamentali per penetration test.",151,msfconsole,Msfconsole,tool-oriented/how-to,DATA NOT AVAILABLE (needs live SERP),tools,1428,57,9,4,3,True,2,True,ok: has a substantive lead,retrievable: self-contained,citations present,none detected on-page,NO MAJOR ACTION REQUIRED,P3,low,none,DATA NOT AVAILABLE,DATA NOT AVAILABLE,DATA NOT AVAILABLE
nbtscan,https://hackita.it/articoli/nbtscan/,NBTScan-Scansione-Silenziosa-della-Rete-Windows-via-NetBIOS-per-Raccogliere-Info-Sensibili.md,NBTScan: Scansione NetBIOS su Linux per il Recon Windows | Hackita,66,NBTScan: Scansione NetBIOS su Linux per il Recon Windows,1,"NBTScan su Linux: scopri come scansionare host Windows, identificare nomi NetBIOS, domini, workgroup e informazioni utili per il network reconnaissance.",152,nbtscan,NBTScan,tool-oriented/how-to,DATA NOT AVAILABLE (needs live SERP),tools,1491,72,6,1,1,True,2,True,ok: has a substantive lead,retrievable: self-contained,citations present,none detected on-page,Make the first body heading a real section (not a title echo),P3,low,medium,DATA NOT AVAILABLE,DATA NOT AVAILABLE,DATA NOT AVAILABLE
nbtsscan,https://hackita.it/articoli/nbtsscan/,NBTSscan-NetBIOS-Enumeration-Rapida-su-Reti-Windows.md,NBTSscan: NetBIOS Enumeration Rapida su Reti Windows | Hackita,62,NBTSscan: NetBIOS Enumeration Rapida su Reti Windows,1,"NBTSscan è un tool leggero per enumerazione NetBIOS su reti Windows. Identifica hostname, domain e MAC address tramite query NetBIOS.",133,nbtsscan,NBTSscan,informational/educational,DATA NOT AVAILABLE (needs live SERP),networking,620,0,5,1,0,True,2,True,review: lead could be more answer-first,review,weak: no external primary sources,none detected on-page,Add a 2-3 sentence answer-first lead naming the entity,P2,medium,medium,DATA NOT AVAILABLE,DATA NOT AVAILABLE,DATA NOT AVAILABLE
nc,https://hackita.it/articoli/nc/,NC-Swiss-Army-Knife-delle-Connessioni-TCPUDP.md,NC: Swiss Army Knife delle Connessioni TCP/UDP | Hackita,56,NC: Swiss Army Knife delle Connessioni TCP/UDP,1,"NC è uno strumento versatile per connessioni TCP/UDP, port scanning, banner grabbing e reverse shell nel penetration testing autorizzato.",137,nc,NC,informational/educational,DATA NOT AVAILABLE (needs live SERP),networking,1506,0,9,1,2,True,2,True,review: lead could be more answer-first,retrievable: self-contained,citations present,none detected on-page,Add a 2-3 sentence answer-first lead naming the entity,P2,medium,medium,DATA NOT AVAILABLE,DATA NOT AVAILABLE,DATA NOT AVAILABLE
nessus,https://hackita.it/articoli/nessus/,Nessus-Guida-Completa-a-Scan-Installazione-e-Vulnerabilit.md,"Nessus: Guida Completa a Scan, Installazione e Vulnerabilità | Hackita",70,"Nessus: Guida Completa a Scan, Installazione e Vulnerabilità",1,"Guida a Nessus: installazione, Nessus Essentials, vulnerability scan, credentialed scan, policy, tuning e report. Tutto il workflow di vulnerability assessment.",160,nessus,Nessus,informational/definition,DATA NOT AVAILABLE (needs live SERP),tools,3884,0,9,1,8,True,1,True,opportunity: add an answer-first definition paragraph,retrievable: self-contained,citations present,none detected on-page,Add a 2-3 sentence answer-first lead naming the entity,P2,medium,medium,DATA NOT AVAILABLE,DATA NOT AVAILABLE,DATA NOT AVAILABLE
netcat,https://hackita.it/articoli/netcat/,Netcat-il-coltellino-svizzero-dellhacking-di-rete.md,"Netcat Linux: Comandi, Port Scanning e Network Testing | Hackita",64,"Netcat Linux: Comandi, Port Scanning e Network Testing",1,"Netcat (nc) su Linux: scopri i principali comandi per TCP/UDP, port scanning, banner grabbing, listener, trasferimento file, reverse shell e network testing.",157,netcat linux,Netcat Linux,informational/service-enumeration,DATA NOT AVAILABLE (needs live SERP),tools,1449,62,5,13,1,True,2,True,ok: has a substantive lead,retrievable: self-contained,citations present,none detected on-page,Add a 2-3 sentence answer-first lead naming the entity,P2,medium,medium,DATA NOT AVAILABLE,DATA NOT AVAILABLE,DATA NOT AVAILABLE
netdiscover,https://hackita.it/articoli/netdiscover/,Netdiscover-scopri-dispositivi-e-IP-nascosti-nella-rete-LAN.md,Netdiscover: Scopri Dispositivi e IP Nascosti Nella Rete LAN | Hackita,70,Netdiscover: Scopri Dispositivi e IP Nascosti Nella Rete LAN,1,Netdiscover è un tool essenziale per identificare dispositivi attivi nella rete locale. Ideale per il recon silenzioso tramite ARP su ambienti privi di DNS o …,159,netdiscover,Netdiscover,tool-oriented/how-to,DATA NOT AVAILABLE (needs live SERP),tools,3027,29,0,8,4,True,2,True,review: lead could be more answer-first,retrievable: self-contained,citations present,none detected on-page,Add a 2-3 sentence answer-first lead naming the entity,P2,medium,medium,DATA NOT AVAILABLE,DATA NOT AVAILABLE,DATA NOT AVAILABLE
netexec,https://hackita.it/articoli/netexec/,CrackMapExec-attacchi-rapidi-su-Active-Directory.md,NetExec (NXC): Guida Completa al Successore di CrackMapExec | Hackita,69,NetExec (NXC): Guida Completa al Successore di CrackMapExec,1,"Guida operativa completa a NetExec (nxc): SMB, LDAP, WinRM, RDP, moduli avanzati, credential dumping, vulnerability scan e lateral movement in Active Directory",159,netexec,NetExec,informational/definition,DATA NOT AVAILABLE (needs live SERP),tools,4449,0,14,23,0,True,2,True,opportunity: add an answer-first definition paragraph,retrievable: self-contained,weak: no external primary sources,none detected on-page,Add a 2-3 sentence answer-first lead naming the entity,P2,medium,medium,DATA NOT AVAILABLE,DATA NOT AVAILABLE,DATA NOT AVAILABLE
ngrok,https://hackita.it/articoli/ngrok/,Pebble-SSTI-in-Java-payload-RCE-e-CVE-2022-37767.md,ngrok Reverse Shell: tunnel TCP e Metasploit nel Pentest | Hackita,66,ngrok Reverse Shell: tunnel TCP e Metasploit nel Pentest,1,"Usa ngrok nel penetration testing per creare tunnel TCP/HTTPS oltre NAT e firewall, ricevere reverse shell con Netcat o Metasploit e valutare i limiti OPSEC.",157,ngrok reverse shell,ngrok Reverse Shell,tool-oriented/how-to,DATA NOT AVAILABLE (needs live SERP),tools,2207,142,6,2,4,True,2,True,ok: has a substantive lead,retrievable: self-contained,citations present,none detected on-page,Make the first body heading a real section (not a title echo),P3,low,medium,DATA NOT AVAILABLE,DATA NOT AVAILABLE,DATA NOT AVAILABLE
nikto,https://hackita.it/articoli/nikto/,Nikto-Web-Server-Scanner-per-Vulnerabilit-e-Misconfiguration.md,Nikto: Web Server Scanner per Vulnerabilità e Misconfiguration | Hackita,72,Nikto: Web Server Scanner per Vulnerabilità e Misconfiguration,1,"Nikto è uno scanner web per individuare vulnerabilità note, file sensibili, configurazioni errate e software obsoleto su server HTTP/HTTPS.",139,nikto,Nikto,informational/educational,DATA NOT AVAILABLE (needs live SERP),web-hacking,1815,0,7,3,1,True,2,True,review: lead could be more answer-first,retrievable: self-contained,citations present,none detected on-page,"Shorten title to ~60 chars, primary keyword first",P1,high,medium,DATA NOT AVAILABLE,DATA NOT AVAILABLE,DATA NOT AVAILABLE
nmap,https://hackita.it/articoli/nmap/,Nmap-Network-Scanner-Avanzato-per-Enumerazione-e-Service-Detection.md,"Nmap per Pentesting: Port Scanning, Network Recon e NSE | Hackita",65,"Nmap per Pentesting: Port Scanning, Network Recon e NSE",1,"Nmap per penetration testing e network recon: comandi, host discovery, port scanning TCP/UDP, service detection, OS fingerprinting, NSE ed enumeration.",151,nmap per pentesting,Nmap per Pentesting,informational/service-enumeration,DATA NOT AVAILABLE (needs live SERP),tools,3651,0,22,65,8,True,2,True,opportunity: add an answer-first definition paragraph,retrievable: self-contained,citations present,none detected on-page,Add a 2-3 sentence answer-first lead naming the entity,P2,medium,medium,DATA NOT AVAILABLE,DATA NOT AVAILABLE,DATA NOT AVAILABLE
nopac,https://hackita.it/articoli/nopac/,Mimikatz-Dump-Credenziali-DCSync-e-Golden-Ticket-in-Active-Directory.md,noPac Active Directory: exploit da utente standard a Domain Admin | Hackita,75,noPac Active Directory: exploit da utente standard a Domain Admin,1,"noPac su Active Directory: sfrutta CVE-2021-42278 e CVE-2021-42287 per impersonare un Domain Controller, fare DCSync e ottenere Domain Admin",140,nopac active directory,noPac Active Directory,informational/educational,DATA NOT AVAILABLE (needs live SERP),cve,1266,96,12,1,16,False,2,True,ok: has a substantive lead,retrievable: self-contained,citations present,none detected on-page,"Shorten title to ~60 chars, primary keyword first",P2,medium,medium,DATA NOT AVAILABLE,DATA NOT AVAILABLE,DATA NOT AVAILABLE
nosql-injection,https://hackita.it/articoli/nosql-injection/,NoSQL-Injection-Guida-a-MongoDB-Payload--Bypass-per-Pentest.md,"NoSQL Injection: Guida a MongoDB, Payload , Bypass per Pentest | Hackita",72,"NoSQL Injection: Guida a MongoDB, Payload , Bypass per Pentest",1,"Scopri cos'è NoSQL Injection su MongoDB: payload, authentication bypass, `$regex`, `$where`, blind injection, estrazione dati e tecniche di difesa.
",148,nosql injection,NoSQL Injection,informational/definition,DATA NOT AVAILABLE (needs live SERP),web-hacking,5350,193,8,1,0,True,2,True,ok: has a substantive lead,retrievable: self-contained,weak: no external primary sources,none detected on-page,"Shorten title to ~60 chars, primary keyword first",P1,high,medium,DATA NOT AVAILABLE,DATA NOT AVAILABLE,DATA NOT AVAILABLE
ntlm,https://hackita.it/articoli/ntlm/,NTLM-Protocollo-Hash-Capture-Pass-the-Hash-e-Relay-su-Active-Directory.md,"NTLM: Protocollo, Hash Capture, Pass-the-Hash e Relay su Active Directory | Hackita",83,"NTLM: Protocollo, Hash Capture, Pass-the-Hash e Relay su Active Directory",1,"NTLM spiegato da cima a fondo: handshake, cattura NetNTLMv2 con Responder, Pass-the-Hash, coercizione e CVE 2026 attivi. Decision point NTLM vs Kerberos nel …",158,ntlm,NTLM,informational/educational,DATA NOT AVAILABLE (needs live SERP),windows,1244,0,5,7,0,True,2,True,review: lead could be more answer-first,retrievable: self-contained,weak: no external primary sources,none detected on-page,"Shorten title to ~60 chars, primary keyword first",P1,high,medium,DATA NOT AVAILABLE,DATA NOT AVAILABLE,DATA NOT AVAILABLE
ntlm-information-disclosure,https://hackita.it/articoli/ntlm-information-disclosure/,NTLM-Information-Disclosure-Enumera-Dominio-Hostname-e-OS-Senza-Credenziali.md,"NTLM Information Disclosure: Enumera Dominio, Hostname e OS Senza Credenziali | Hackita",87,"NTLM Information Disclosure: Enumera Dominio, Hostname e OS Senza Credenziali",1,"L’autenticazione NTLM su HTTP rivela dominio AD, NetBIOS name, hostname e versione OS con una singola GET, senza credenziali. Tecnica di recon essenziale per …",159,ntlm information disclosure,NTLM Information Disclosure,informational/educational,DATA NOT AVAILABLE (needs live SERP),windows,2388,48,7,0,5,True,2,True,ok: has a substantive lead,retrievable: self-contained,citations present,none detected on-page,"Shorten title to ~60 chars, primary keyword first",P2,medium,medium,DATA NOT AVAILABLE,DATA NOT AVAILABLE,DATA NOT AVAILABLE
ntlm-relay,https://hackita.it/articoli/ntlm-relay/,NTLM-Relay-Attack-Setup-Completo-Chain-verso-Domain-Admin-e-Bypass-2026.md,ntlmrelayx: NTLM Relay Attack - Setup e Bypass 2026 | Hackita,61,ntlmrelayx: NTLM Relay Attack - Setup e Bypass 2026,1,"Guida completa al NTLM Relay Attack con ntlmrelayx: coercizione (PetitPotam, PrinterBug), relay SMB/LDAP/ADCS (ESC8), RBCD, Shadow Credentials e DCSync. …",154,ntlmrelayx,ntlmrelayx,informational/educational,DATA NOT AVAILABLE (needs live SERP),networking,4667,0,13,7,3,True,2,True,review: lead could be more answer-first,retrievable: self-contained,citations present,none detected on-page,Add a 2-3 sentence answer-first lead naming the entity,P2,medium,medium,DATA NOT AVAILABLE,DATA NOT AVAILABLE,DATA NOT AVAILABLE
ntp,https://hackita.it/articoli/ntp/,NTP-Come-Funziona-Come-si-Sfrutta-e-Perch-Pu-Rompere-unIntera-Rete.md,"NTP: Come Funziona, Come si Sfrutta e Perché Può Rompere un’Intera Rete | Hackita",81,"NTP: Come Funziona, Come si Sfrutta e Perché Può Rompere un’Intera Rete",1,"Scopri cos’è NTP, come funziona e perché è critico nel pentesting: monlist, amplification DDoS, rogue NTP server, skew temporale, Kerberos, TLS, log e difese.",158,ntp,NTP,tutorial/how-to,DATA NOT AVAILABLE (needs live SERP),networking,2241,71,9,5,1,True,2,True,ok: has a substantive lead,retrievable: self-contained,citations present,none detected on-page,"Shorten title to ~60 chars, primary keyword first",P2,medium,low,DATA NOT AVAILABLE,DATA NOT AVAILABLE,DATA NOT AVAILABLE
nuclei,https://hackita.it/articoli/nuclei/,Nuclei-Vulnerability-Scanner-Template-Based-ad-Alta-Velocit.md,Nuclei: Vulnerability Scanner Template-Based ad Alta Velocità | Hackita,71,Nuclei: Vulnerability Scanner Template-Based ad Alta Velocità,1,Nuclei: Vulnerability Scanner Template-Based ad Alta Velocità,61,nuclei,Nuclei,informational/educational,DATA NOT AVAILABLE (needs live SERP),web-hacking,1676,0,7,11,1,True,2,True,review: lead could be more answer-first,retrievable: self-contained,citations present,none detected on-page,"Shorten title to ~60 chars, primary keyword first",P1,high,medium,DATA NOT AVAILABLE,DATA NOT AVAILABLE,DATA NOT AVAILABLE
oauth-attack,https://hackita.it/articoli/oauth-attack/,OAuth-Attack-Vulnerabilit-OAuth-Token-Theft-e-Account-Takeover.md,"OAuth Attack: Vulnerabilità OAuth, Token Theft e Account Takeover | Hackita",75,"OAuth Attack: Vulnerabilità OAuth, Token Theft e Account Takeover",1,"Scopri come sfruttare vulnerabilità OAuth: redirect_uri manipulation, CSRF senza state, token leak nel Referer e takeover account nel pentesting web.",149,oauth attack,OAuth Attack,informational/educational,DATA NOT AVAILABLE (needs live SERP),web-hacking,2105,163,6,6,7,True,2,True,ok: has a substantive lead,retrievable: self-contained,citations present,none detected on-page,"Shorten title to ~60 chars, primary keyword first",P2,medium,medium,DATA NOT AVAILABLE,DATA NOT AVAILABLE,DATA NOT AVAILABLE
oauth-security,https://hackita.it/articoli/oauth-security/,OAuth-20-Token-Scope-e-Rischi-dei-Tool-Terzi--HackITA.md,"OAuth 2.0: Token, Scope e Rischi dei Tool Terzi | HackITA | Hackita",67,"OAuth 2.0: Token, Scope e Rischi dei Tool Terzi | HackITA",1,"Come funziona OAuth 2.0, cosa sono scope e access token, e come proteggere gli account social aziendali dal furto di token nei tool di terze parti.",147,oauth 2 0,OAuth 2.0,informational/educational,DATA NOT AVAILABLE (needs live SERP),web-hacking,1094,106,3,0,2,True,1,True,ok: has a substantive lead,retrievable: self-contained,citations present,none detected on-page,Remove the duplicated brand token from the source title,P0,high,medium,DATA NOT AVAILABLE,DATA NOT AVAILABLE,DATA NOT AVAILABLE
open-redirect,https://hackita.it/articoli/open-redirect/,Open-Redirect-Cos-Come-Sfruttarlo-e-Chain-con-OAuth-e-SSRF.md,"Open Redirect: Cos’è, Come Sfruttarlo e Chain con OAuth e SSRF | Hackita",72,"Open Redirect: Cos’è, Come Sfruttarlo e Chain con OAuth e SSRF",1,"Open Redirect nel pentesting web: detection, bypass della validazione URL e chain con OAuth token theft, SSRF bypass e phishing credibile. Guida pratica.",153,open redirect,Open Redirect,tutorial/how-to,DATA NOT AVAILABLE (needs live SERP),web-hacking,1158,0,5,6,3,True,2,True,review: lead could be more answer-first,retrievable: self-contained,citations present,none detected on-page,"Shorten title to ~60 chars, primary keyword first",P1,high,medium,DATA NOT AVAILABLE,DATA NOT AVAILABLE,DATA NOT AVAILABLE
openssl,https://hackita.it/articoli/openssl/,OpenSSL-Tool-per-TLS-Certificati-e-Crittografia.md,"OpenSSL: Tool per TLS, Certificati e Crittografia | Hackita",59,"OpenSSL: Tool per TLS, Certificati e Crittografia",1,"OpenSSL per TLS, certificati X.509, RSA ed ECDSA, PKI, s_client e crittografia. Comandi pratici per Linux, Windows, troubleshooting e pentest.",142,openssl,OpenSSL,tool-oriented/how-to,DATA NOT AVAILABLE (needs live SERP),tools,4357,86,5,0,3,True,1,True,ok: has a substantive lead,retrievable: self-contained,citations present,none detected on-page,Add in-body links to this article from related articles,P2,medium,medium,DATA NOT AVAILABLE,DATA NOT AVAILABLE,DATA NOT AVAILABLE
os-command-injection,https://hackita.it/articoli/os-command-injection/,OS-Command-Injection-Cos-Argument-Injection-e-RCE-su-Linux-e-Windows.md,"OS Command Injection: Cos’è, Argument Injection e RCE su Linux e Windows | Hackita",82,"OS Command Injection: Cos’è, Argument Injection e RCE su Linux e Windows",1,"OS Command Injection nel pentesting: separatori, argument injection, exploit su Linux e Windows (curl, tar, ffmpeg, Git, ImageMagick) e post-exploitation.",154,os command injection,OS Command Injection,informational/definition,DATA NOT AVAILABLE (needs live SERP),web-hacking,984,115,3,3,0,True,2,True,ok: has a substantive lead,retrievable: self-contained,weak: no external primary sources,none detected on-page,"Shorten title to ~60 chars, primary keyword first",P1,high,medium,DATA NOT AVAILABLE,DATA NOT AVAILABLE,DATA NOT AVAILABLE
osaka,https://hackita.it/articoli/osaka/,Osaka-Walkthrough-Proving-Grounds-Practice-Buffer-Overflow-ASLR-Bypass-e-ROP-Chain.md,"Osaka Walkthrough – OffSec PG | BOF, ROP Chain & DEP Bypass | Hackita",69,"Osaka Walkthrough – OffSec PG | BOF, ROP Chain & DEP Bypass",1,"Walkthrough Osaka – OffSec Proving Grounds: format string → ASLR bypass, ROP chain con VirtualAlloc → DEP bypass, shellcode e SeDebugPrivilege → SYSTEM.",152,osaka walkthrough,Osaka Walkthrough,walkthrough/writeup,DATA NOT AVAILABLE (needs live SERP),walkthroughs,2833,112,4,1,0,False,2,True,ok: has a substantive lead,retrievable: self-contained,weak: no external primary sources,none detected on-page,Add 1-2 primary-source references (CVE/vendor/RFC/MITRE),P2,medium,medium,DATA NOT AVAILABLE,DATA NOT AVAILABLE,DATA NOT AVAILABLE
osint-pipeline-building,https://hackita.it/articoli/osint-pipeline-building/,Recon-Pipeline-Automazione-OSINT-per-Bug-Bounty-e-Pentest.md,Recon Pipeline: Automazione OSINT per Bug Bounty e Pentest | Hackita,68,Recon Pipeline: Automazione OSINT per Bug Bounty e Pentest,1,"Guida alla recon pipeline automatizzata: subdomain enumeration, DNS, port scanning, fingerprinting, Nuclei e secret scanning per bug bounty e pentest.",150,recon pipeline,Recon Pipeline,informational/educational,DATA NOT AVAILABLE (needs live SERP),web-hacking,2744,0,8,1,4,True,2,True,review: lead could be more answer-first,retrievable: self-contained,citations present,none detected on-page,Add a 2-3 sentence answer-first lead naming the entity,P2,medium,medium,DATA NOT AVAILABLE,DATA NOT AVAILABLE,DATA NOT AVAILABLE
ospf-eigrp-bgp-rip,https://hackita.it/articoli/ospf-eigrp-bgp-rip/,OSPF-EIGRP-BGP-e-RIP-come-funzionano-e-come-si-sfruttano-in-pentest.md,"OSPF, EIGRP, BGP e RIP: come funzionano e come si sfruttano in pentest | Hackita",80,"OSPF, EIGRP, BGP e RIP: come funzionano e come si sfruttano in pentest",1,"Guida completa a OSPF, EIGRP, BGP e RIP: funzionamento, differenze, route injection, BGP hijacking, fake LSA, MITM e difese per protocolli di routing dinamico.",159,ospf eigrp bgp e rip,"OSPF, EIGRP, BGP e RIP",tutorial/how-to,DATA NOT AVAILABLE (needs live SERP),networking,2849,57,10,5,1,True,2,True,ok: has a substantive lead,retrievable: self-contained,citations present,none detected on-page,"Shorten title to ~60 chars, primary keyword first",P2,medium,low,DATA NOT AVAILABLE,DATA NOT AVAILABLE,DATA NOT AVAILABLE
osquery,https://hackita.it/articoli/osquery/,Osquery-SQL-Based-Endpoint-Monitoring-per-Linux-macOS-e-Windows.md,"Osquery: SQL-Based Endpoint Monitoring per Linux, macOS e Windows | Hackita",75,"Osquery: SQL-Based Endpoint Monitoring per Linux, macOS e Windows",1,"Osquery permette di interrogare sistemi operativi con query SQL per analizzare processi, utenti, file e configurazioni in ottica security monitoring.",149,osquery,Osquery,tool-oriented/how-to,DATA NOT AVAILABLE (needs live SERP),tools,743,0,6,2,1,True,2,True,review: lead could be more answer-first,review,citations present,none detected on-page,"Shorten title to ~60 chars, primary keyword first",P1,high,medium,DATA NOT AVAILABLE,DATA NOT AVAILABLE,DATA NOT AVAILABLE
owasp-zap,https://hackita.it/articoli/owasp-zap/,OWASP-ZAP-guida-completa-a-proxy-spider-active-scan-e-fuzzing.md,"OWASP ZAP: guida completa a proxy, spider, active scan e fuzzing | Hackita",74,"OWASP ZAP: guida completa a proxy, spider, active scan e fuzzing",1,"Scopri come usare OWASP ZAP per intercettare traffico HTTP/HTTPS, mappare applicazioni web con spider e AJAX Spider, eseguire active scan, fuzzing e test …",155,owasp zap,OWASP ZAP,informational/definition,DATA NOT AVAILABLE (needs live SERP),tools,1627,127,5,5,1,True,2,True,ok: has a substantive lead,retrievable: self-contained,citations present,none detected on-page,"Shorten title to ~60 chars, primary keyword first",P2,medium,medium,DATA NOT AVAILABLE,DATA NOT AVAILABLE,DATA NOT AVAILABLE
pass-the-hash,https://hackita.it/articoli/pass-the-hash/,Psutil-Enumerazione-Processi-e-Risorse-di-Sistema-con-Python.md,"Pass-the-Hash Windows: attacco, funzionamento e accesso senza password | Hackita",80,"Pass-the-Hash Windows: attacco, funzionamento e accesso senza password",1,"Scopri il Pass-the-Hash (PtH) su Windows: come funziona, come sfruttare hash NTLM per ottenere accesso senza password e tecniche reali di lateral movement.",155,pass the hash windows,Pass-the-Hash Windows,informational/educational,DATA NOT AVAILABLE (needs live SERP),windows,2241,50,15,31,0,True,2,True,ok: has a substantive lead,retrievable: self-contained,weak: no external primary sources,none detected on-page,"Shorten title to ~60 chars, primary keyword first",P1,high,medium,DATA NOT AVAILABLE,DATA NOT AVAILABLE,DATA NOT AVAILABLE
password-reset-attack,https://hackita.it/articoli/password-reset-attack/,Password-Reset-Attack-Tecniche-Exploit-e-Account-Takeover.md,"Password Reset Attack: Tecniche, Exploit e Account Takeover | Hackita",69,"Password Reset Attack: Tecniche, Exploit e Account Takeover",1,"Guida al Password Reset Attack: host header poisoning, token deboli, race condition, leak e tecniche pratiche per l’account takeover nei pentest web.",149,password reset attack,Password Reset Attack,informational/educational,DATA NOT AVAILABLE (needs live SERP),web-hacking,2325,0,4,6,3,True,2,True,review: lead could be more answer-first,retrievable: self-contained,citations present,none detected on-page,Add a 2-3 sentence answer-first lead naming the entity,P2,medium,medium,DATA NOT AVAILABLE,DATA NOT AVAILABLE,DATA NOT AVAILABLE
password-spraying,https://hackita.it/articoli/password-spraying/,Password-Spraying--Guida-Completa-su-AD-AD-FS-ed-Entra-ID.md,"Password Spraying : Guida Completa su AD, AD FS ed Entra ID | Hackita",69,"Password Spraying : Guida Completa su AD, AD FS ed Entra ID",1,"Scopri il password spraying su Active Directory: tecniche, tool per pentest autorizzati, detection e difese contro accessi con password deboli.",143,password spraying,Password Spraying,informational/definition,DATA NOT AVAILABLE (needs live SERP),windows,2502,0,3,11,2,True,2,True,opportunity: add an answer-first definition paragraph,retrievable: self-contained,citations present,none detected on-page,Add a 2-3 sentence answer-first lead naming the entity,P2,medium,medium,DATA NOT AVAILABLE,DATA NOT AVAILABLE,DATA NOT AVAILABLE
patator,https://hackita.it/articoli/patator/,Patator-Brute-Force-Framework-Modulare-per-Test-di-Autenticazione.md,Patator: Brute-Force Framework Modulare per Test di Autenticazione | Hackita,76,Patator: Brute-Force Framework Modulare per Test di Autenticazione,1,Patator: Brute-Force Framework Modulare per Test di Autenticazione,66,patator,Patator,tool-oriented/how-to,DATA NOT AVAILABLE (needs live SERP),tools,1615,42,7,4,1,True,2,True,ok: has a substantive lead,retrievable: self-contained,citations present,none detected on-page,"Shorten title to ~60 chars, primary keyword first",P2,medium,low,DATA NOT AVAILABLE,DATA NOT AVAILABLE,DATA NOT AVAILABLE
path-traversal,https://hackita.it/articoli/path-traversal/,Path-Traversal-Cos-Payload-WAF-Bypass-e-File-Read-nel-Pentesting.md,"Path Traversal: Cos’è, Payload, WAF Bypass e File Read nel Pentesting | Hackita",79,"Path Traversal: Cos’è, Payload, WAF Bypass e File Read nel Pentesting",1,"Path Traversal nel pentesting web: payload, WAF bypass, lettura di /etc/passwd, .env e credenziali cloud. Guida pratica con fuzzing e exploitation.",147,path traversal,Path Traversal,informational/definition,DATA NOT AVAILABLE (needs live SERP),web-hacking,2656,175,6,9,0,True,2,True,ok: has a substantive lead,retrievable: self-contained,weak: no external primary sources,none detected on-page,"Shorten title to ~60 chars, primary keyword first",P1,high,medium,DATA NOT AVAILABLE,DATA NOT AVAILABLE,DATA NOT AVAILABLE
phishing,https://hackita.it/articoli/phishing/,Phishing-Tecniche-Tipologie-e-Difese-nel-2026.md,"Phishing: Tecniche, Tipologie e Difese nel 2026 | Hackita",57,"Phishing: Tecniche, Tipologie e Difese nel 2026",1,"Phishing spiegato in modo tecnico: spear phishing, credential harvesting, OAuth phishing, MFA bypass e difese pratiche per aziende e utenti.",140,phishing,Phishing,informational/educational,DATA NOT AVAILABLE (needs live SERP),web-hacking,2182,0,6,21,3,True,2,True,review: lead could be more answer-first,retrievable: self-contained,citations present,none detected on-page,Add a 2-3 sentence answer-first lead naming the entity,P2,medium,medium,DATA NOT AVAILABLE,DATA NOT AVAILABLE,DATA NOT AVAILABLE
phishing-techniques-red-team,https://hackita.it/articoli/phishing-techniques-red-team/,Phishing-Attack-Vectors-A-Red-Team-Technical-Breakdown.md,Phishing Attack Vectors: A Red Team Technical Breakdown | Hackita,65,Phishing Attack Vectors: A Red Team Technical Breakdown,1,"Red team phishing techniques for authorized engagements: spear phishing with GoPhish, SET credential harvesting, quishing, HTML smuggling, SMTP infrastructure …",160,phishing attack vectors,Phishing Attack Vectors,informational/educational,DATA NOT AVAILABLE (needs live SERP),guides-resources,2399,135,4,2,3,True,2,True,ok: has a substantive lead,retrievable: self-contained,citations present,none detected on-page,Add a 2-3 sentence answer-first lead naming the entity,P2,medium,medium,DATA NOT AVAILABLE,DATA NOT AVAILABLE,DATA NOT AVAILABLE
ping,https://hackita.it/articoli/ping/,Ping-Fping-e-Hping3-tecniche-ICMP-e-scansioni-attive-per-il-recon.md,Ping e Tecniche ICMP e Scansioni Attive Per Il Recon | Hackita,62,Ping e Tecniche ICMP e Scansioni Attive Per Il Recon,1,"Analizza il comportamento della rete con ping, fping e hping3. Tecniche di ricognizione ICMP, host discovery e test su firewall usati nei pentest.",146,ping e tecniche icmp e scansioni attive per il recon,Ping e Tecniche ICMP e Scansioni Attive Per Il Recon,tool-oriented/how-to,DATA NOT AVAILABLE (needs live SERP),tools,2907,29,6,4,3,True,2,True,review: lead could be more answer-first,retrievable: self-contained,citations present,none detected on-page,Add a 2-3 sentence answer-first lead naming the entity,P2,medium,medium,DATA NOT AVAILABLE,DATA NOT AVAILABLE,DATA NOT AVAILABLE
pivoting,https://hackita.it/articoli/pivoting/,Pivoting-nel-Pentest-Guida-Completa-con-Ligolo-ng-Chisel-e-SSH.md,"Pivoting nel Pentest: Guida Completa con Ligolo-ng, Chisel e SSH | Hackita",74,"Pivoting nel Pentest: Guida Completa con Ligolo-ng, Chisel e SSH",1,"Guida pratica al pivoting e tunneling con SSH, Ligolo-ng, Chisel, sshuttle e ProxyChains per raggiungere reti interne e configurare double pivot.",145,pivoting nel pentest,Pivoting nel Pentest,informational/definition,DATA NOT AVAILABLE (needs live SERP),guides-resources,2794,0,8,21,5,True,2,True,opportunity: add an answer-first definition paragraph,retrievable: self-contained,citations present,none detected on-page,"Shorten title to ~60 chars, primary keyword first",P1,high,medium,DATA NOT AVAILABLE,DATA NOT AVAILABLE,DATA NOT AVAILABLE
plink,https://hackita.it/articoli/plink/,Plink-Port-Forwarding-e-Tunneling-SSH-da-Linea-di-Comando-in-Ambienti-Windows.md,Plink: Port Forwarding e Tunneling SSH da Linea di Comando in Ambienti Windows | Hackita,88,Plink: Port Forwarding e Tunneling SSH da Linea di Comando in Ambienti Windows,1,"Plink è la versione command-line di PuTTY che consente tunneling SSH, port forwarding e pivoting da sistemi Windows. Guida pratica all’uso in penetration …",155,plink,Plink,informational/service-enumeration,DATA NOT AVAILABLE (needs live SERP),tools,2299,136,4,2,1,True,2,True,ok: has a substantive lead,retrievable: self-contained,citations present,none detected on-page,"Shorten title to ~60 chars, primary keyword first",P2,medium,low,DATA NOT AVAILABLE,DATA NOT AVAILABLE,DATA NOT AVAILABLE
porta-10000-webmin,https://hackita.it/articoli/porta-10000-webmin/,Porta-10000-Webmin-Backdoor-RCE-e-Root-Immediato.md,Porta 10000 Webmin: Backdoor RCE e Root Immediato | Hackita,59,Porta 10000 Webmin: Backdoor RCE e Root Immediato,1,"Porta 10000 Webmin: backdoor CVE-2019-15107 pre-auth RCE root, CVE-2022-0824 file manager, CVE-2024-12828 CVSS 9.9, Metasploit modules e post-exploitation con …",160,porta 10000 webmin,Porta 10000 Webmin,informational/service-enumeration,DATA NOT AVAILABLE (needs live SERP),networking,1439,210,5,2,0,True,2,True,ok: has a substantive lead,retrievable: self-contained,weak: no external primary sources,none detected on-page,Add 1-2 primary-source references (CVE/vendor/RFC/MITRE),P2,medium,medium,DATA NOT AVAILABLE,DATA NOT AVAILABLE,DATA NOT AVAILABLE
porta-1025-ms-rpc,https://hackita.it/articoli/porta-1025-ms-rpc/,Porta-1025-MS-RPC-endpoint-dinamici-Windows-porta-135-e-lateral-movement.md,"Porta 1025 MS RPC: endpoint dinamici Windows, porta 135 e lateral movement. | Hackita",85,"Porta 1025 MS RPC: endpoint dinamici Windows, porta 135 e lateral movement.",1,"Scopri cos’è la porta 1025 in ambito MS RPC, perché va correlata all’endpoint mapper sulla 135 e come le porte RPC dinamiche dipendano dalla versione di …",154,porta 1025 ms rpc,Porta 1025 MS RPC,informational/service-enumeration,DATA NOT AVAILABLE (needs live SERP),networking,935,245,5,2,0,True,2,True,ok: has a substantive lead,retrievable: self-contained,weak: no external primary sources,none detected on-page,"Shorten title to ~60 chars, primary keyword first",P1,high,medium,DATA NOT AVAILABLE,DATA NOT AVAILABLE,DATA NOT AVAILABLE
porta-1026-rpc,https://hackita.it/articoli/porta-1026-rpc/,Porta-1026-MS-RPC-endpoint-dinamici-Windows-porta-135-e-servizi-remoti.md,"Porta 1026 MS RPC: endpoint dinamici Windows, porta 135 e servizi remoti. | Hackita",83,"Porta 1026 MS RPC: endpoint dinamici Windows, porta 135 e servizi remoti.",1,"Scopri cos’è la porta 1026 in ambito MS RPC, perché va correlata all’endpoint mapper sulla 135 e come le porte RPC dinamiche cambino tra sistemi legacy e …",155,porta 1026 ms rpc,Porta 1026 MS RPC,informational/service-enumeration,DATA NOT AVAILABLE (needs live SERP),networking,494,179,7,1,1,True,2,True,ok: has a substantive lead,review,citations present,none detected on-page,"Shorten title to ~60 chars, primary keyword first",P2,medium,low,DATA NOT AVAILABLE,DATA NOT AVAILABLE,DATA NOT AVAILABLE
porta-1080-socks-proxy,https://hackita.it/articoli/porta-1080-socks-proxy/,Porta-1080-TCP-SOCKS-Proxy-e-Pivoting-nella-Rete-Interna.md,Porta 1080 TCP: SOCKS Proxy e Pivoting nella Rete Interna | Hackita,67,Porta 1080 TCP: SOCKS Proxy e Pivoting nella Rete Interna,1,"La porta 1080 può esporre un SOCKS proxy aperto usabile per pivoting, tunneling e accesso alla rete interna. Scopri come identificarlo, testarlo e sfruttarlo in …",162,porta 1080 tcp,Porta 1080 TCP,informational/service-enumeration,DATA NOT AVAILABLE (needs live SERP),networking,1803,220,10,1,0,True,2,True,ok: has a substantive lead,retrievable: self-contained,weak: no external primary sources,none detected on-page,Add 1-2 primary-source references (CVE/vendor/RFC/MITRE),P2,medium,medium,DATA NOT AVAILABLE,DATA NOT AVAILABLE,DATA NOT AVAILABLE
porta-110-pop3,https://hackita.it/articoli/porta-110-pop3/,Porta-110-POP3-Brute-Force-Credential-Sniffing-e-Accesso-Mailbox.md,"Porta 110 POP3: Brute Force, Credential Sniffing e Accesso Mailbox | Hackita",76,"Porta 110 POP3: Brute Force, Credential Sniffing e Accesso Mailbox",1,"La porta 110 espone POP3, il protocollo usato per scaricare email dal server al client. Guida pratica a enumeration, brute force, sniffing di credenziali in …",158,porta 110 pop3,Porta 110 POP3,informational/service-enumeration,DATA NOT AVAILABLE (needs live SERP),networking,2582,186,4,3,1,True,2,True,ok: has a substantive lead,retrievable: self-contained,citations present,none detected on-page,"Shorten title to ~60 chars, primary keyword first",P2,medium,low,DATA NOT AVAILABLE,DATA NOT AVAILABLE,DATA NOT AVAILABLE
porta-111-rpcbind,https://hackita.it/articoli/porta-111-rpcbind/,Porta-111-RPCbind-NFS-Mount-UID-Bypass-e-Dump-Credenziali-NIS.md,"Porta 111 RPCbind: NFS Mount, UID Bypass e Dump Credenziali NIS | Hackita",73,"Porta 111 RPCbind: NFS Mount, UID Bypass e Dump Credenziali NIS",1,"RPCbind sulla 111? Enumera NFS e NIS con rpcinfo, monta share anonimi, bypassa root_squash con UID matching e ruba SSH key o hash password. Chain a root in …",157,porta 111 rpcbind,Porta 111 RPCbind,informational/service-enumeration,DATA NOT AVAILABLE (needs live SERP),networking,2493,185,0,3,1,True,2,True,ok: has a substantive lead,retrievable: self-contained,citations present,none detected on-page,"Shorten title to ~60 chars, primary keyword first",P2,medium,medium,DATA NOT AVAILABLE,DATA NOT AVAILABLE,DATA NOT AVAILABLE
porta-11211-memcached,https://hackita.it/articoli/porta-11211-memcached/,Porta-11211-Memcached-Pentest-e-Dump-Dati-2026.md,Porta 11211 Memcached: Pentest e Dump Dati 2026 | Hackita,57,Porta 11211 Memcached: Pentest e Dump Dati 2026,1,"Memcached aperto senza auth: dump session token, credenziali e JWT con nc. Amplification UDP 51.000x, cache poisoning e hardening spiegati.",139,porta 11211 memcached,Porta 11211 Memcached,informational/service-enumeration,DATA NOT AVAILABLE (needs live SERP),networking,1761,248,3,3,1,True,2,True,ok: has a substantive lead,retrievable: self-contained,citations present,none detected on-page,NO MAJOR ACTION REQUIRED,P3,low,none,DATA NOT AVAILABLE,DATA NOT AVAILABLE,DATA NOT AVAILABLE
porta-113-ident,https://hackita.it/articoli/porta-113-ident/,Porta-113-Ident-Cos-e-Cosa-Fare-se-la-Trovi-Aperta-nel-2026.md,Porta 113 Ident: Cos'è e Cosa Fare se la Trovi Aperta nel 2026 | Hackita,72,Porta 113 Ident: Cos'è e Cosa Fare se la Trovi Aperta nel 2026,1,Porta 113 aperta? Ident è quasi defunto ma rivela username e indica sistemi legacy vulnerabili. Scopri come enumerare e cosa cercare dopo.,138,porta 113 ident,Porta 113 Ident,informational/service-enumeration,DATA NOT AVAILABLE (needs live SERP),networking,1252,177,2,1,1,True,2,True,ok: has a substantive lead,retrievable: self-contained,citations present,none detected on-page,"Shorten title to ~60 chars, primary keyword first",P2,medium,low,DATA NOT AVAILABLE,DATA NOT AVAILABLE,DATA NOT AVAILABLE
porta-119-nntp,https://hackita.it/articoli/porta-119-nntp/,Porta-119-NNTP-Guida-al-Penetration-Testing-del-Network-News-Transfer-Protocol.md,Porta 119 NNTP: Guida al Penetration Testing del Network News Transfer Protocol | Hackita,89,Porta 119 NNTP: Guida al Penetration Testing del Network News Transfer Protocol,1,"Porta 119 aperta? NNTP è quasi defunto ma può esporre newsgroup con credenziali in chiaro, username e dati confidenziali. Scopri come enumerare e sfruttarlo.",157,porta 119 nntp,Porta 119 NNTP,informational/service-enumeration,DATA NOT AVAILABLE (needs live SERP),networking,1796,179,1,1,1,True,2,True,ok: has a substantive lead,retrievable: self-contained,citations present,none detected on-page,"Shorten title to ~60 chars, primary keyword first",P2,medium,low,DATA NOT AVAILABLE,DATA NOT AVAILABLE,DATA NOT AVAILABLE
porta-1194-openvpn,https://hackita.it/articoli/porta-1194-openvpn/,Porta-1194-OpenVPN-File-ovpn-Credenziali-VPN-e-Accesso-Interno.md,"Porta 1194 OpenVPN: File .ovpn, Credenziali VPN e Accesso Interno | Hackita",75,"Porta 1194 OpenVPN: File .ovpn, Credenziali VPN e Accesso Interno",1,"Pentest OpenVPN sulla porta 1194: fingerprint UDP/TCP, analisi file .ovpn, test credenziali, certificati client e accesso alla rete interna in lab.",147,porta 1194 openvpn,Porta 1194 OpenVPN,informational/service-enumeration,DATA NOT AVAILABLE (needs live SERP),networking,1453,211,5,2,1,True,2,True,ok: has a substantive lead,retrievable: self-contained,citations present,none detected on-page,"Shorten title to ~60 chars, primary keyword first",P2,medium,low,DATA NOT AVAILABLE,DATA NOT AVAILABLE,DATA NOT AVAILABLE
porta-135-rpc,https://hackita.it/articoli/porta-135-rpc/,Porta-135-RPC-Windows-Null-Session-WMI-Exec-e-Lateral-Movement-AD.md,"Porta 135 RPC Windows: Null Session, WMI Exec e Lateral Movement AD | Hackita",77,"Porta 135 RPC Windows: Null Session, WMI Exec e Lateral Movement AD",1,"Porta 135 aperta? Enumera utenti con null session e RID cycling, esegui comandi via WMI/DCOM con Impacket e arriva a Domain Admin in 42 minuti. Guida pentest AD …",162,porta 135 rpc windows,Porta 135 RPC Windows,informational/service-enumeration,DATA NOT AVAILABLE (needs live SERP),networking,2801,218,1,4,1,True,2,True,ok: has a substantive lead,retrievable: self-contained,citations present,none detected on-page,"Shorten title to ~60 chars, primary keyword first",P2,medium,low,DATA NOT AVAILABLE,DATA NOT AVAILABLE,DATA NOT AVAILABLE
porta-1352-lotus-notes,https://hackita.it/articoli/porta-1352-lotus-notes/,Porta-1352-Lotus-NotesDomino-NRPC-namesnsf-e-WebAdmin.md,"Porta 1352 Lotus Notes/Domino: NRPC, names.nsf e WebAdmin | Hackita",67,"Porta 1352 Lotus Notes/Domino: NRPC, names.nsf e WebAdmin",1,"Pentest Lotus Notes/Domino sulla porta 1352: enum NRPC, names.nsf, Domino Directory, database NSF, WebAdmin e accessi deboli in ambienti legacy.",144,porta 1352 lotus notes domino,Porta 1352 Lotus Notes/Domino,informational/service-enumeration,DATA NOT AVAILABLE (needs live SERP),networking,977,384,5,1,0,True,2,True,ok: has a substantive lead,retrievable: self-contained,weak: no external primary sources,none detected on-page,Add 1-2 primary-source references (CVE/vendor/RFC/MITRE),P2,medium,medium,DATA NOT AVAILABLE,DATA NOT AVAILABLE,DATA NOT AVAILABLE
porta-137-netbios,https://hackita.it/articoli/porta-137-netbios/,Porta-137-NetBIOS-Responder-NTLM-Relay-e-Credential-Theft-su-AD.md,"Porta 137 NetBIOS: Responder, NTLM Relay e Credential Theft su AD | Hackita",75,"Porta 137 NetBIOS: Responder, NTLM Relay e Credential Theft su AD",1,"NetBIOS sulla port 137 abilitato? Responder cattura hash NTLMv2 in minuti, ntlmrelayx esegue comandi senza crackare. Chain da NBT-NS poisoning a Domain Admin …",159,porta 137 netbios,Porta 137 NetBIOS,informational/service-enumeration,DATA NOT AVAILABLE (needs live SERP),networking,2575,220,1,2,2,True,2,True,ok: has a substantive lead,retrievable: self-contained,citations present,none detected on-page,"Shorten title to ~60 chars, primary keyword first",P2,medium,low,DATA NOT AVAILABLE,DATA NOT AVAILABLE,DATA NOT AVAILABLE
porta-138-netbios-datagram,https://hackita.it/articoli/porta-138-netbios-datagram/,Porta-138-NetBIOS-Datagram-Guida-al-Penetration-Testing-del-Servizio-Broadcast-Windows.md,Porta 138 NetBIOS Datagram: Guida al Penetration Testing del Servizio Broadcast Windows | Hackita,97,Porta 138 NetBIOS Datagram: Guida al Penetration Testing del Servizio Broadcast Windows,1,"Porta 138 aperta? Attack surface minimal nel 2026, ma indica NetBIOS abilitato. Focus su porta 137 con Responder e 445 con SMB — quelli sono i vettori reali.",157,porta 138 netbios datagram,Porta 138 NetBIOS Datagram,informational/service-enumeration,DATA NOT AVAILABLE (needs live SERP),networking,1627,217,4,1,1,True,2,True,ok: has a substantive lead,retrievable: self-contained,citations present,none detected on-page,"Shorten title to ~60 chars, primary keyword first",P2,medium,low,DATA NOT AVAILABLE,DATA NOT AVAILABLE,DATA NOT AVAILABLE
porta-139-netbios-session,https://hackita.it/articoli/porta-139-netbios-session/,Porta-139-NetBIOS-Session-Null-Session-EternalBlue-e-SMB-Relay-su-AD.md,"Porta 139 NetBIOS Session: Null Session, EternalBlue e SMB Relay su AD | Hackita",80,"Porta 139 NetBIOS Session: Null Session, EternalBlue e SMB Relay su AD",1,"Porta 139 aperta? Enumera utenti con null session, sfrutta MS17-010 su SMBv1 e usa ntlmrelayx se signing è disabilitato. Chain a Domain Admin in 27 minuti.",155,porta 139 netbios session,Porta 139 NetBIOS Session,informational/service-enumeration,DATA NOT AVAILABLE (needs live SERP),networking,3197,232,3,1,1,True,2,True,ok: has a substantive lead,retrievable: self-contained,citations present,none detected on-page,"Shorten title to ~60 chars, primary keyword first",P2,medium,low,DATA NOT AVAILABLE,DATA NOT AVAILABLE,DATA NOT AVAILABLE
porta-143-imap,https://hackita.it/articoli/porta-143-imap/,Porta-143-IMAP-Accesso-Mailbox-Brute-Force-e-Mail-Server-Enumeration.md,"Porta 143 IMAP: Accesso Mailbox, Brute Force e Mail Server Enumeration | Hackita",80,"Porta 143 IMAP: Accesso Mailbox, Brute Force e Mail Server Enumeration",1,"La porta 143 espone IMAP, il protocollo usato per accedere e sincronizzare email e cartelle direttamente sul server. Guida pratica a enumeration, login testing, …",162,porta 143 imap,Porta 143 IMAP,informational/service-enumeration,DATA NOT AVAILABLE (needs live SERP),networking,3077,248,3,2,1,True,2,True,ok: has a substantive lead,retrievable: self-contained,citations present,none detected on-page,"Shorten title to ~60 chars, primary keyword first",P2,medium,low,DATA NOT AVAILABLE,DATA NOT AVAILABLE,DATA NOT AVAILABLE
porta-1433-mssql,https://hackita.it/articoli/porta-1433-mssql/,MSSQL-Porta-1433-RCE-con-xpcmdshell-Linked-Server-e-Lateral-Movement.md,"Pentesting MSSQL: Porta 1433,Enumerazione, Attacco e Payload | Hackita",70,"Pentesting MSSQL: Porta 1433,Enumerazione, Attacco e Payload",1,"Scopri come enumerare ed entrare su MSSQL (port 1433): pentest per credenziali deboli, xp_dirtree per hash NTLM, xp_cmdshell per RCE e pivoting su linked server",160,pentesting mssql,Pentesting MSSQL,informational/service-enumeration,DATA NOT AVAILABLE (needs live SERP),windows,5018,0,6,17,4,True,2,True,opportunity: add an answer-first definition paragraph,retrievable: self-contained,citations present,none detected on-page,Add a 2-3 sentence answer-first lead naming the entity,P2,medium,medium,DATA NOT AVAILABLE,DATA NOT AVAILABLE,DATA NOT AVAILABLE
porta-1434-mssql-monitor,https://hackita.it/articoli/porta-1434-mssql-monitor/,Porta-1434-MSSQL-SQL-Server-Browser-e-Discovery-Istanze.md,Porta 1434 MSSQL: SQL Server Browser e Discovery Istanze | Hackita,66,Porta 1434 MSSQL: SQL Server Browser e Discovery Istanze,1,"Pentest MSSQL sulla porta 1434/UDP: enumerazione SQL Server Browser, named instance, versione, porte dinamiche e discovery delle istanze SQL in lab.",148,porta 1434 mssql,Porta 1434 MSSQL,informational/service-enumeration,DATA NOT AVAILABLE (needs live SERP),networking,1335,210,4,1,0,True,2,True,ok: has a substantive lead,retrievable: self-contained,weak: no external primary sources,none detected on-page,Add 1-2 primary-source references (CVE/vendor/RFC/MITRE),P2,medium,medium,DATA NOT AVAILABLE,DATA NOT AVAILABLE,DATA NOT AVAILABLE
porta-1521-oracle,https://hackita.it/articoli/porta-1521-oracle/,Porta-1521-Oracle-DB-TNS-Listener-SID-e-Privilege-Escalation.md,"Porta 1521 Oracle DB: TNS Listener, SID e Privilege Escalation | Hackita",72,"Porta 1521 Oracle DB: TNS Listener, SID e Privilege Escalation",1,"Pentest Oracle 1521: enumerazione TNS Listener, payload, SID e service name, test credenziali deboli, SQL injection, escalation a DBA e lateral movement in lab.",160,porta 1521 oracle db,Porta 1521 Oracle DB,informational/service-enumeration,DATA NOT AVAILABLE (needs live SERP),networking,2597,226,2,4,1,True,2,True,ok: has a substantive lead,retrievable: self-contained,citations present,none detected on-page,"Shorten title to ~60 chars, primary keyword first",P2,medium,medium,DATA NOT AVAILABLE,DATA NOT AVAILABLE,DATA NOT AVAILABLE
porta-15672-rabbitmq-web,https://hackita.it/articoli/porta-15672-rabbitmq-web/,Porta-15672-RabbitMQ-da-guestguest-a-RCE-con-Erlang-Cookie.md,Porta 15672 RabbitMQ: da guest:guest a RCE con Erlang Cookie | Hackita,70,Porta 15672 RabbitMQ: da guest:guest a RCE con Erlang Cookie,1,"RabbitMQ management esposto sulla 15672? Con guest:guest leggi ogni messaggio in coda, dumpi hash e ottieni RCE via Erlang cookie. Guida offensiva pratica.
",156,porta 15672 rabbitmq,Porta 15672 RabbitMQ,informational/service-enumeration,DATA NOT AVAILABLE (needs live SERP),networking,2023,233,11,3,0,True,2,True,ok: has a substantive lead,retrievable: self-contained,weak: no external primary sources,none detected on-page,Add 1-2 primary-source references (CVE/vendor/RFC/MITRE),P2,medium,medium,DATA NOT AVAILABLE,DATA NOT AVAILABLE,DATA NOT AVAILABLE
porta-16010-hbase,https://hackita.it/articoli/porta-16010-hbase/,Porta-16010-HBase-Dump-Miliardi-di-Record-Senza-Autenticazione.md,Porta 16010 HBase: Dump Miliardi di Record Senza Autenticazione | Hackita,73,Porta 16010 HBase: Dump Miliardi di Record Senza Autenticazione,1,"HBase Master UI sulla 16010 senza auth: enumera tabelle, dumpa dati via REST API e Thrift, leggi token e CDR. Pentest completo con scan, lateral movement …",155,porta 16010 hbase,Porta 16010 HBase,informational/service-enumeration,DATA NOT AVAILABLE (needs live SERP),networking,1621,236,9,3,0,True,2,True,ok: has a substantive lead,retrievable: self-contained,weak: no external primary sources,none detected on-page,"Shorten title to ~60 chars, primary keyword first",P1,high,medium,DATA NOT AVAILABLE,DATA NOT AVAILABLE,DATA NOT AVAILABLE
porta-1604-citrix-ica,https://hackita.it/articoli/porta-1604-citrix-ica/,Porta-1604-Citrix-ICA-ICA-Browser-App-Pubblicate-e-StoreFront.md,"Porta 1604 Citrix ICA: ICA Browser, App Pubblicate e StoreFront | Hackita",73,"Porta 1604 Citrix ICA: ICA Browser, App Pubblicate e StoreFront",1,"Pentest Citrix sulla porta 1604/UDP: enumerazione ICA Browser, app pubblicate, StoreFront, servizi 1494/2598 e accesso agli ambienti Citrix Virtual Apps in lab.",160,porta 1604 citrix ica,Porta 1604 Citrix ICA,informational/service-enumeration,DATA NOT AVAILABLE (needs live SERP),networking,1102,209,4,1,0,True,2,True,ok: has a substantive lead,retrievable: self-contained,weak: no external primary sources,none detected on-page,"Shorten title to ~60 chars, primary keyword first",P1,high,medium,DATA NOT AVAILABLE,DATA NOT AVAILABLE,DATA NOT AVAILABLE
porta-162-snmptrap,https://hackita.it/articoli/porta-162-snmptrap/,Porta-162-SNMP-Trap-cos-come-funziona-e-differenze-con-la-porta-161.md,"Porta 162 SNMP Trap: cos’è, come funziona e differenze con la porta 161 | Hackita",81,"Porta 162 SNMP Trap: cos’è, come funziona e differenze con la porta 161",1,"Scopri a cosa serve la porta 162 SNMP Trap, come funziona il canale di notifica rispetto alla porta 161, quali rischi introduce con SNMPv1/v2c e come sfruttarla …",162,porta 162 snmp trap,Porta 162 SNMP Trap,informational/service-enumeration,DATA NOT AVAILABLE (needs live SERP),networking,3188,123,12,2,0,True,2,True,ok: has a substantive lead,retrievable: self-contained,weak: no external primary sources,none detected on-page,"Shorten title to ~60 chars, primary keyword first",P1,high,medium,DATA NOT AVAILABLE,DATA NOT AVAILABLE,DATA NOT AVAILABLE
porta-1723-pptp,https://hackita.it/articoli/porta-1723-pptp/,Porta-1723-PPTP-MS-CHAPv2-e-Credenziali-VPN.md,Porta 1723 PPTP: MS-CHAPv2 e Credenziali VPN | Hackita,54,Porta 1723 PPTP: MS-CHAPv2 e Credenziali VPN,1,"Pentest PPTP sulla porta 1723: Cos'è, fingerprint del control channel, analisi MS-CHAPv2, credenziali VPN legacy, GRE e rischio accesso alla rete interna.",154,porta 1723 pptp,Porta 1723 PPTP,informational/service-enumeration,DATA NOT AVAILABLE (needs live SERP),networking,836,234,4,1,1,True,2,True,ok: has a substantive lead,retrievable: self-contained,citations present,none detected on-page,NO MAJOR ACTION REQUIRED,P3,low,none,DATA NOT AVAILABLE,DATA NOT AVAILABLE,DATA NOT AVAILABLE
porta-179-bgp,https://hackita.it/articoli/porta-179-bgp/,Porta-179-BGP-cos-come-funziona-e-rischi-di-sicurezza-del-routing.md,"Porta 179 BGP: cos’è, come funziona e rischi di sicurezza del routing | Hackita",79,"Porta 179 BGP: cos’è, come funziona e rischi di sicurezza del routing",1,"Scopri a cosa serve la porta 179 BGP, come funziona il peering tra Autonomous System, quali rischi introduce una sessione mal configurata e come si analizzano …",160,porta 179 bgp,Porta 179 BGP,informational/service-enumeration,DATA NOT AVAILABLE (needs live SERP),networking,3171,127,6,1,0,True,2,True,ok: has a substantive lead,retrievable: self-contained,weak: no external primary sources,none detected on-page,"Shorten title to ~60 chars, primary keyword first",P1,high,medium,DATA NOT AVAILABLE,DATA NOT AVAILABLE,DATA NOT AVAILABLE
porta-1812-radius-auth,https://hackita.it/articoli/porta-1812-radius-auth/,Porta-1812-RADIUS-Shared-Secret-EAP-e-Accesso-alla-Rete.md,"Porta 1812 RADIUS: Shared Secret, EAP e Accesso alla Rete | Hackita",67,"Porta 1812 RADIUS: Shared Secret, EAP e Accesso alla Rete",1,"Pentest RADIUS sulla porta 1812/UDP: test shared secret, autenticazione EAP, backend AD/LDAP, RADIUS Accounting e controllo dell’accesso di rete in lab.",152,porta 1812 radius,Porta 1812 RADIUS,informational/service-enumeration,DATA NOT AVAILABLE (needs live SERP),networking,1095,209,4,2,2,True,2,True,ok: has a substantive lead,retrievable: self-contained,citations present,none detected on-page,NO MAJOR ACTION REQUIRED,P3,low,none,DATA NOT AVAILABLE,DATA NOT AVAILABLE,DATA NOT AVAILABLE
porta-1813-radius-accounting,https://hackita.it/articoli/porta-1813-radius-accounting/,Porta-1813-RADIUS-Accounting-Sessioni-IP-Assegnati-e-RADIUS-1812.md,"Porta 1813 RADIUS Accounting: Sessioni, IP Assegnati e RADIUS 1812 | Hackita",76,"Porta 1813 RADIUS Accounting: Sessioni, IP Assegnati e RADIUS 1812",1,"Pentest RADIUS Accounting sulla porta 1813/UDP: session tracking, Framed-IP, Accounting-Request, correlazione con 1812 e visibilità sulle sessioni di rete in …",159,porta 1813 radius accounting,Porta 1813 RADIUS Accounting,informational/service-enumeration,DATA NOT AVAILABLE (needs live SERP),networking,568,168,4,1,1,True,2,True,ok: has a substantive lead,review,citations present,none detected on-page,"Shorten title to ~60 chars, primary keyword first",P2,medium,low,DATA NOT AVAILABLE,DATA NOT AVAILABLE,DATA NOT AVAILABLE
porta-1883-mqtt,https://hackita.it/articoli/porta-1883-mqtt/,Porta-1883-MQTT-Pentest-Topic-Enumeration-e-Injection.md,"Porta 1883 MQTT: Pentest, Topic Enumeration e Injection | Hackita",65,"Porta 1883 MQTT: Pentest, Topic Enumeration e Injection",1,"Port 1883 MQTT nel pentest IoT: topic enumeration, anonymous subscribe, message injection e credenziali in chiaro su broker esposti.",132,porta 1883 mqtt,Porta 1883 MQTT,informational/service-enumeration,DATA NOT AVAILABLE (needs live SERP),networking,1877,213,3,1,0,True,2,True,ok: has a substantive lead,retrievable: self-contained,weak: no external primary sources,none detected on-page,Add 1-2 primary-source references (CVE/vendor/RFC/MITRE),P2,medium,medium,DATA NOT AVAILABLE,DATA NOT AVAILABLE,DATA NOT AVAILABLE
porta-1900-ssdp-upnp,https://hackita.it/articoli/porta-1900-ssdp-upnp/,Porta-1900-SSDPUPnP-Pentest-Port-Mapping-e-SSRF.md,"Porta 1900 SSDP/UPnP: Pentest, Port Mapping e SSRF | Hackita",60,"Porta 1900 SSDP/UPnP: Pentest, Port Mapping e SSRF",1,"Porta 1900 SSDP/UPnP nel pentest: discovery dei device, port mapping abuse, SSRF via CallStranger e analisi dei servizi esposti.",128,porta 1900 ssdp upnp,Porta 1900 SSDP/UPnP,informational/service-enumeration,DATA NOT AVAILABLE (needs live SERP),networking,1292,254,3,3,0,True,2,True,ok: has a substantive lead,retrievable: self-contained,weak: no external primary sources,none detected on-page,Add 1-2 primary-source references (CVE/vendor/RFC/MITRE),P2,medium,medium,DATA NOT AVAILABLE,DATA NOT AVAILABLE,DATA NOT AVAILABLE
porta-194-irc,https://hackita.it/articoli/porta-194-irc/,Porta-194-IRC-cos-come-funziona-e-differenze-con-6667-e-6697.md,"Porta 194 IRC: cos’è, come funziona e differenze con 6667 e 6697 | Hackita",74,"Porta 194 IRC: cos’è, come funziona e differenze con 6667 e 6697",1,"Scopri a cosa serve la porta 194 IRC, perché molti server usano 6667 o 6697, come funziona il protocollo e quali rischi introduce tra enumerazione utenti, …",156,porta 194 irc,Porta 194 IRC,informational/service-enumeration,DATA NOT AVAILABLE (needs live SERP),networking,3438,113,6,1,1,True,2,True,ok: has a substantive lead,retrievable: self-contained,citations present,none detected on-page,"Shorten title to ~60 chars, primary keyword first",P2,medium,low,DATA NOT AVAILABLE,DATA NOT AVAILABLE,DATA NOT AVAILABLE
porta-1947-hasp,https://hackita.it/articoli/porta-1947-hasp/,Porta-1947-HASP-Pentest-e-Sentinel-Admin-Control-Center.md,Porta 1947 HASP: Pentest e Sentinel Admin Control Center | Hackita,66,Porta 1947 HASP: Pentest e Sentinel Admin Control Center,1,"Port 1947 HASP nel pentest: Sentinel Admin Control Center, enumerazione dongle e licenze attive, version check e rischi RCE del License Manager.",144,porta 1947 hasp,Porta 1947 HASP,informational/service-enumeration,DATA NOT AVAILABLE (needs live SERP),networking,846,212,4,1,0,True,2,True,ok: has a substantive lead,retrievable: self-contained,weak: no external primary sources,none detected on-page,Add 1-2 primary-source references (CVE/vendor/RFC/MITRE),P2,medium,medium,DATA NOT AVAILABLE,DATA NOT AVAILABLE,DATA NOT AVAILABLE
porta-1984-bigbrother,https://hackita.it/articoli/porta-1984-bigbrother/,Porta-1984-XymonBigBrother-Recon-e-Info-Disclosure.md,Porta 1984 Xymon/BigBrother: Recon e Info Disclosure | Hackita,62,Porta 1984 Xymon/BigBrother: Recon e Info Disclosure,1,"Porta 1984 Xymon e BigBrother nel pentest: agent monitoring, host data disclosure, servizi esposti e dashboard infrastrutturale accessibile senza adeguati …",156,porta 1984 xymon bigbrother,Porta 1984 Xymon/BigBrother,informational/service-enumeration,DATA NOT AVAILABLE (needs live SERP),networking,712,196,3,1,0,True,2,True,ok: has a substantive lead,review,weak: no external primary sources,none detected on-page,Add 1-2 primary-source references (CVE/vendor/RFC/MITRE),P2,medium,medium,DATA NOT AVAILABLE,DATA NOT AVAILABLE,DATA NOT AVAILABLE
porta-199-smux,https://hackita.it/articoli/porta-199-smux/,Porta-199-SMUX-cos-come-funziona-e-rischi-di-sicurezza-per-SNMP.md,"Porta 199 SMUX: cos’è, come funziona e rischi di sicurezza per SNMP | Hackita",77,"Porta 199 SMUX: cos’è, come funziona e rischi di sicurezza per SNMP",1,"Scopri a cosa serve la porta 199 SMUX, come collega subagent e master agent SNMP, quali rischi introduce quando è esposta in rete e come analizzare …",149,porta 199 smux,Porta 199 SMUX,informational/service-enumeration,DATA NOT AVAILABLE (needs live SERP),networking,3342,131,5,2,0,True,2,True,ok: has a substantive lead,retrievable: self-contained,weak: no external primary sources,none detected on-page,"Shorten title to ~60 chars, primary keyword first",P1,high,medium,DATA NOT AVAILABLE,DATA NOT AVAILABLE,DATA NOT AVAILABLE
porta-1990-upnp,https://hackita.it/articoli/porta-1990-upnp/,Porta-1990-UPnP-SOAP-Port-Mapping-e-Device-Control.md,"Porta 1990 UPnP: SOAP, Port Mapping e Device Control | Hackita",62,"Porta 1990 UPnP: SOAP, Port Mapping e Device Control",1,"Porta 1990 UPnP nel pentest: SOAP action, port mapping abuse, device control e analisi dei servizi IGD esposti sul router.",122,porta 1990 upnp,Porta 1990 UPnP,informational/service-enumeration,DATA NOT AVAILABLE (needs live SERP),networking,577,142,4,1,0,True,2,True,ok: has a substantive lead,review,weak: no external primary sources,none detected on-page,Add 1-2 primary-source references (CVE/vendor/RFC/MITRE),P2,medium,medium,DATA NOT AVAILABLE,DATA NOT AVAILABLE,DATA NOT AVAILABLE
porta-1991-cpanel,https://hackita.it/articoli/porta-1991-cpanel/,Port-1991-cPanel-e-WHM-Pentest-Enumerazione-e-Hardening.md,"Port 1991 cPanel e WHM: Pentest, Enumerazione e Hardening | Hackita",67,"Port 1991 cPanel e WHM: Pentest, Enumerazione e Hardening",1,"Guida pentest su cPanel e WHM: pannelli 2083, 2087 e Webmail 2096, account enumeration, API, esposizione hosting e misconfigurazioni critiche",141,port 1991 cpanel e whm,Port 1991 cPanel e WHM,informational/service-enumeration,DATA NOT AVAILABLE (needs live SERP),networking,1015,219,6,1,0,True,2,True,ok: has a substantive lead,retrievable: self-contained,weak: no external primary sources,none detected on-page,Add a 2-3 sentence answer-first lead naming the entity,P2,medium,medium,DATA NOT AVAILABLE,DATA NOT AVAILABLE,DATA NOT AVAILABLE
porta-1993-snmp-inform,https://hackita.it/articoli/porta-1993-snmp-inform/,Porta-1993-SNMP-Inform-Trap-e-Monitoring.md,"Porta 1993 SNMP: Inform, Trap e Monitoring | Hackita",52,"Porta 1993 SNMP: Inform, Trap e Monitoring",1,"Porta 1993 SNMP nel pentest: SNMP Inform, trap correlation, community string, collector alternativi e information disclosure su server di monitoring.",149,porta 1993 snmp,Porta 1993 SNMP,informational/service-enumeration,DATA NOT AVAILABLE (needs live SERP),networking,771,152,3,1,0,True,2,True,ok: has a substantive lead,review,weak: no external primary sources,none detected on-page,Add 1-2 primary-source references (CVE/vendor/RFC/MITRE),P2,medium,medium,DATA NOT AVAILABLE,DATA NOT AVAILABLE,DATA NOT AVAILABLE
porta-2049-nfs,https://hackita.it/articoli/porta-2049-nfs/,Porta-2049-NFS-Pentest-norootsquash-e-Lateral-Movement.md,"Porta 2049 NFS: Pentest, no_root_squash e Lateral Movement | Hackita",68,"Porta 2049 NFS: Pentest, no_root_squash e Lateral Movement",1,"Porta 2049 NFS nel pentest: export enumeration, mount remoto, UID spoofing, no_root_squash, SSH key injection e privesc Linux.",126,porta 2049 nfs,Porta 2049 NFS,informational/service-enumeration,DATA NOT AVAILABLE (needs live SERP),networking,1708,149,9,11,1,True,2,True,ok: has a substantive lead,retrievable: self-contained,citations present,none detected on-page,NO MAJOR ACTION REQUIRED,P3,low,none,DATA NOT AVAILABLE,DATA NOT AVAILABLE,DATA NOT AVAILABLE
porta-2082-cpanel,https://hackita.it/articoli/porta-2082-cpanel/,Porta-2082-cPanel-Pentest-Credential-Reuse-e-Webshell.md,"Porta 2082 cPanel: Pentest, Credential Reuse e Webshell | Hackita",65,"Porta 2082 cPanel: Pentest, Credential Reuse e Webshell",1,"Porta 2082 cPanel nel pentest: login HTTP non cifrato, credential reuse, upload via File Manager, accesso a database, email e backup.",133,porta 2082 cpanel,Porta 2082 cPanel,informational/service-enumeration,DATA NOT AVAILABLE (needs live SERP),networking,1301,148,8,4,0,True,2,True,ok: has a substantive lead,retrievable: self-contained,weak: no external primary sources,none detected on-page,Add 1-2 primary-source references (CVE/vendor/RFC/MITRE),P2,medium,medium,DATA NOT AVAILABLE,DATA NOT AVAILABLE,DATA NOT AVAILABLE
porta-2083-cpanel-ssl,https://hackita.it/articoli/porta-2083-cpanel-ssl/,Porta-2083-cPanel-SSL-Pentest-API-e-Login-HTTPS.md,"Porta 2083 cPanel SSL: Pentest, API e Login HTTPS | Hackita",59,"Porta 2083 cPanel SSL: Pentest, API e Login HTTPS",1,"Porta 2083 cPanel SSL nel pentest: login HTTPS, TLS enumeration, API cPanel, upload file, automazione post-auth e controlli cPHulk.",131,porta 2083 cpanel ssl,Porta 2083 cPanel SSL,informational/service-enumeration,DATA NOT AVAILABLE (needs live SERP),networking,1070,134,4,3,0,True,2,True,ok: has a substantive lead,retrievable: self-contained,weak: no external primary sources,none detected on-page,Add 1-2 primary-source references (CVE/vendor/RFC/MITRE),P2,medium,medium,DATA NOT AVAILABLE,DATA NOT AVAILABLE,DATA NOT AVAILABLE
porta-21-ftp,https://hackita.it/articoli/porta-21-ftp/,Porta-21-FTP-Anonymous-Login-Brute-Force-ed-Exploit.md,"Porta 21 FTP: Anonymous Login, Brute Force ed Exploit | Hackita",63,"Porta 21 FTP: Anonymous Login, Brute Force ed Exploit",1,"La porta 21 FTP resta un target chiave nei pentest: scopri enumerazione, anonymous login, brute force, upload di file, exploit vsftpd e ProFTPD, detection e …",158,porta 21 ftp,Porta 21 FTP,informational/service-enumeration,DATA NOT AVAILABLE (needs live SERP),networking,3624,172,8,2,2,True,2,True,ok: has a substantive lead,retrievable: self-contained,citations present,none detected on-page,NO MAJOR ACTION REQUIRED,P3,low,medium,DATA NOT AVAILABLE,DATA NOT AVAILABLE,DATA NOT AVAILABLE
porta-2181-zookeeper,https://hackita.it/articoli/porta-2181-zookeeper/,Porta-2181-ZooKeeper-Pentest-Dump-e-Four-Letter-Commands.md,"Porta 2181 ZooKeeper: Pentest, Dump e Four-Letter Commands | Hackita",68,"Porta 2181 ZooKeeper: Pentest, Dump e Four-Letter Commands",1,"Porta 2181 ZooKeeper nel pentest: four-letter commands, dump configurazioni, cluster enumeration e metadata sensibili.",118,porta 2181 zookeeper,Porta 2181 ZooKeeper,informational/service-enumeration,DATA NOT AVAILABLE (needs live SERP),networking,2158,225,6,5,0,True,2,True,ok: has a substantive lead,retrievable: self-contained,weak: no external primary sources,none detected on-page,Add 1-2 primary-source references (CVE/vendor/RFC/MITRE),P2,medium,medium,DATA NOT AVAILABLE,DATA NOT AVAILABLE,DATA NOT AVAILABLE
porta-23-telnet,https://hackita.it/articoli/porta-23-telnet/,Porta-23-Telnet-Credenziali-in-Chiaro-Sniffing-e-Brute-Force.md,"Porta 23 Telnet: Credenziali in Chiaro, Sniffing e Brute Force | Hackita",72,"Porta 23 Telnet: Credenziali in Chiaro, Sniffing e Brute Force",1,"La porta 23 Telnet è una critical finding immediata: trasmette credenziali in chiaro, facilita brute force, sniffing e accesso remoto insicuro. Scopri come …",157,porta 23 telnet,Porta 23 Telnet,informational/service-enumeration,DATA NOT AVAILABLE (needs live SERP),networking,3569,193,1,1,2,True,2,True,ok: has a substantive lead,retrievable: self-contained,citations present,none detected on-page,"Shorten title to ~60 chars, primary keyword first",P2,medium,low,DATA NOT AVAILABLE,DATA NOT AVAILABLE,DATA NOT AVAILABLE
porta-2375-docker-api,https://hackita.it/articoli/porta-2375-docker-api/,Porta-2375-Docker-API-Enumerazione-RCE-e-Hardening.md,"Porta 2375 Docker API: Enumerazione, RCE e Hardening | Hackita",62,"Porta 2375 Docker API: Enumerazione, RCE e Hardening",1,"Porta 2375 Docker API pentest: verifica l’accesso senza autenticazione, ottieni RCE e root sull’host e applica detection, TLS, firewall e hardening.",148,porta 2375 docker api,Porta 2375 Docker API,informational/service-enumeration,DATA NOT AVAILABLE (needs live SERP),networking,2079,0,3,6,4,True,2,True,opportunity: add an answer-first definition paragraph,retrievable: self-contained,citations present,none detected on-page,Add a 2-3 sentence answer-first lead naming the entity,P2,medium,medium,DATA NOT AVAILABLE,DATA NOT AVAILABLE,DATA NOT AVAILABLE
porta-2376-docker-ssl,https://hackita.it/articoli/porta-2376-docker-ssl/,Porta-2376-Docker-API-TLS-Pentest-e-mTLS.md,Porta 2376 Docker API TLS: Pentest e mTLS | Hackita,51,Porta 2376 Docker API TLS: Pentest e mTLS,1,"Porta 2376 Docker API TLS nel pentest: TLS enumeration, mutual TLS, furto di client certificate, misconfigurazioni e accesso remoto al daemon",141,porta 2376 docker api tls,Porta 2376 Docker API TLS,informational/service-enumeration,DATA NOT AVAILABLE (needs live SERP),networking,1543,149,8,1,1,True,2,True,ok: has a substantive lead,retrievable: self-contained,citations present,none detected on-page,NO MAJOR ACTION REQUIRED,P3,low,none,DATA NOT AVAILABLE,DATA NOT AVAILABLE,DATA NOT AVAILABLE
porta-2483-oracle-db,https://hackita.it/articoli/porta-2483-oracle-db/,Porta-2483-Oracle-DB-TNS-Listener-SID-e-Pentest.md,"Porta 2483 Oracle DB: TNS Listener, SID e Pentest | Hackita",59,"Porta 2483 Oracle DB: TNS Listener, SID e Pentest",1,"Porta 2483 Oracle DB nel pentest: TNS Listener, SID e service name enumeration, brute force credenziali, escalation DBA e tecniche di accesso al sistema",152,porta 2483 oracle db,Porta 2483 Oracle DB,informational/service-enumeration,DATA NOT AVAILABLE (needs live SERP),networking,1667,152,5,5,1,True,2,True,ok: has a substantive lead,retrievable: self-contained,citations present,none detected on-page,NO MAJOR ACTION REQUIRED,P3,low,none,DATA NOT AVAILABLE,DATA NOT AVAILABLE,DATA NOT AVAILABLE
porta-2484-oracle-ssl,https://hackita.it/articoli/porta-2484-oracle-ssl/,Porta-2484-Oracle-TCPS-Wallet-TLS-e-Pentest.md,"Porta 2484 Oracle TCPS: Wallet, TLS e Pentest | Hackita",55,"Porta 2484 Oracle TCPS: Wallet, TLS e Pentest",1,"Porta 2484 Oracle TCPS nel pentest: TNS Listener cifrato, certificati e Oracle Wallet, TLS enumeration e differenze con la 2483.",128,porta 2484 oracle tcps,Porta 2484 Oracle TCPS,informational/service-enumeration,DATA NOT AVAILABLE (needs live SERP),networking,1123,160,3,2,1,True,2,True,ok: has a substantive lead,retrievable: self-contained,citations present,none detected on-page,NO MAJOR ACTION REQUIRED,P3,low,none,DATA NOT AVAILABLE,DATA NOT AVAILABLE,DATA NOT AVAILABLE
porta-25-smtp,https://hackita.it/articoli/porta-25-smtp/,Porta-25-SMTP-User-Enumeration-Open-Relay-e-SMTP-AUTH.md,"Porta 25 SMTP: User Enumeration, Open Relay e SMTP AUTH | Hackita",65,"Porta 25 SMTP: User Enumeration, Open Relay e SMTP AUTH",1,"La porta 25 SMTP può esporre user enumeration via VRFY e RCPT TO, open relay, spoofing email e brute force su SMTP AUTH. Guida pratica a enumerazione, exploit, …",161,porta 25 smtp,Porta 25 SMTP,informational/service-enumeration,DATA NOT AVAILABLE (needs live SERP),networking,3078,175,7,4,1,True,2,True,ok: has a substantive lead,retrievable: self-contained,citations present,none detected on-page,NO MAJOR ACTION REQUIRED,P3,low,none,DATA NOT AVAILABLE,DATA NOT AVAILABLE,DATA NOT AVAILABLE
porta-2701-tversity,https://hackita.it/articoli/porta-2701-tversity/,Porta-2701-TVersity-Web-UI-e-Information-Disclosure.md,Porta 2701 TVersity: Web UI e Information Disclosure | Hackita,62,Porta 2701 TVersity: Web UI e Information Disclosure,1,"Porta 2701 TVersity nel pentest: media server con web UI esposta, disclosure dei file condivisi e analisi della superficie di accesso.",134,porta 2701 tversity,Porta 2701 TVersity,informational/service-enumeration,DATA NOT AVAILABLE (needs live SERP),networking,634,134,6,1,0,True,2,True,ok: has a substantive lead,review,weak: no external primary sources,none detected on-page,Add 1-2 primary-source references (CVE/vendor/RFC/MITRE),P2,medium,medium,DATA NOT AVAILABLE,DATA NOT AVAILABLE,DATA NOT AVAILABLE
porta-27017-mongodb,https://hackita.it/articoli/porta-27017-mongodb/,Porta-27017-MongoDB-Accesso-Senza-Password-NoSQL-Injection-e-Dump-Dati.md,"Porta 27017 MongoDB: Accesso Senza Password, NoSQL Injection e Dump Dati | Hackita",82,"Porta 27017 MongoDB: Accesso Senza Password, NoSQL Injection e Dump Dati",1,"MongoDB esposto sulla 27017? Accedi senza auth, bypassa il login con $ne, dumpa credenziali e MFA secret, esegui privilege escalation. Pentest completo con …",157,porta 27017 mongodb,Porta 27017 MongoDB,informational/service-enumeration,DATA NOT AVAILABLE (needs live SERP),networking,2325,284,13,10,1,True,2,True,ok: has a substantive lead,retrievable: self-contained,citations present,none detected on-page,"Shorten title to ~60 chars, primary keyword first",P2,medium,medium,DATA NOT AVAILABLE,DATA NOT AVAILABLE,DATA NOT AVAILABLE
porta-27018-mongodb-cluster,https://hackita.it/articoli/porta-27018-mongodb-cluster/,Porta-27018-MongoDB-Cluster-Accesso-ai-Nodi-Interni-e-Oplog-Dump.md,Porta 27018 MongoDB Cluster: Accesso ai Nodi Interni e Oplog Dump | Hackita,75,Porta 27018 MongoDB Cluster: Accesso ai Nodi Interni e Oplog Dump,1,"Porta 27018 esposta? Connettiti direttamente ai Secondary del replica set, leggi l'oplog con password in chiaro, bypassa il keyfile e pivota nei nodi del …",155,porta 27018 mongodb cluster,Porta 27018 MongoDB Cluster,informational/service-enumeration,DATA NOT AVAILABLE (needs live SERP),networking,1653,126,3,2,0,True,2,True,ok: has a substantive lead,retrievable: self-contained,weak: no external primary sources,none detected on-page,"Shorten title to ~60 chars, primary keyword first",P1,high,medium,DATA NOT AVAILABLE,DATA NOT AVAILABLE,DATA NOT AVAILABLE
porta-28017-mongodb-http,https://hackita.it/articoli/porta-28017-mongodb-http/,Porta-28017-MongoDB-HTTP-Information-Disclosure-e-REST-API-Senza-Auth.md,Porta 28017 MongoDB HTTP: Information Disclosure e REST API Senza Auth | Hackita,80,Porta 28017 MongoDB HTTP: Information Disclosure e REST API Senza Auth,1,"Porta 28017 aperta? Leggi versione, hostname e log senza credenziali, dumpa dati via REST API e pivota sulla 27017. Solo su MongoDB legacy ≤ 3.4, spesso non …",158,porta 28017 mongodb http,Porta 28017 MongoDB HTTP,informational/service-enumeration,DATA NOT AVAILABLE (needs live SERP),networking,1125,118,5,1,0,True,2,True,ok: has a substantive lead,retrievable: self-contained,weak: no external primary sources,none detected on-page,"Shorten title to ~60 chars, primary keyword first",P1,high,medium,DATA NOT AVAILABLE,DATA NOT AVAILABLE,DATA NOT AVAILABLE
porta-3128-squid-proxy,https://hackita.it/articoli/porta-3128-squid-proxy/,Porta-3128-Squid-Proxy-cos-come-funziona-e-rischi-di-sicurezza.md,"Porta 3128 Squid Proxy: cos’è, come funziona e rischi di sicurezza | Hackita",76,"Porta 3128 Squid Proxy: cos’è, come funziona e rischi di sicurezza",1,"Scopri a cosa serve la porta 3128 di Squid, come funziona un proxy HTTP/HTTPS forward, quali rischi introduce un open proxy mal configurato e come sfruttarlo o …",161,porta 3128 squid proxy,Porta 3128 Squid Proxy,informational/service-enumeration,DATA NOT AVAILABLE (needs live SERP),networking,778,125,7,2,0,True,2,True,ok: has a substantive lead,review,weak: no external primary sources,none detected on-page,"Shorten title to ~60 chars, primary keyword first",P1,high,medium,DATA NOT AVAILABLE,DATA NOT AVAILABLE,DATA NOT AVAILABLE
porta-3260-iscsi,https://hackita.it/articoli/porta-3260-iscsi/,Porta-3260-iSCSI-Pentest-Target-LUN-e-CHAP.md,"Porta 3260 iSCSI: Pentest, Target, LUN e CHAP | Hackita",55,"Porta 3260 iSCSI: Pentest, Target, LUN e CHAP",1,"Porta 3260 iSCSI nel pentest: discovery di target e LUN, accesso a volumi storage, CHAP, mount di dischi remoti e analisi dei dati esposti.",139,porta 3260 iscsi,Porta 3260 iSCSI,informational/service-enumeration,DATA NOT AVAILABLE (needs live SERP),networking,1134,138,4,2,1,True,2,True,ok: has a substantive lead,retrievable: self-contained,citations present,none detected on-page,NO MAJOR ACTION REQUIRED,P3,low,none,DATA NOT AVAILABLE,DATA NOT AVAILABLE,DATA NOT AVAILABLE
porta-3306-mysql,https://hackita.it/articoli/porta-3306-mysql/,MySQL-Porta-3306-Dump-Database-LOADFILE-e-Webshell-via-INTO-OUTFILE.md,"MySQL Porta 3306: Dump Database, LOAD_FILE e Webshell via INTO OUTFILE | Hackita",80,"MySQL Porta 3306: Dump Database, LOAD_FILE e Webshell via INTO OUTFILE",1,"MySQL porta 3306: guida pratica al pentest con brute force credenziali, dump database, LOAD_FILE, webshell via INTO OUTFILE, UDF per RCE e tecniche di …",152,mysql porta 3306,MySQL Porta 3306,informational/service-enumeration,DATA NOT AVAILABLE (needs live SERP),networking,1992,0,13,37,3,True,2,True,opportunity: add an answer-first definition paragraph,retrievable: self-contained,citations present,none detected on-page,"Shorten title to ~60 chars, primary keyword first",P1,high,medium,DATA NOT AVAILABLE,DATA NOT AVAILABLE,DATA NOT AVAILABLE
porta-33389-rdp-alternate,https://hackita.it/articoli/porta-33389-rdp-alternate/,Porta-33389-RDP-Trovare-e-Sfruttare-RDP-su-Porte-Non-Standard.md,Porta 33389 RDP: Trovare e Sfruttare RDP su Porte Non Standard | Hackita,72,Porta 33389 RDP: Trovare e Sfruttare RDP su Porte Non Standard,1,"RDP spostato sulla 33389? nmap -sV lo trova in secondi. BlueKeep, Pass-the-Hash e brute force funzionano identici. Cambiare porta non è sicurezza — è un …",154,porta 33389 rdp,Porta 33389 RDP,informational/service-enumeration,DATA NOT AVAILABLE (needs live SERP),networking,1745,222,9,1,1,True,2,True,ok: has a substantive lead,retrievable: self-contained,citations present,none detected on-page,"Shorten title to ~60 chars, primary keyword first",P2,medium,medium,DATA NOT AVAILABLE,DATA NOT AVAILABLE,DATA NOT AVAILABLE
porta-3389-rdp,https://hackita.it/articoli/porta-3389-rdp/,Porta-3389-RDP-cos-il-Remote-Desktop-come-funziona-e-rischi-di-sicurezza.md,"Porta 3389 RDP: cos’è il Remote Desktop, come funziona e rischi di sicurezza | Hackita",86,"Porta 3389 RDP: cos’è il Remote Desktop, come funziona e rischi di sicurezza",1,"Scopri a cosa serve la porta 3389 RDP, come funzionano Remote Desktop, NLA e CredSSP, quali rischi introduce l’esposizione del servizio e come si attaccano o …",159,porta 3389 rdp,Porta 3389 RDP,informational/service-enumeration,DATA NOT AVAILABLE (needs live SERP),networking,1819,157,5,16,0,True,2,True,ok: has a substantive lead,retrievable: self-contained,weak: no external primary sources,none detected on-page,"Shorten title to ~60 chars, primary keyword first",P1,high,medium,DATA NOT AVAILABLE,DATA NOT AVAILABLE,DATA NOT AVAILABLE
porta-3478-stun,https://hackita.it/articoli/porta-3478-stun/,Porta-3478-STUNTURN-NAT-Traversal-Relay-Abuse-e-Pentest.md,"Porta 3478 STUN/TURN: NAT Traversal, Relay Abuse e Pentest | Hackita",68,"Porta 3478 STUN/TURN: NAT Traversal, Relay Abuse e Pentest",1,"Porta 3478 STUN/TURN nel pentest: NAT traversal, IP leak, tipo di NAT, TURN relay abuse e misconfigurazioni in infrastrutture WebRTC e VoIP.",140,porta 3478 stun turn,Porta 3478 STUN/TURN,informational/service-enumeration,DATA NOT AVAILABLE (needs live SERP),networking,659,131,2,1,1,True,2,True,ok: has a substantive lead,review,citations present,none detected on-page,NO MAJOR ACTION REQUIRED,P3,low,none,DATA NOT AVAILABLE,DATA NOT AVAILABLE,DATA NOT AVAILABLE
porta-3632-distcc,https://hackita.it/articoli/porta-3632-distcc/,Porta-3632-DistCC-RCE-Diretta-e-CVE-2004-2687.md,Porta 3632 DistCC: RCE Diretta e CVE-2004-2687 | Hackita,56,Porta 3632 DistCC: RCE Diretta e CVE-2004-2687,1,"Porta 3632 DistCC nel pentest: distccd esposto, RCE senza autenticazione via CVE-2004-2687, verifica con Nmap NSE e impatto immediato",133,porta 3632 distcc,Porta 3632 DistCC,vulnerability/CVE,DATA NOT AVAILABLE (needs live SERP),networking,1296,156,11,1,1,True,2,True,ok: has a substantive lead,retrievable: self-contained,citations present,none detected on-page,NO MAJOR ACTION REQUIRED,P3,low,none,DATA NOT AVAILABLE,DATA NOT AVAILABLE,DATA NOT AVAILABLE
porta-3690-svn,https://hackita.it/articoli/porta-3690-svn/,Porta-3690-SVN-Repository-Esposti-e-Secret-Leakage.md,Porta 3690 SVN: Repository Esposti e Secret Leakage | Hackita,61,Porta 3690 SVN: Repository Esposti e Secret Leakage,1,"Porta 3690 SVN nel pentest: repository esposti, checkout anonimo, history dei commit, source code disclosure e credenziali recuperabili.",136,porta 3690 svn,Porta 3690 SVN,informational/service-enumeration,DATA NOT AVAILABLE (needs live SERP),networking,1207,144,8,5,1,True,2,True,ok: has a substantive lead,retrievable: self-contained,citations present,none detected on-page,NO MAJOR ACTION REQUIRED,P3,low,none,DATA NOT AVAILABLE,DATA NOT AVAILABLE,DATA NOT AVAILABLE
porta-37-time,https://hackita.it/articoli/porta-37-time/,Porta-37-Time-Protocol-OS-Fingerprinting-e-Recon-su-Sistemi-Legacy.md,Porta 37 Time Protocol: OS Fingerprinting e Recon su Sistemi Legacy | Hackita,77,Porta 37 Time Protocol: OS Fingerprinting e Recon su Sistemi Legacy,1,"Porta 37 aperta? Time Protocol rivela OS (Windows Server 2003/2008, Cisco IOS), timestamp e uptime. Red flag immediato per tecnologia legacy — chain verso …",156,porta 37 time protocol,Porta 37 Time Protocol,informational/service-enumeration,DATA NOT AVAILABLE (needs live SERP),networking,2332,141,3,1,1,True,2,True,ok: has a substantive lead,retrievable: self-contained,citations present,none detected on-page,"Shorten title to ~60 chars, primary keyword first",P2,medium,low,DATA NOT AVAILABLE,DATA NOT AVAILABLE,DATA NOT AVAILABLE
porta-389-ldap,https://hackita.it/articoli/porta-389-ldap/,LDAP-389-Enumerazione-Active-Directory-Null-Bind-e-Credential-Extraction.md,"LDAP 389: Enumerazione Active Directory, Null Bind e Credential Extraction | Hackita",84,"LDAP 389: Enumerazione Active Directory, Null Bind e Credential Extraction",1,"LDAP porta 389: guida completa all’enumerazione Active Directory con null bind, estrazione di utenti, gruppi, SPN e tecniche offensive per ottenere credenziali …",161,ldap 389,LDAP 389,informational/service-enumeration,DATA NOT AVAILABLE (needs live SERP),windows,3346,0,7,10,5,True,2,True,opportunity: add an answer-first definition paragraph,retrievable: self-contained,citations present,none detected on-page,"Shorten title to ~60 chars, primary keyword first",P1,high,medium,DATA NOT AVAILABLE,DATA NOT AVAILABLE,DATA NOT AVAILABLE
porta-4040-spark-ui,https://hackita.it/articoli/porta-4040-spark-ui/,Porta-4040-Spark-UI-Pentest-Credenziali-e-Cluster-Map.md,"Porta 4040 Spark UI: Pentest, Credenziali e Cluster Map | Hackita",65,"Porta 4040 Spark UI: Pentest, Credenziali e Cluster Map",1,"Porta 4040 Spark UI nel pentest: environment leak, worker discovery, credenziali esposte e pivot verso REST API 6066 e cluster big data.",136,porta 4040 spark ui,Porta 4040 Spark UI,informational/service-enumeration,DATA NOT AVAILABLE (needs live SERP),networking,978,151,7,2,1,True,2,True,ok: has a substantive lead,retrievable: self-contained,citations present,none detected on-page,NO MAJOR ACTION REQUIRED,P3,low,none,DATA NOT AVAILABLE,DATA NOT AVAILABLE,DATA NOT AVAILABLE
porta-42-wins,https://hackita.it/articoli/porta-42-wins/,Porta-42-WINS-Mappa-Completa-della-Rete-Windows-Senza-Autenticazione.md,Porta 42 WINS: Mappa Completa della Rete Windows Senza Autenticazione | Hackita,79,Porta 42 WINS: Mappa Completa della Rete Windows Senza Autenticazione,1,"WINS sulla porta 42 senza auth: enumera domain controller, file server e utenti loggati via NetBIOS. Red flag istantaneo per Windows legacy — chain verso AD in …",161,porta 42 wins,Porta 42 WINS,informational/service-enumeration,DATA NOT AVAILABLE (needs live SERP),networking,2279,146,6,1,1,True,2,True,ok: has a substantive lead,retrievable: self-contained,citations present,none detected on-page,"Shorten title to ~60 chars, primary keyword first",P2,medium,low,DATA NOT AVAILABLE,DATA NOT AVAILABLE,DATA NOT AVAILABLE
porta-43-whois,https://hackita.it/articoli/porta-43-whois/,Porta-43-WHOIS-OSINT-su-Domini-IP-e-Name-Server.md,"Porta 43 WHOIS: OSINT su Domini, IP e Name Server | Hackita",59,"Porta 43 WHOIS: OSINT su Domini, IP e Name Server",1,"La porta 43 WHOIS permette query passive su domini, IP e ASN per raccogliere registrar, name server, contatti e scadenze utili alla reconnaissance e all’OSINT.",159,porta 43 whois,Porta 43 WHOIS,informational/service-enumeration,DATA NOT AVAILABLE (needs live SERP),networking,2328,153,8,1,2,True,2,True,ok: has a substantive lead,retrievable: self-contained,citations present,none detected on-page,NO MAJOR ACTION REQUIRED,P3,low,medium,DATA NOT AVAILABLE,DATA NOT AVAILABLE,DATA NOT AVAILABLE
porta-443-https,https://hackita.it/articoli/porta-443-https/,Porta-443-HTTPS-cos-come-funziona-e-rischi-di-sicurezza-di-TLS-e-web-app.md,"Porta 443 HTTPS: cos’è, come funziona e rischi di sicurezza di TLS e web app | Hackita",86,"Porta 443 HTTPS: cos’è, come funziona e rischi di sicurezza di TLS e web app",1,"Scopri a cosa serve la porta 443 HTTPS, come funzionano TLS, certificati e virtual host, e quali rischi introduce tra hostname esposti nei SAN, …",145,porta 443 https,Porta 443 HTTPS,informational/service-enumeration,DATA NOT AVAILABLE (needs live SERP),networking,3271,275,8,1,0,True,2,True,ok: has a substantive lead,retrievable: self-contained,weak: no external primary sources,none detected on-page,"Shorten title to ~60 chars, primary keyword first",P1,high,medium,DATA NOT AVAILABLE,DATA NOT AVAILABLE,DATA NOT AVAILABLE
porta-4500-ipsec-nat-t,https://hackita.it/articoli/porta-4500-ipsec-nat-t/,Porta-4500-IPsec-NAT-T-VPN-IKE-e-PSK-Cracking.md,"Porta 4500 IPsec NAT-T: VPN, IKE e PSK Cracking | Hackita",57,"Porta 4500 IPsec NAT-T: VPN, IKE e PSK Cracking",1,"Porta 4500 IPsec NAT-T nel pentest: IKE, NAT traversal, aggressive mode, PSK cracking e analisi della superficie VPN esposta.",125,porta 4500 ipsec nat t,Porta 4500 IPsec NAT-T,informational/service-enumeration,DATA NOT AVAILABLE (needs live SERP),networking,677,140,11,1,1,True,2,True,ok: has a substantive lead,review,citations present,none detected on-page,NO MAJOR ACTION REQUIRED,P3,low,none,DATA NOT AVAILABLE,DATA NOT AVAILABLE,DATA NOT AVAILABLE
porta-465-smtps,https://hackita.it/articoli/porta-465-smtps/,Porta-465-SMTPS-cos-come-funziona-e-rischi-di-sicurezza-del-mail-submission-TLS.md,"Porta 465 SMTPS: cos’è, come funziona e rischi di sicurezza del mail submission TLS. | Hackita",94,"Porta 465 SMTPS: cos’è, come funziona e rischi di sicurezza del mail submission TLS.",1,"Scopri a cosa serve la porta 465 SMTPS, come funziona SMTP Submission over TLS, quali rischi introduce tra user enumeration, open relay, brute force SMTP AUTH e …",162,porta 465 smtps,Porta 465 SMTPS,informational/service-enumeration,DATA NOT AVAILABLE (needs live SERP),networking,3268,94,6,1,0,True,2,True,ok: has a substantive lead,retrievable: self-contained,weak: no external primary sources,none detected on-page,"Shorten title to ~60 chars, primary keyword first",P1,high,medium,DATA NOT AVAILABLE,DATA NOT AVAILABLE,DATA NOT AVAILABLE
porta-49-tacacs,https://hackita.it/articoli/porta-49-tacacs/,Porta-49-TACACS-Shared-Secret-Crack-e-Network-Takeover-Cisco.md,Porta 49 TACACS+: Shared Secret Crack e Network Takeover Cisco | Hackita,72,Porta 49 TACACS+: Shared Secret Crack e Network Takeover Cisco,1,"TACACS+ sulla 49 con shared secret debole? Bruteforza il key, decifra il traffico con Wireshark e prendi controllo di ogni router, switch e firewall …",150,porta 49 tacacs,Porta 49 TACACS+,informational/service-enumeration,DATA NOT AVAILABLE (needs live SERP),networking,2649,161,1,1,1,True,2,True,ok: has a substantive lead,retrievable: self-contained,citations present,none detected on-page,"Shorten title to ~60 chars, primary keyword first",P2,medium,low,DATA NOT AVAILABLE,DATA NOT AVAILABLE,DATA NOT AVAILABLE
porta-500-isakmp,https://hackita.it/articoli/porta-500-isakmp/,Porta-500-ISAKMP-VPN-IPsec-IKEv1-Aggressive-Mode-e-PSK-Crack.md,"Porta 500 ISAKMP: VPN IPsec, IKEv1 Aggressive Mode e PSK Crack | Hackita",72,"Porta 500 ISAKMP: VPN IPsec, IKEv1 Aggressive Mode e PSK Crack",1,"Porta 500 ISAKMP nel pentest: enumerazione VPN IPsec, fingerprint IKE, Aggressive Mode, estrazione hash PSK, cracking offline e accesso alla rete interna …",155,porta 500 isakmp,Porta 500 ISAKMP,informational/service-enumeration,DATA NOT AVAILABLE (needs live SERP),networking,2835,46,7,2,1,True,2,True,ok: has a substantive lead,retrievable: self-contained,citations present,none detected on-page,"Shorten title to ~60 chars, primary keyword first",P2,medium,low,DATA NOT AVAILABLE,DATA NOT AVAILABLE,DATA NOT AVAILABLE
porta-5000-docker-flask,https://hackita.it/articoli/porta-5000-docker-flask/,Porta-5000-Docker-Registry-e-Flask-Debug-RCE-e-Secret-Leak.md,"Porta 5000 Docker Registry e Flask: Debug, RCE e Secret Leak | Hackita",70,"Porta 5000 Docker Registry e Flask: Debug, RCE e Secret Leak",1,"Porta 5000 nel pentest: Docker Registry esposto con immagini e segreti scaricabili, oppure Flask debug con console Werkzeug e RCE dal browser.",142,porta 5000 docker registry e flask,Porta 5000 Docker Registry e Flask,informational/service-enumeration,DATA NOT AVAILABLE (needs live SERP),networking,1948,200,3,1,1,True,2,True,ok: has a substantive lead,retrievable: self-contained,citations present,none detected on-page,NO MAJOR ACTION REQUIRED,P3,low,none,DATA NOT AVAILABLE,DATA NOT AVAILABLE,DATA NOT AVAILABLE
porta-5000-upnp-flask-docker-registry,https://hackita.it/articoli/porta-5000-upnp-flask-docker-registry/,Porta-5000-Docker-Registry-Flask-Debug-e-UPnP.md,"Porta 5000: Docker Registry, Flask Debug e UPnP | Hackita",57,"Porta 5000: Docker Registry, Flask Debug e UPnP",1,"Porta 5000 nel pentest: riconosci Docker Registry, Flask debug, UPnP o Synology DSM. Enumerazione, image pull, RCE Werkzeug e abuse SOAP in lab.",144,porta 5000,Porta 5000,informational/service-enumeration,DATA NOT AVAILABLE (needs live SERP),networking,1303,122,7,3,0,True,2,True,ok: has a substantive lead,retrievable: self-contained,weak: no external primary sources,none detected on-page,Add 1-2 primary-source references (CVE/vendor/RFC/MITRE),P2,medium,medium,DATA NOT AVAILABLE,DATA NOT AVAILABLE,DATA NOT AVAILABLE
porta-50000-sap,https://hackita.it/articoli/porta-50000-sap/,Porta-50000-SAP-NetWeaver-da-SAP-Default-a-RCE-su-ERP-Enterprise.md,Porta 50000 SAP NetWeaver: da SAP* Default a RCE su ERP Enterprise | Hackita,76,Porta 50000 SAP NetWeaver: da SAP* Default a RCE su ERP Enterprise,1,"SAP Management Console sulla 50000 senza auth: enumera versioni, sfrutta RECON (CVSS 10), abusa RFC con SAP*/06071992 e ottieni OS command execution su tutti i …",161,porta 50000 sap netweaver,Porta 50000 SAP NetWeaver,informational/service-enumeration,DATA NOT AVAILABLE (needs live SERP),networking,2274,246,4,1,0,True,2,True,ok: has a substantive lead,retrievable: self-contained,weak: no external primary sources,none detected on-page,"Shorten title to ~60 chars, primary keyword first",P1,high,medium,DATA NOT AVAILABLE,DATA NOT AVAILABLE,DATA NOT AVAILABLE
porta-50070-hadoop-namenode,https://hackita.it/articoli/porta-50070-hadoop-namenode/,Porta-50070-Hadoop-NameNode-Download-Petabyte-di-Dati-e-RCE-via-YARN.md,Porta 50070 Hadoop NameNode: Download Petabyte di Dati e RCE via YARN | Hackita,79,Porta 50070 Hadoop NameNode: Download Petabyte di Dati e RCE via YARN,1,"HDFS senza Kerberos sulla 50070? Naviga il filesystem, scarica CDR e PII via WebHDFS con user.name=hdfs, poi ottieni shell sul cluster tramite YARN REST API.",157,porta 50070 hadoop namenode,Porta 50070 Hadoop NameNode,informational/service-enumeration,DATA NOT AVAILABLE (needs live SERP),networking,2072,250,6,3,0,True,2,True,ok: has a substantive lead,retrievable: self-contained,weak: no external primary sources,none detected on-page,"Shorten title to ~60 chars, primary keyword first",P1,high,medium,DATA NOT AVAILABLE,DATA NOT AVAILABLE,DATA NOT AVAILABLE
porta-512-rexec,https://hackita.it/articoli/porta-512-rexec/,Porta-512-Rexec-cos-vulnerabilit-e-guida-pentest-completa.md,"Porta 512 Rexec: cos’è, vulnerabilità e guida pentest completa | Hackita",72,"Porta 512 Rexec: cos’è, vulnerabilità e guida pentest completa",1,"Porta 512 Rexec: cos’è, come funziona e come testarla in un pentest. Enumerazione, sniffing credenziali in chiaro, credential spray, command execution e rischi …",161,porta 512 rexec,Porta 512 Rexec,informational/service-enumeration,DATA NOT AVAILABLE (needs live SERP),networking,2499,207,6,2,1,True,2,True,ok: has a substantive lead,retrievable: self-contained,citations present,none detected on-page,"Shorten title to ~60 chars, primary keyword first",P2,medium,low,DATA NOT AVAILABLE,DATA NOT AVAILABLE,DATA NOT AVAILABLE
porta-513-rlogin,https://hackita.it/articoli/porta-513-rlogin/,Porta-513-Rlogin-trust-rhosts-accesso-root-e-lateral-movement-Unix-legacy.md,"Porta 513 Rlogin: trust .rhosts, accesso root e lateral movement Unix legacy | Hackita",86,"Porta 513 Rlogin: trust .rhosts, accesso root e lateral movement Unix legacy",1,"Scopri cos’è la porta 513 Rlogin, come funzionano .rhosts e hosts.equiv, perché il trust può aprire accessi senza password e come identificare trust chain e …",158,porta 513 rlogin,Porta 513 Rlogin,informational/service-enumeration,DATA NOT AVAILABLE (needs live SERP),networking,2593,207,7,2,0,True,2,True,ok: has a substantive lead,retrievable: self-contained,weak: no external primary sources,none detected on-page,"Shorten title to ~60 chars, primary keyword first",P1,high,medium,DATA NOT AVAILABLE,DATA NOT AVAILABLE,DATA NOT AVAILABLE
porta-514-syslog,https://hackita.it/articoli/porta-514-syslog/,Porta-514-Syslog-log-in-chiaro-syslog-injection-e-rischio-collector-UDP.md,"Porta 514 Syslog: log in chiaro, syslog injection e rischio collector UDP | Hackita",83,"Porta 514 Syslog: log in chiaro, syslog injection e rischio collector UDP",1,"Scopri cos’è la porta 514/UDP syslog, come identificare collector e flussi di logging, quali dati possono transitare in chiaro e perché syslog over TLS su 6514 …",161,porta 514 syslog,Porta 514 Syslog,informational/service-enumeration,DATA NOT AVAILABLE (needs live SERP),networking,2679,210,7,2,1,True,2,True,ok: has a substantive lead,retrievable: self-contained,citations present,none detected on-page,"Shorten title to ~60 chars, primary keyword first",P2,medium,medium,DATA NOT AVAILABLE,DATA NOT AVAILABLE,DATA NOT AVAILABLE
porta-515-lpd,https://hackita.it/articoli/porta-515-lpd/,Porta-515-LPD-file-read-queue-enumeration-e-rischi-del-print-server-legacy.md,"Porta 515 LPD: file read, queue enumeration e rischi del print server legacy | Hackita",86,"Porta 515 LPD: file read, queue enumeration e rischi del print server legacy",1,"Scopri cos’è la porta 515 LPD, come funziona il Line Printer Daemon definito in RFC 1179 e perché code di stampa, print server Unix/Linux e servizi legacy …",156,porta 515 lpd,Porta 515 LPD,informational/service-enumeration,DATA NOT AVAILABLE (needs live SERP),networking,2598,219,6,2,1,True,2,True,ok: has a substantive lead,retrievable: self-contained,citations present,none detected on-page,"Shorten title to ~60 chars, primary keyword first",P2,medium,low,DATA NOT AVAILABLE,DATA NOT AVAILABLE,DATA NOT AVAILABLE
porta-520-rip,https://hackita.it/articoli/porta-520-rip/,Porta-520-RIP-sniffing-delle-rotte-route-injection-e-rischio-MitM-su-reti-legacy.md,"Porta 520 RIP: sniffing delle rotte, route injection e rischio MitM su reti legacy | Hackita",92,"Porta 520 RIP: sniffing delle rotte, route injection e rischio MitM su reti legacy",1,"Scopri cos’è la porta 520/UDP usata da RIP, come funzionano RIPv1 e RIPv2 e perché gli annunci di routing possono esporre la topologia di rete e aumentare il …",159,porta 520 rip,Porta 520 RIP,informational/service-enumeration,DATA NOT AVAILABLE (needs live SERP),networking,1568,202,7,1,1,True,2,True,ok: has a substantive lead,retrievable: self-contained,citations present,none detected on-page,"Shorten title to ~60 chars, primary keyword first",P2,medium,medium,DATA NOT AVAILABLE,DATA NOT AVAILABLE,DATA NOT AVAILABLE
porta-5432-postgresql,https://hackita.it/articoli/porta-5432-postgresql/,Porta-5432-PostgreSQL-Payload-pgshadow-COPY-PROGRAM-e-RCE.md,"Porta 5432 PostgreSQL: Payload, pg_shadow, COPY PROGRAM e RCE | Hackita",71,"Porta 5432 PostgreSQL: Payload, pg_shadow, COPY PROGRAM e RCE",1,"Pentest PostgreSQL sulla porta 5432: enumerazione, brute force, pg_shadow, file read/write, COPY PROGRAM, RCE e privilege escalation in lab.",140,porta 5432 postgresql,Porta 5432 PostgreSQL,informational/service-enumeration,DATA NOT AVAILABLE (needs live SERP),networking,1697,123,11,18,1,True,2,True,ok: has a substantive lead,retrievable: self-contained,citations present,none detected on-page,"Shorten title to ~60 chars, primary keyword first",P2,medium,low,DATA NOT AVAILABLE,DATA NOT AVAILABLE,DATA NOT AVAILABLE
porta-554-rtsp,https://hackita.it/articoli/porta-554-rtsp/,Porta-554-RTSP-credenziali-default-path-vendor-e-feed-video-delle-telecamere-IP.md,"Porta 554 RTSP: credenziali default, path vendor e feed video delle telecamere IP. | Hackita",92,"Porta 554 RTSP: credenziali default, path vendor e feed video delle telecamere IP.",1,"Scopri cos’è la porta 554 RTSP, come individuare path Hikvision, Dahua e altri vendor, e perché stream CCTV, DVR e NVR con auth debole o assente rappresentano …",160,porta 554 rtsp,Porta 554 RTSP,informational/service-enumeration,DATA NOT AVAILABLE (needs live SERP),networking,2196,223,6,1,1,True,2,True,ok: has a substantive lead,retrievable: self-contained,citations present,none detected on-page,"Shorten title to ~60 chars, primary keyword first",P2,medium,low,DATA NOT AVAILABLE,DATA NOT AVAILABLE,DATA NOT AVAILABLE
porta-5601-kibana,https://hackita.it/articoli/porta-5601-kibana/,Porta-5601-Kibana-Dev-Tools-Log-Leak-e-Elasticsearch.md,"Porta 5601 Kibana: Dev Tools, Log Leak e Elasticsearch | Hackita",64,"Porta 5601 Kibana: Dev Tools, Log Leak e Elasticsearch",1,"Porta 5601 Kibana nel pentest: Dev Tools Console, query Elasticsearch, exposure dei log, host interni e credenziali sensibili nei dati indicizzati",146,porta 5601 kibana,Porta 5601 Kibana,informational/service-enumeration,DATA NOT AVAILABLE (needs live SERP),networking,1456,147,3,4,1,True,2,True,ok: has a substantive lead,retrievable: self-contained,citations present,none detected on-page,NO MAJOR ACTION REQUIRED,P3,low,none,DATA NOT AVAILABLE,DATA NOT AVAILABLE,DATA NOT AVAILABLE
porta-5672-rabbitmq,https://hackita.it/articoli/porta-5672-rabbitmq/,Porta-5672-RabbitMQ-AMQP-Code-e-Management-API.md,"Porta 5672 RabbitMQ: AMQP, Code e Management API | Hackita",58,"Porta 5672 RabbitMQ: AMQP, Code e Management API",1,"Porta 5672 RabbitMQ nel pentest: code e messaggi AMQP, credenziali esposte, Management API 15672, injection e rischio Erlang cookie.",132,porta 5672 rabbitmq,Porta 5672 RabbitMQ,informational/service-enumeration,DATA NOT AVAILABLE (needs live SERP),networking,1652,132,3,1,1,True,2,True,ok: has a substantive lead,retrievable: self-contained,citations present,none detected on-page,NO MAJOR ACTION REQUIRED,P3,low,none,DATA NOT AVAILABLE,DATA NOT AVAILABLE,DATA NOT AVAILABLE
porta-587-smtp-submission,https://hackita.it/articoli/porta-587-smtp-submission/,Porta-587-SMTP-Submission-user-enumeration-STARTTLS-e-credenziali-email.md,"Porta 587 SMTP Submission: user enumeration, STARTTLS e credenziali email. | Hackita",84,"Porta 587 SMTP Submission: user enumeration, STARTTLS e credenziali email.",1,"Scopri cos’è la porta 587 SMTP Submission, come funziona l’invio autenticato delle email secondo RFC 6409 e perché STARTTLS e SMTP AUTH sono centrali per …",155,porta 587 smtp submission,Porta 587 SMTP Submission,informational/service-enumeration,DATA NOT AVAILABLE (needs live SERP),networking,2534,220,5,2,1,True,2,True,ok: has a substantive lead,retrievable: self-contained,citations present,none detected on-page,"Shorten title to ~60 chars, primary keyword first",P2,medium,low,DATA NOT AVAILABLE,DATA NOT AVAILABLE,DATA NOT AVAILABLE
porta-5900-vnc,https://hackita.it/articoli/porta-5900-vnc/,Porta-5900-VNC-No-Auth-Brute-Force-e-Desktop-Remoto.md,"Porta 5900 VNC: No Auth, Brute Force e Desktop Remoto | Hackita",63,"Porta 5900 VNC: No Auth, Brute Force e Desktop Remoto",1,"Porta 5900 VNC nel pentest: accesso desktop remoto, istanze senza autenticazione, brute force password, screenshot e session hijacking.",135,porta 5900 vnc,Porta 5900 VNC,informational/service-enumeration,DATA NOT AVAILABLE (needs live SERP),networking,1338,154,6,3,1,True,2,True,ok: has a substantive lead,retrievable: self-contained,citations present,none detected on-page,NO MAJOR ACTION REQUIRED,P3,low,none,DATA NOT AVAILABLE,DATA NOT AVAILABLE,DATA NOT AVAILABLE
porta-593-rpc-http,https://hackita.it/articoli/porta-593-rpc-http/,Porta-593-RPC-over-HTTP-IOXIDResolver-endpoint-enumeration-e-DCOM-stealth.md,"Porta 593 RPC over HTTP: IOXIDResolver, endpoint enumeration e DCOM stealth. | Hackita",86,"Porta 593 RPC over HTTP: IOXIDResolver, endpoint enumeration e DCOM stealth.",1,"Scopri cos’è la porta 593 http-rpc-epmap, come funziona ncacn_http in ambiente Microsoft e perché RPC over HTTP può esporre endpoint, servizi DCOM e …",150,porta 593 rpc over http,Porta 593 RPC over HTTP,informational/service-enumeration,DATA NOT AVAILABLE (needs live SERP),networking,2087,225,5,2,1,True,2,True,ok: has a substantive lead,retrievable: self-contained,citations present,none detected on-page,"Shorten title to ~60 chars, primary keyword first",P2,medium,low,DATA NOT AVAILABLE,DATA NOT AVAILABLE,DATA NOT AVAILABLE
porta-5985-winrm,https://hackita.it/articoli/porta-5985-winrm/,Porta-5985-WinRM-Evil-WinRM-Pass-the-Hash-e-PowerShell-Remoting.md,"Porta 5985 WinRM: Evil-WinRM, Pass-the-Hash e PowerShell Remoting | Hackita",75,"Porta 5985 WinRM: Evil-WinRM, Pass-the-Hash e PowerShell Remoting",1,"La porta 5985 espone WinRM su HTTP, il servizio Microsoft usato da PowerShell Remoting. Scopri enumerazione, accesso con Evil-WinRM, Pass-the-Hash, lateral …",157,porta 5985 winrm,Porta 5985 WinRM,informational/service-enumeration,DATA NOT AVAILABLE (needs live SERP),networking,1858,132,14,7,1,True,2,True,ok: has a substantive lead,retrievable: self-contained,citations present,none detected on-page,"Shorten title to ~60 chars, primary keyword first",P2,medium,low,DATA NOT AVAILABLE,DATA NOT AVAILABLE,DATA NOT AVAILABLE
porta-5986-winrm-https,https://hackita.it/articoli/porta-5986-winrm-https/,Porta-5986-WinRM-HTTPS-Certificati-ADCS-e-Evil-WinRM.md,"Porta 5986 WinRM HTTPS: Certificati, ADCS e Evil-WinRM | Hackita",64,"Porta 5986 WinRM HTTPS: Certificati, ADCS e Evil-WinRM",1,"Porta 5986 WinRM HTTPS nel pentest: certificati client, Evil-WinRM su TLS, abuso ADCS e accesso remoto via certificate-based authentication.",140,porta 5986 winrm https,Porta 5986 WinRM HTTPS,informational/service-enumeration,DATA NOT AVAILABLE (needs live SERP),networking,1035,133,8,5,1,True,2,True,ok: has a substantive lead,retrievable: self-contained,citations present,none detected on-page,NO MAJOR ACTION REQUIRED,P3,low,none,DATA NOT AVAILABLE,DATA NOT AVAILABLE,DATA NOT AVAILABLE
porta-6000-x11,https://hackita.it/articoli/porta-6000-x11/,Porta-6000-X11-Screenshot-Keylogging-e-Desktop-Hijack.md,"Porta 6000 X11: Screenshot, Keylogging e Desktop Hijack | Hackita",65,"Porta 6000 X11: Screenshot, Keylogging e Desktop Hijack",1,"Porta 6000 X11 nel pentest: display remoto esposto, screenshot del desktop, keylogging, input injection e session hijacking su sistemi Linux e Unix.",148,porta 6000 x11,Porta 6000 X11,informational/service-enumeration,DATA NOT AVAILABLE (needs live SERP),networking,1262,170,8,1,1,True,2,True,ok: has a substantive lead,retrievable: self-contained,citations present,none detected on-page,NO MAJOR ACTION REQUIRED,P3,low,medium,DATA NOT AVAILABLE,DATA NOT AVAILABLE,DATA NOT AVAILABLE
porta-61616-activemq,https://hackita.it/articoli/porta-61616-activemq/,Porta-61616-ActiveMQ-CVE-2023-46604-RCE-Pre-Auth-e-Credenziali-adminadmin.md,Porta 61616 ActiveMQ: CVE-2023-46604 RCE Pre-Auth e Credenziali admin:admin | Hackita,85,Porta 61616 ActiveMQ: CVE-2023-46604 RCE Pre-Auth e Credenziali admin:admin,1,"ActiveMQ non patchato sulla 61616? CVE-2023-46604 dà shell root in 8 secondi via OpenWire. Web console con admin:admin, messaggi con credenziali JDBC e lateral …",161,porta 61616 activemq,Porta 61616 ActiveMQ,vulnerability/CVE,DATA NOT AVAILABLE (needs live SERP),networking,1712,223,4,2,1,True,2,True,ok: has a substantive lead,retrievable: self-contained,citations present,none detected on-page,"Shorten title to ~60 chars, primary keyword first",P2,medium,low,DATA NOT AVAILABLE,DATA NOT AVAILABLE,DATA NOT AVAILABLE
porta-623-ipmi,https://hackita.it/articoli/porta-623-ipmi/,Porta-623-IPMI-RAKP-hash-disclosure-cipher-0-e-rischio-BMC-out-of-band.md,"Porta 623 IPMI: RAKP hash disclosure, cipher 0 e rischio BMC out-of-band. | Hackita",83,"Porta 623 IPMI: RAKP hash disclosure, cipher 0 e rischio BMC out-of-band.",1,"Scopri cos’è la porta 623/UDP asf-rmcp, come funziona IPMI 2.0 con RAKP e perché la CVE-2013-4786 consente il recupero di hash dalle risposte del BMC, mentre il …",162,porta 623 ipmi,Porta 623 IPMI,informational/service-enumeration,DATA NOT AVAILABLE (needs live SERP),networking,2653,258,7,1,1,True,2,True,ok: has a substantive lead,retrievable: self-contained,citations present,none detected on-page,"Shorten title to ~60 chars, primary keyword first",P2,medium,low,DATA NOT AVAILABLE,DATA NOT AVAILABLE,DATA NOT AVAILABLE
porta-631-ipp-cups,https://hackita.it/articoli/porta-631-ipp-cups/,Porta-631-IPPCUPS-RCE-chain-cups-browsed-e-compromissione-dei-print-server-Linux.md,"Porta 631 IPP/CUPS: RCE chain, cups-browsed e compromissione dei print server Linux. | Hackita",94,"Porta 631 IPP/CUPS: RCE chain, cups-browsed e compromissione dei print server Linux.",1,"Scopri cos’è la porta 631 IPP/CUPS, come funziona l’Internet Printing Protocol su TCP e UDP 631 e perché la chain di vulnerabilità del 2024 legata a …",150,porta 631 ipp cups,Porta 631 IPP/CUPS,informational/service-enumeration,DATA NOT AVAILABLE (needs live SERP),networking,2446,267,7,2,1,True,2,True,ok: has a substantive lead,retrievable: self-contained,citations present,none detected on-page,"Shorten title to ~60 chars, primary keyword first",P2,medium,low,DATA NOT AVAILABLE,DATA NOT AVAILABLE,DATA NOT AVAILABLE
porta-636-ldaps,https://hackita.it/articoli/porta-636-ldaps/,Porta-636-LDAPS-enumerazione-Active-Directory-certificati-TLS-e-abuse-AD-CS.md,"Porta 636 LDAPS: enumerazione Active Directory, certificati TLS e abuse AD CS. | Hackita",88,"Porta 636 LDAPS: enumerazione Active Directory, certificati TLS e abuse AD CS.",1,"Scopri cos’è la porta 636 LDAPS, come il certificato LDAP over SSL può rivelare hostname, dominio e CA aziendale, e perché LDAP signing e channel binding …",155,porta 636 ldaps,Porta 636 LDAPS,informational/service-enumeration,DATA NOT AVAILABLE (needs live SERP),networking,1834,243,9,1,1,True,2,True,ok: has a substantive lead,retrievable: self-contained,citations present,none detected on-page,"Shorten title to ~60 chars, primary keyword first",P2,medium,low,DATA NOT AVAILABLE,DATA NOT AVAILABLE,DATA NOT AVAILABLE
porta-6379-redis,https://hackita.it/articoli/porta-6379-redis/,Porta-6379-Redis-No-Auth-RCE-e-Credential-Dump.md,"Porta 6379 Redis: No Auth, RCE e Credential Dump | Hackita",58,"Porta 6379 Redis: No Auth, RCE e Credential Dump",1,"Porta 6379 Redis nel pentest: accesso senza autenticazione, dump di chiavi e sessioni, SSH key injection, moduli malevoli e RCE.",128,porta 6379 redis,Porta 6379 Redis,informational/service-enumeration,DATA NOT AVAILABLE (needs live SERP),networking,1534,164,10,13,1,True,2,True,ok: has a substantive lead,retrievable: self-contained,citations present,none detected on-page,NO MAJOR ACTION REQUIRED,P3,low,none,DATA NOT AVAILABLE,DATA NOT AVAILABLE,DATA NOT AVAILABLE
porta-6443-kubernetes-api,https://hackita.it/articoli/porta-6443-kubernetes-api/,Porta-6443-Kubernetes-API-Token-Secrets-e-Cluster-Admin.md,"Porta 6443 Kubernetes API: Token, Secrets e Cluster Admin | Hackita",67,"Porta 6443 Kubernetes API: Token, Secrets e Cluster Admin",1,"Porta 6443 Kubernetes API nel pentest: token ServiceAccount, secret extraction, accesso ai pod, escalation a cluster-admin e compromissione del cluster.",152,porta 6443 kubernetes api,Porta 6443 Kubernetes API,informational/service-enumeration,DATA NOT AVAILABLE (needs live SERP),networking,1596,128,6,5,1,True,2,True,ok: has a substantive lead,retrievable: self-contained,citations present,none detected on-page,NO MAJOR ACTION REQUIRED,P3,low,medium,DATA NOT AVAILABLE,DATA NOT AVAILABLE,DATA NOT AVAILABLE
porta-6667-irc,https://hackita.it/articoli/porta-6667-irc/,Porta-6667-IRC-UnrealIRCd-C2-e-Information-Gathering.md,"Porta 6667 IRC: UnrealIRCd, C2 e Information Gathering | Hackita",64,"Porta 6667 IRC: UnrealIRCd, C2 e Information Gathering",1,"Porta 6667 IRC nel pentest: enumerazione server e canali, info leak su utenti e hostname, botnet C2, UnrealIRCd e rischi di hijacking.",134,porta 6667 irc,Porta 6667 IRC,informational/service-enumeration,DATA NOT AVAILABLE (needs live SERP),networking,1597,173,3,1,1,True,2,True,ok: has a substantive lead,retrievable: self-contained,citations present,none detected on-page,NO MAJOR ACTION REQUIRED,P3,low,medium,DATA NOT AVAILABLE,DATA NOT AVAILABLE,DATA NOT AVAILABLE
porta-67-dhcp-server,https://hackita.it/articoli/porta-67-dhcp-server/,Porta-67-DHCP-Rogue-Server-Starvation-e-MITM-sulla-Rete-Interna.md,"Porta 67 DHCP: Rogue Server, Starvation e MITM sulla Rete Interna | Hackita",75,"Porta 67 DHCP: Rogue Server, Starvation e MITM sulla Rete Interna",1,"Porta 67 senza DHCP snooping? Deploy un rogue server con dnsmasq, avvelena gateway e DNS, cattura hash NTLMv2 con Responder e arriva a Domain Admin in 90 …",155,porta 67 dhcp,Porta 67 DHCP,informational/service-enumeration,DATA NOT AVAILABLE (needs live SERP),networking,2565,170,3,1,1,True,2,True,ok: has a substantive lead,retrievable: self-contained,citations present,none detected on-page,"Shorten title to ~60 chars, primary keyword first",P2,medium,low,DATA NOT AVAILABLE,DATA NOT AVAILABLE,DATA NOT AVAILABLE
porta-7001-weblogic,https://hackita.it/articoli/porta-7001-weblogic/,Porta-7001-WebLogic-T3-Console-Admin-e-RCE.md,"Porta 7001 WebLogic: T3, Console Admin e RCE | Hackita",54,"Porta 7001 WebLogic: T3, Console Admin e RCE",1,"Porta 7001 WebLogic nel pentest: T3 protocol, console admin, CVE RCE pre-auth, SSRF e accesso a Oracle WebLogic Server esposto.",127,porta 7001 weblogic,Porta 7001 WebLogic,informational/service-enumeration,DATA NOT AVAILABLE (needs live SERP),networking,1490,158,6,4,1,True,2,True,ok: has a substantive lead,retrievable: self-contained,citations present,none detected on-page,NO MAJOR ACTION REQUIRED,P3,low,medium,DATA NOT AVAILABLE,DATA NOT AVAILABLE,DATA NOT AVAILABLE
porta-7002-weblogic-ssl,https://hackita.it/articoli/porta-7002-weblogic-ssl/,Porta-7002-WebLogic-SSL-HTTPS-T3S-e-RCE.md,"Porta 7002 WebLogic SSL: HTTPS, T3S e RCE | Hackita",51,"Porta 7002 WebLogic SSL: HTTPS, T3S e RCE",1,"Porta 7002 WebLogic SSL nel pentest: console HTTPS, T3S, certificati TLS, CVE pre-auth e attacchi su Oracle WebLogic Server cifrato.",132,porta 7002 weblogic ssl,Porta 7002 WebLogic SSL,informational/service-enumeration,DATA NOT AVAILABLE (needs live SERP),networking,919,138,4,2,1,True,2,True,ok: has a substantive lead,retrievable: self-contained,citations present,none detected on-page,NO MAJOR ACTION REQUIRED,P3,low,medium,DATA NOT AVAILABLE,DATA NOT AVAILABLE,DATA NOT AVAILABLE
porta-7070-realserver,https://hackita.it/articoli/porta-7070-realserver/,Porta-7070-Pentest-RealServer-Helix-e-AnyDesk.md,"Porta 7070 Pentest: RealServer, Helix e AnyDesk | Hackita",57,"Porta 7070 Pentest: RealServer, Helix e AnyDesk",1,"Port 7070 aperta? Guida pentest 2026: cos'è, enumerazione Helix/RealServer, exploit RTSP, directory traversal, AnyDesk e Java app server.",137,porta 7070 pentest,Porta 7070 Pentest,informational/service-enumeration,DATA NOT AVAILABLE (needs live SERP),networking,1098,167,6,1,0,True,2,True,ok: has a substantive lead,retrievable: self-contained,weak: no external primary sources,none detected on-page,Add a 2-3 sentence answer-first lead naming the entity,P2,medium,medium,DATA NOT AVAILABLE,DATA NOT AVAILABLE,DATA NOT AVAILABLE
porta-7474-neo4j,https://hackita.it/articoli/porta-7474-neo4j/,Neo4j-Pentest-Cypher-Injection-APOC-RCE-e-Porta-7474.md,"Neo4j Pentest: Cypher Injection, APOC RCE e Porta 7474 | Hackita",64,"Neo4j Pentest: Cypher Injection, APOC RCE e Porta 7474",1,"Pentest Neo4j porta 7474/7687: enumerazione, default credentials, Cypher injection, APOC RCE, dump hash e API key. Guida completa 2026.",135,neo4j pentest,Neo4j Pentest,informational/service-enumeration,DATA NOT AVAILABLE (needs live SERP),networking,1670,180,5,1,1,True,2,True,ok: has a substantive lead,retrievable: self-contained,citations present,none detected on-page,Add a 2-3 sentence answer-first lead naming the entity,P2,medium,medium,DATA NOT AVAILABLE,DATA NOT AVAILABLE,DATA NOT AVAILABLE
porta-7777-oracle-apps,https://hackita.it/articoli/porta-7777-oracle-apps/,Oracle-EBS-Pentest-Porta-7777-OHS-e-CVE-2026.md,"Oracle EBS Pentest: Porta 7777, OHS e CVE 2026 | Hackita",56,"Oracle EBS Pentest: Porta 7777, OHS e CVE 2026",1,"Guida offensiva su Oracle HTTP Server porta 7777: enumerazione OHS, default credentials EBS e PeopleSoft, CVE-2022-21587, PL/SQL gateway injection, SSRF e …",156,oracle ebs pentest,Oracle EBS Pentest,informational/service-enumeration,DATA NOT AVAILABLE (needs live SERP),networking,1257,160,4,1,0,True,2,True,ok: has a substantive lead,retrievable: self-contained,weak: no external primary sources,none detected on-page,Add a 2-3 sentence answer-first lead naming the entity,P2,medium,medium,DATA NOT AVAILABLE,DATA NOT AVAILABLE,DATA NOT AVAILABLE
porta-80-http,https://hackita.it/articoli/porta-80-http/,a.md,HTTP Port 80: guida operativa (porte/protocolli) nel pentest | Hackita,70,HTTP Port 80: guida operativa (porte/protocolli) nel pentest,1,"Porta 80 in pentest lab: scan, fingerprint HTTP, vhost enum, directory brute force, misconfig e detection. Workflow con Nmap/ffuf/curl.",135,http port 80,HTTP Port 80,informational/service-enumeration,DATA NOT AVAILABLE (needs live SERP),networking,2418,0,12,3,2,True,2,True,opportunity: add an answer-first definition paragraph,retrievable: self-contained,citations present,none detected on-page,Add a 2-3 sentence answer-first lead naming the entity,P2,medium,medium,DATA NOT AVAILABLE,DATA NOT AVAILABLE,DATA NOT AVAILABLE
porta-8000-web-dev,https://hackita.it/articoli/porta-8000-web-dev/,Porta-8000-Pentest-Django-Debug-Python-httpserver-e-RCE.md,"Porta 8000 Pentest: Django Debug, Python http.server e RCE | Hackita",68,"Porta 8000 Pentest: Django Debug, Python http.server e RCE",1,"Guida offensiva porta 8000: Django DEBUG=True, Python http.server directory listing, Flask Werkzeug console, PHP built-in server e credential extraction. Con …",159,porta 8000 pentest,Porta 8000 Pentest,informational/service-enumeration,DATA NOT AVAILABLE (needs live SERP),networking,1622,172,6,2,1,True,2,True,ok: has a substantive lead,retrievable: self-contained,citations present,none detected on-page,NO MAJOR ACTION REQUIRED,P3,low,none,DATA NOT AVAILABLE,DATA NOT AVAILABLE,DATA NOT AVAILABLE
porta-8008-http-alt,https://hackita.it/articoli/porta-8008-http-alt/,Porta-8008-HTTP-alt-Grafana-Splunk-e-API-Interne-per-Pentest.md,"Porta 8008 HTTP-alt: Grafana, Splunk e API Interne per Pentest | Hackita",72,"Porta 8008 HTTP-alt: Grafana, Splunk e API Interne per Pentest",1,"Porta 8008 HTTP alternativa: default credentials Grafana e Splunk, CVE-2021-43798 path traversalSpring Boot Actuator heapdump, API REST interne e credential …",158,porta 8008 http alt,Porta 8008 HTTP-alt,informational/service-enumeration,DATA NOT AVAILABLE (needs live SERP),networking,1257,156,12,1,1,True,2,True,ok: has a substantive lead,retrievable: self-contained,citations present,none detected on-page,"Shorten title to ~60 chars, primary keyword first",P2,medium,medium,DATA NOT AVAILABLE,DATA NOT AVAILABLE,DATA NOT AVAILABLE
porta-8080-tomcat,https://hackita.it/articoli/porta-8080-tomcat/,Porta-8080-TCP-Tomcat-Jenkins-e-Vulnerabilit-Web-ad-Alto-Impatto.md,"Porta 8080 TCP: Tomcat, Jenkins e Vulnerabilità Web ad Alto Impatto | Hackita",77,"Porta 8080 TCP: Tomcat, Jenkins e Vulnerabilità Web ad Alto Impatto",1,"La porta 8080 ospita spesso Apache Tomcat e Jenkins, due target chiave nei pentest web. Scopri enumerazione, Tomcat Manager, Jenkins RCE e i test più utili …",157,porta 8080 tcp,Porta 8080 TCP,informational/service-enumeration,DATA NOT AVAILABLE (needs live SERP),networking,1981,125,7,12,0,True,2,True,ok: has a substantive lead,retrievable: self-contained,weak: no external primary sources,none detected on-page,"Shorten title to ~60 chars, primary keyword first",P1,high,medium,DATA NOT AVAILABLE,DATA NOT AVAILABLE,DATA NOT AVAILABLE
porta-8081-http-alt,https://hackita.it/articoli/porta-8081-http-alt/,Porta-8081-Pentest-Nexus-Repository-Traefik-e-OWASP-API.md,"Porta 8081 Pentest: Nexus Repository, Traefik e OWASP API | Hackita",67,"Porta 8081 Pentest: Nexus Repository, Traefik e OWASP API",1,"Porta 8081: Nexus Repository default credentials, CVE-2019-7238 RCE, Traefik dashboard senza auth, OWASP API Security Top 10 con payload operativi e supply …",157,porta 8081 pentest,Porta 8081 Pentest,informational/service-enumeration,DATA NOT AVAILABLE (needs live SERP),networking,1330,150,5,1,1,True,2,True,ok: has a substantive lead,retrievable: self-contained,citations present,none detected on-page,Add a 2-3 sentence answer-first lead naming the entity,P2,medium,medium,DATA NOT AVAILABLE,DATA NOT AVAILABLE,DATA NOT AVAILABLE
porta-8443-https-alt,https://hackita.it/articoli/porta-8443-https-alt/,Porta-8443-HTTPS-Pentest-vCenter-pfSense-UniFi-e-CVE.md,"Porta 8443 HTTPS Pentest: vCenter, pfSense, UniFi e CVE | Hackita",65,"Porta 8443 HTTPS Pentest: vCenter, pfSense, UniFi e CVE",1,"Porta 8443 HTTPS alternativa: VMware vCenter CVE-2021-21972, pfSense RCE, UniFi Log4Shell, Cisco ASDM default credentials, certificate intelligence e TLS …",155,porta 8443 https pentest,Porta 8443 HTTPS Pentest,informational/service-enumeration,DATA NOT AVAILABLE (needs live SERP),networking,1499,133,5,2,1,True,2,True,ok: has a substantive lead,retrievable: self-contained,citations present,none detected on-page,NO MAJOR ACTION REQUIRED,P3,low,medium,DATA NOT AVAILABLE,DATA NOT AVAILABLE,DATA NOT AVAILABLE
porta-880-kerberos-admin,https://hackita.it/articoli/porta-880-kerberos-admin/,Porta-880-Kerberos-Admin-kadmin-kpasswd-e-password-policy-del-KDC.md,"Porta 880 Kerberos Admin: kadmin, kpasswd e password policy del KDC. | Hackita",78,"Porta 880 Kerberos Admin: kadmin, kpasswd e password policy del KDC.",1,"Scopri cos’è la porta 880 associata ai servizi Kerberos admin legacy o custom, come si collega a kadmin e kpasswd e perché policy password, principal e …",153,porta 880 kerberos admin,Porta 880 Kerberos Admin,informational/service-enumeration,DATA NOT AVAILABLE (needs live SERP),networking,1987,254,7,1,1,True,2,True,ok: has a substantive lead,retrievable: self-contained,citations present,none detected on-page,"Shorten title to ~60 chars, primary keyword first",P2,medium,low,DATA NOT AVAILABLE,DATA NOT AVAILABLE,DATA NOT AVAILABLE
porta-8888-jupyter,https://hackita.it/articoli/porta-8888-jupyter/,Porta-8888-Jupyter-Notebook-RCE-Diretto-e-Credential-Extraction.md,Porta 8888 Jupyter Notebook: RCE Diretto e Credential Extraction | Hackita,74,Porta 8888 Jupyter Notebook: RCE Diretto e Credential Extraction,1,"Porta 8888 Jupyter Notebook senza autenticazione: code execution diretto, token leak, terminal integrato, credenziali hardcoded nei notebook e chain offensiva …",160,porta 8888 jupyter notebook,Porta 8888 Jupyter Notebook,informational/service-enumeration,DATA NOT AVAILABLE (needs live SERP),networking,2036,224,6,1,1,True,2,True,ok: has a substantive lead,retrievable: self-contained,citations present,none detected on-page,"Shorten title to ~60 chars, primary keyword first",P2,medium,medium,DATA NOT AVAILABLE,DATA NOT AVAILABLE,DATA NOT AVAILABLE
porta-90-pointcast,https://hackita.it/articoli/porta-90-pointcast/,Porta-90-PointCast-Cos-e-Cosa-Fare-se-la-Trovi-Aperta-nel-2026.md,Porta 90 PointCast: Cos'è e Cosa Fare se la Trovi Aperta nel 2026 | Hackita,75,Porta 90 PointCast: Cos'è e Cosa Fare se la Trovi Aperta nel 2026,1,"Porta 90 aperta durante una scansione? PointCast è morto dal 2001. Scopri come identificare il servizio reale, che sia un web server nascosto, proxy o app …",156,porta 90 pointcast,Porta 90 PointCast,informational/service-enumeration,DATA NOT AVAILABLE (needs live SERP),networking,914,144,2,1,0,True,2,True,ok: has a substantive lead,retrievable: self-contained,weak: no external primary sources,none detected on-page,"Shorten title to ~60 chars, primary keyword first",P1,high,medium,DATA NOT AVAILABLE,DATA NOT AVAILABLE,DATA NOT AVAILABLE
porta-9000-php-fpm-sonarqube,https://hackita.it/articoli/porta-9000-php-fpm-sonarqube/,Porta-9000-Pentest-PHP-FPM-RCE-SonarQube-e-Portainer.md,"Porta 9000 Pentest: PHP-FPM RCE, SonarQube e Portainer | Hackita",64,"Porta 9000 Pentest: PHP-FPM RCE, SonarQube e Portainer",1,"Porta 9000: RCE diretta via PHP-FPM FastCGI esposto, SonarQube admin:admin con codice sorgente e credenziali hardcoded, Portainer senza setup iniziale e …",154,porta 9000 pentest,Porta 9000 Pentest,informational/service-enumeration,DATA NOT AVAILABLE (needs live SERP),networking,1688,168,4,2,1,True,2,True,ok: has a substantive lead,retrievable: self-contained,citations present,none detected on-page,Add a 2-3 sentence answer-first lead naming the entity,P2,medium,medium,DATA NOT AVAILABLE,DATA NOT AVAILABLE,DATA NOT AVAILABLE
porta-902-vmware,https://hackita.it/articoli/porta-902-vmware/,Porta-902-VMware-ESXi-vCenter-vmware-authd-e-rischio-hypervisor.md,"Porta 902 VMware ESXi: vCenter, vmware-authd e rischio hypervisor. | Hackita",76,"Porta 902 VMware ESXi: vCenter, vmware-authd e rischio hypervisor.",1,"Scopri cos’è la porta 902 VMware, usata nelle comunicazioni core tra vCenter Server ed ESXi, e perché identificare un host con vmware-authd significa trovare …",159,porta 902 vmware esxi,Porta 902 VMware ESXi,informational/service-enumeration,DATA NOT AVAILABLE (needs live SERP),networking,1946,249,4,1,1,True,2,True,ok: has a substantive lead,retrievable: self-contained,citations present,none detected on-page,"Shorten title to ~60 chars, primary keyword first",P2,medium,low,DATA NOT AVAILABLE,DATA NOT AVAILABLE,DATA NOT AVAILABLE
porta-9090-web-console,https://hackita.it/articoli/porta-9090-web-console/,Porta-9090-Pentest-Prometheus-Cockpit-Linux-e-JBoss-RCE.md,"Porta 9090 Pentest: Prometheus, Cockpit Linux e JBoss RCE | Hackita",67,"Porta 9090 Pentest: Prometheus, Cockpit Linux e JBoss RCE",1,"Porta 9090: Prometheus senza auth espone intera infrastruttura e credenziali, Cockpit dà shell Linux nel browser, JBoss WAR deploy per RCE. Cheat sheet …",153,porta 9090 pentest,Porta 9090 Pentest,informational/service-enumeration,DATA NOT AVAILABLE (needs live SERP),networking,1417,152,5,3,1,True,2,True,ok: has a substantive lead,retrievable: self-contained,citations present,none detected on-page,Add a 2-3 sentence answer-first lead naming the entity,P2,medium,medium,DATA NOT AVAILABLE,DATA NOT AVAILABLE,DATA NOT AVAILABLE
porta-9092-kafka,https://hackita.it/articoli/porta-9092-kafka/,Porta-9092-Kafka-Pentest-Intercettazione-Messaggi-e-Message-Injection.md,Porta 9092 Kafka Pentest: Intercettazione Messaggi e Message Injection | Hackita,80,Porta 9092 Kafka Pentest: Intercettazione Messaggi e Message Injection,1,"Porta 9092 Apache Kafka senza autenticazione: lista topic, intercettazione messaggi in real-time, message injection, Kafka Connect credentials JDBC e chain …",157,porta 9092 kafka pentest,Porta 9092 Kafka Pentest,informational/service-enumeration,DATA NOT AVAILABLE (needs live SERP),networking,2324,226,5,4,1,True,2,True,ok: has a substantive lead,retrievable: self-contained,citations present,none detected on-page,"Shorten title to ~60 chars, primary keyword first",P2,medium,medium,DATA NOT AVAILABLE,DATA NOT AVAILABLE,DATA NOT AVAILABLE
porta-912-apex-mesh,https://hackita.it/articoli/porta-912-apex-mesh/,Porta-912-Apex-Mesh--MeshCentral-server-RMM-agent-remoti-e-compromissione-centralizzata.md,"Porta 912 Apex Mesh / MeshCentral: server RMM, agent remoti e compromissione centralizzata. | Hackita",101,"Porta 912 Apex Mesh / MeshCentral: server RMM, agent remoti e compromissione centralizzata.",1,Scopri cos’è la porta 912 associata a apex-mesh e perché può indicare una piattaforma di remote management come MeshCentral: accesso centralizzato agli …,153,porta 912 apex mesh meshcentral,Porta 912 Apex Mesh / MeshCentral,informational/service-enumeration,DATA NOT AVAILABLE (needs live SERP),networking,1993,253,6,1,1,True,2,True,ok: has a substantive lead,retrievable: self-contained,citations present,none detected on-page,"Shorten title to ~60 chars, primary keyword first",P2,medium,low,DATA NOT AVAILABLE,DATA NOT AVAILABLE,DATA NOT AVAILABLE
porta-9200-elasticsearch,https://hackita.it/articoli/porta-9200-elasticsearch/,Porta-9200-Elasticsearch-Dump-Indici-Credenziali-e-Groovy-RCE.md,"Porta 9200 Elasticsearch: Dump Indici, Credenziali e Groovy RCE | Hackita",73,"Porta 9200 Elasticsearch: Dump Indici, Credenziali e Groovy RCE",1,"Porta 9200 Elasticsearch senza autenticazione: dump indici con credenziali e PII, ricerca password nei log, Groovy script RCE, CVE-2015-1427, elasticdump e …",157,porta 9200 elasticsearch,Porta 9200 Elasticsearch,informational/service-enumeration,DATA NOT AVAILABLE (needs live SERP),networking,1613,183,10,6,1,True,2,True,ok: has a substantive lead,retrievable: self-contained,citations present,none detected on-page,"Shorten title to ~60 chars, primary keyword first",P2,medium,medium,DATA NOT AVAILABLE,DATA NOT AVAILABLE,DATA NOT AVAILABLE
porta-9300-elasticsearch-cluster,https://hackita.it/articoli/porta-9300-elasticsearch-cluster/,Porta-9300-Elasticsearch-Transport-Cluster-Join-e-Java-RCE.md,Porta 9300 Elasticsearch Transport: Cluster Join e Java RCE | Hackita,69,Porta 9300 Elasticsearch Transport: Cluster Join e Java RCE,1,"Porta 9300 Elasticsearch transport: cluster join non autorizzato, replica dati su nodo malevolo, Java deserialization RCE CVE-2015-5377 e differenze operative …",160,porta 9300 elasticsearch transport,Porta 9300 Elasticsearch Transport,informational/service-enumeration,DATA NOT AVAILABLE (needs live SERP),networking,1193,221,3,1,0,True,2,True,ok: has a substantive lead,retrievable: self-contained,weak: no external primary sources,none detected on-page,Add 1-2 primary-source references (CVE/vendor/RFC/MITRE),P2,medium,medium,DATA NOT AVAILABLE,DATA NOT AVAILABLE,DATA NOT AVAILABLE
porta-9418-git,https://hackita.it/articoli/porta-9418-git/,Porta-9418-Git-Daemon-Pentest-Clone-Repository-e-Secret-Extraction.md,"Porta 9418 Git Daemon: Pentest, Clone Repository e Secret Extraction | Hackita",78,"Porta 9418 Git Daemon: Pentest, Clone Repository e Secret Extraction",1,"Porta 9418 git daemon senza autenticazione: clone repository, estrazione credenziali dalla history dei commit, truffleHog, gitleaks, .git esposto via web e …",157,porta 9418 git daemon,Porta 9418 Git Daemon,informational/service-enumeration,DATA NOT AVAILABLE (needs live SERP),networking,1423,187,7,3,0,True,2,True,ok: has a substantive lead,retrievable: self-contained,weak: no external primary sources,none detected on-page,"Shorten title to ~60 chars, primary keyword first",P1,high,medium,DATA NOT AVAILABLE,DATA NOT AVAILABLE,DATA NOT AVAILABLE
porta-95-supdup,https://hackita.it/articoli/porta-95-supdup/,Porta-95-SUPDUP-Remote-Terminal-Protocol-Obsoleto-Rilevanza-Storica.md,Porta 95 SUPDUP: Remote Terminal Protocol Obsoleto (Rilevanza Storica | Hackita,79,Porta 95 SUPDUP: Remote Terminal Protocol Obsoleto (Rilevanza Storica,1,"Porta 95 aperta durante una scansione? SUPDUP è defunto dagli anni '90. Scopri come identificare il servizio reale: web server nascosto, app custom o honeypot.",159,porta 95 supdup,Porta 95 SUPDUP,informational/service-enumeration,DATA NOT AVAILABLE (needs live SERP),networking,744,146,3,1,0,True,2,True,ok: has a substantive lead,review,weak: no external primary sources,none detected on-page,"Shorten title to ~60 chars, primary keyword first",P1,high,medium,DATA NOT AVAILABLE,DATA NOT AVAILABLE,DATA NOT AVAILABLE
porta-989-ftps-data,https://hackita.it/articoli/porta-989-ftps-data/,Porta-989-FTPS-Data-canale-dati-cifrato-TLS-implicito-e-sicurezza-del-file-transfer.md,"Porta 989 FTPS-Data: canale dati cifrato, TLS implicito e sicurezza del file transfer. | Hackita",96,"Porta 989 FTPS-Data: canale dati cifrato, TLS implicito e sicurezza del file transfer.",1,"Scopri cos’è la porta 989 ftps-data, come si collega alla 990 nel FTPS implicito e perché certificati, TLS e permessi di accesso restano centrali per valutare …",160,porta 989 ftps data,Porta 989 FTPS-Data,informational/service-enumeration,DATA NOT AVAILABLE (needs live SERP),networking,1968,0,5,1,1,True,2,True,opportunity: add an answer-first definition paragraph,retrievable: self-contained,citations present,none detected on-page,"Shorten title to ~60 chars, primary keyword first",P1,high,medium,DATA NOT AVAILABLE,DATA NOT AVAILABLE,DATA NOT AVAILABLE
porta-990-ftps,https://hackita.it/articoli/porta-990-ftps/,Porta-990-FTPS-anonymous-login-brute-force-e-file-exfiltration-su-FTP-cifrato.md,"Porta 990 FTPS: anonymous login, brute force e file exfiltration su FTP cifrato. | Hackita",90,"Porta 990 FTPS: anonymous login, brute force e file exfiltration su FTP cifrato.",1,"Scopri cos’è la porta 990 ftps, come si collega alla 989 ftps-data e perché anonymous login, credenziali deboli e backup esposti restano i rischi principali del …",162,porta 990 ftps,Porta 990 FTPS,informational/service-enumeration,DATA NOT AVAILABLE (needs live SERP),networking,1870,233,6,1,1,True,2,True,ok: has a substantive lead,retrievable: self-contained,citations present,none detected on-page,"Shorten title to ~60 chars, primary keyword first",P2,medium,low,DATA NOT AVAILABLE,DATA NOT AVAILABLE,DATA NOT AVAILABLE
porta-995-pop3s,https://hackita.it/articoli/porta-995-pop3s/,Porta-995-POP3S-brute-force-mailbox-dump-e-credential-reuse-sulle-email-cifrate.md,"Porta 995 POP3S: brute force, mailbox dump e credential reuse sulle email cifrate. | Hackita",92,"Porta 995 POP3S: brute force, mailbox dump e credential reuse sulle email cifrate.",1,"Scopri cos’è la porta 995 pop3s, perché POP3 over TLS usa cifratura implicita sul canale email e come credenziali deboli, mailbox access e contenuti sensibili …",160,porta 995 pop3s,Porta 995 POP3S,informational/service-enumeration,DATA NOT AVAILABLE (needs live SERP),networking,2103,265,8,2,1,True,2,True,ok: has a substantive lead,retrievable: self-contained,citations present,none detected on-page,"Shorten title to ~60 chars, primary keyword first",P2,medium,low,DATA NOT AVAILABLE,DATA NOT AVAILABLE,DATA NOT AVAILABLE
porta-9999-abyss-dev,https://hackita.it/articoli/porta-9999-abyss-dev/,Porta-9999-Pentest-Abyss-Icecast-CVE-2004-1561-e-Dev-Server.md,"Porta 9999 Pentest: Abyss, Icecast CVE-2004-1561 e Dev Server | Hackita",71,"Porta 9999 Pentest: Abyss, Icecast CVE-2004-1561 e Dev Server",1,"Porta 9999: Abyss Web Server directory traversal e admin bypass, Icecast buffer overflow RCE CVE-2004-1561, Varnish admin esposto, staging server senza …",153,porta 9999 pentest,Porta 9999 Pentest,vulnerability/CVE,DATA NOT AVAILABLE (needs live SERP),networking,1105,157,3,1,0,True,2,True,ok: has a substantive lead,retrievable: self-contained,weak: no external primary sources,none detected on-page,"Shorten title to ~60 chars, primary keyword first",P1,high,medium,DATA NOT AVAILABLE,DATA NOT AVAILABLE,DATA NOT AVAILABLE
porta-ftp-20,https://hackita.it/articoli/porta-ftp-20/,FTP-porte-20-e-21-cos-il-protocollo-come-funziona-e-dove-si-attacca-davvero.md,"FTP porte 20 e 21: cos’è il protocollo, come funziona e dove si attacca davvero | Hackita",89,"FTP porte 20 e 21: cos’è il protocollo, come funziona e dove si attacca davvero",1,"Guida pratica alle porte FTP (File Transfer Protocol) 20 e 21: differenza tra control e data channel, active/passive mode, rischi di sniffing, FTP bounce e …",157,ftp porte 20 e 21,FTP porte 20 e 21,informational/service-enumeration,DATA NOT AVAILABLE (needs live SERP),networking,3157,173,8,4,1,True,2,True,ok: has a substantive lead,retrievable: self-contained,citations present,none detected on-page,"Shorten title to ~60 chars, primary keyword first",P2,medium,medium,DATA NOT AVAILABLE,DATA NOT AVAILABLE,DATA NOT AVAILABLE
porte-tcp-udp-pentest,https://hackita.it/articoli/porte-tcp-udp-pentest/,Porte-TCPUDP-nel-Penetration-Testing-Guida-Completa-dalla-Recon-allExploit.md,Porte TCP/UDP nel Penetration Testing: Guida Completa dalla Recon all'Exploit | Hackita,87,Porte TCP/UDP nel Penetration Testing: Guida Completa dalla Recon all'Exploit,1,"Tutte le porte TCP e UDP nel penetration testing organizzate per scenario offensivo: Active Directory, web, database, mail, DevOps. Vettori d'attacco e guide …",159,porte tcp udp nel penetration testing,Porte TCP/UDP nel Penetration Testing,informational/definition,DATA NOT AVAILABLE (needs live SERP),networking,2554,218,167,5,0,True,2,True,ok: has a substantive lead,retrievable: self-contained,weak: no external primary sources,none detected on-page,"Shorten title to ~60 chars, primary keyword first",P1,high,medium,DATA NOT AVAILABLE,DATA NOT AVAILABLE,DATA NOT AVAILABLE
post-exploitation,https://hackita.it/articoli/post-exploitation/,Post-Exploitation-Windows-e-Active-Directory-Guida-Completa.md,Post-Exploitation Windows e Active Directory: Guida Completa | Hackita,70,Post-Exploitation Windows e Active Directory: Guida Completa,1,"Post-exploitation Windows e Active Directory: enumerazione, privilege escalation, credential dumping, persistence, lateral movement e cleanup operativo.",152,post exploitation windows e active directory,Post-Exploitation Windows e Active Directory,informational/definition,DATA NOT AVAILABLE (needs live SERP),guides-resources,2694,163,11,17,14,True,2,True,ok: has a substantive lead,retrievable: self-contained,citations present,none detected on-page,Add a 2-3 sentence answer-first lead naming the entity,P2,medium,medium,DATA NOT AVAILABLE,DATA NOT AVAILABLE,DATA NOT AVAILABLE
powershell,https://hackita.it/articoli/powershell/,PowerShell-per-Penetration-Testing-Guida-Offensiva-Completa.md,PowerShell per Penetration Testing: Guida Offensiva Completa | Hackita,70,PowerShell per Penetration Testing: Guida Offensiva Completa,1,"PowerShell per pentest Windows: comandi, download, remoting, enumerazione Active Directory, logging, AMSI, CLM e tecniche di post-exploitation.",143,powershell per penetration testing,PowerShell per Penetration Testing,informational/definition,DATA NOT AVAILABLE (needs live SERP),tools,2377,0,1,5,8,True,2,True,opportunity: add an answer-first definition paragraph,retrievable: self-contained,citations present,none detected on-page,Add a 2-3 sentence answer-first lead naming the entity,P2,medium,medium,DATA NOT AVAILABLE,DATA NOT AVAILABLE,DATA NOT AVAILABLE
powerview,https://hackita.it/articoli/powerview/,PowerView-Enumerazione-Active-Directory-con-Comandi-ed-Esempi.md,PowerView: Enumerazione Active Directory con Comandi ed Esempi | Hackita,72,PowerView: Enumerazione Active Directory con Comandi ed Esempi,1,"Guida a PowerView per enumerare Windows Active Directory: utenti, gruppi, computer, ACL, sessioni, GPO e trust con comandi PowerShell ed esempi pratici.",152,powerview,PowerView,tool-oriented/how-to,DATA NOT AVAILABLE (needs live SERP),tools,2717,147,0,7,2,True,2,True,ok: has a substantive lead,retrievable: self-contained,citations present,none detected on-page,"Shorten title to ~60 chars, primary keyword first",P2,medium,medium,DATA NOT AVAILABLE,DATA NOT AVAILABLE,DATA NOT AVAILABLE
ppp-point-to-point-protocol,https://hackita.it/articoli/ppp-point-to-point-protocol/,PPP-PPPoE-e-PPTP-guida-ai-rischi-reali-per-chi-fa-pentest.md,"PPP, PPPoE e PPTP: guida ai rischi reali per chi fa pentest | Hackita",69,"PPP, PPPoE e PPTP: guida ai rischi reali per chi fa pentest",1,"PPP spiegato bene: come funziona Point-to-Point Protocol, differenze tra PAP e CHAP, PPPoE, PPTP, MS-CHAPv2, attacchi reali e impatto nel pentesting moderno.",157,ppp pppoe e pptp,"PPP, PPPoE e PPTP",informational/definition,DATA NOT AVAILABLE (needs live SERP),networking,2162,69,10,4,1,True,2,True,ok: has a substantive lead,retrievable: self-contained,citations present,none detected on-page,NO MAJOR ACTION REQUIRED,P3,low,medium,DATA NOT AVAILABLE,DATA NOT AVAILABLE,DATA NOT AVAILABLE
privilege-escalation-web,https://hackita.it/articoli/privilege-escalation-web/,Privilege-Escalation-Web-Verticale-Orizzontale-e-Mass-Assignment.md,"Privilege Escalation Web: Verticale, Orizzontale e Mass Assignment | Hackita",76,"Privilege Escalation Web: Verticale, Orizzontale e Mass Assignment",1,"Privilege Escalation nelle web app: mass assignment, role=admin, JWT manipulation e multi-tenant bypass. Tecniche pratiche di pentesting per escalation …",153,privilege escalation web,Privilege Escalation Web,informational/educational,DATA NOT AVAILABLE (needs live SERP),web-hacking,2093,133,6,6,0,True,2,True,ok: has a substantive lead,retrievable: self-contained,weak: no external primary sources,none detected on-page,"Shorten title to ~60 chars, primary keyword first",P1,high,medium,DATA NOT AVAILABLE,DATA NOT AVAILABLE,DATA NOT AVAILABLE
privilege-escalation-windows,https://hackita.it/articoli/privilege-escalation-windows/,Windows-Privilege-Escalation--Tecniche-e-Tool-per-Ottenere-SYSTEM.md,Windows Privilege Escalation : Tecniche e Tool per Ottenere SYSTEM | Hackita,76,Windows Privilege Escalation : Tecniche e Tool per Ottenere SYSTEM,1,"Guida alla privilege escalation su Windows: enumerazione, servizi vulnerabili, token impersonation, DLL hijacking, UAC bypass, detection e mitigazioni.",151,windows privilege escalation,Windows Privilege Escalation,informational/educational,DATA NOT AVAILABLE (needs live SERP),windows,4970,221,14,6,6,True,2,True,ok: has a substantive lead,retrievable: self-contained,citations present,none detected on-page,"Shorten title to ~60 chars, primary keyword first",P2,medium,medium,DATA NOT AVAILABLE,DATA NOT AVAILABLE,DATA NOT AVAILABLE
proxychains,https://hackita.it/articoli/proxychains/,ProxyChains-Concatenare-Proxy-per-Anonimato-e-Pivoting-nel-Pentest.md,ProxyChains: Concatenare Proxy per Anonimato e Pivoting nel Pentest | Hackita,77,ProxyChains: Concatenare Proxy per Anonimato e Pivoting nel Pentest,1,"ProxyChains: guida pratica per anonimizzare traffico e concatenare proxy in penetration test. Configurazione, SOCKS5 e integrazione tool.",137,proxychains,ProxyChains,informational/educational,DATA NOT AVAILABLE (needs live SERP),networking,1943,117,6,8,1,True,2,True,ok: has a substantive lead,retrievable: self-contained,citations present,none detected on-page,"Shorten title to ~60 chars, primary keyword first",P2,medium,low,DATA NOT AVAILABLE,DATA NOT AVAILABLE,DATA NOT AVAILABLE
psexec,https://hackita.it/articoli/psexec/,PsExec-Remote-Command-Execution-via-SMB-in-Ambienti-Windows.md,PsExec: Remote Command Execution via SMB in Ambienti Windows | Hackita,70,PsExec: Remote Command Execution via SMB in Ambienti Windows,1,PsExec permette l’esecuzione remota di comandi su sistemi Windows tramite SMB. Strumento chiave per lateral movement e amministrazione remota.,142,psexec,PsExec,informational/educational,DATA NOT AVAILABLE (needs live SERP),windows,3377,143,8,17,3,True,2,True,ok: has a substantive lead,retrievable: self-contained,citations present,none detected on-page,NO MAJOR ACTION REQUIRED,P3,low,none,DATA NOT AVAILABLE,DATA NOT AVAILABLE,DATA NOT AVAILABLE
pspy,https://hackita.it/articoli/pspy/,Pspy-Monitoraggio-Processi-Linux-Senza-Privilegi-Root.md,Pspy: Monitoraggio Processi Linux Senza Privilegi Root | Hackita,64,Pspy: Monitoraggio Processi Linux Senza Privilegi Root,1,Pspy è uno strumento per osservare processi e cron job in esecuzione su Linux senza privilegi root. Ideale per identificare vettori di privilege escalation.,156,pspy,Pspy,informational/educational,DATA NOT AVAILABLE (needs live SERP),linux,4344,0,12,4,1,True,2,True,review: lead could be more answer-first,retrievable: self-contained,citations present,none detected on-page,Add a 2-3 sentence answer-first lead naming the entity,P2,medium,medium,DATA NOT AVAILABLE,DATA NOT AVAILABLE,DATA NOT AVAILABLE
pth-net,https://hackita.it/articoli/pth-net/,pth-net-guida-al-Pass-the-Hash-con-Samba-su-SMBRPC.md,pth-net: guida al Pass-the-Hash con Samba su SMB/RPC | Hackita,62,pth-net: guida al Pass-the-Hash con Samba su SMB/RPC,1,"Usa pth-net con hash NTLM per enumerare utenti, payload ,gruppi e share via SMB/RPC nei pentest, confrontalo con NetExec e Impacket e analizza la detection PtH.",160,pth net,pth-net,informational/definition,DATA NOT AVAILABLE (needs live SERP),tools,3876,56,16,0,1,True,2,True,ok: has a substantive lead,retrievable: self-contained,citations present,none detected on-page,Add in-body links to this article from related articles,P2,medium,medium,DATA NOT AVAILABLE,DATA NOT AVAILABLE,DATA NOT AVAILABLE
quic,https://hackita.it/articoli/quic/,QUIC-CosHTTP3-0-RTT-e-blind-spot-nel-pentesting.md,"QUIC Cos'è,HTTP/3, 0-RTT e blind spot nel pentesting | Hackita",62,"QUIC Cos'è,HTTP/3, 0-RTT e blind spot nel pentesting",1,"QUIC spiegato in modo chiaro: cos’è, come funziona con HTTP/3, rischi del 0-RTT, inspection gap su UDP 443, bypass di logging e implicazioni reali per il …",155,quic cos e http 3 0 rtt e blind spot nel pentesting,"QUIC Cos'è,HTTP/3, 0-RTT e blind spot nel pentesting",informational/definition,DATA NOT AVAILABLE (needs live SERP),networking,2103,68,9,2,1,True,2,True,ok: has a substantive lead,retrievable: self-contained,citations present,none detected on-page,Add a 2-3 sentence answer-first lead naming the entity,P2,medium,medium,DATA NOT AVAILABLE,DATA NOT AVAILABLE,DATA NOT AVAILABLE
race-condition,https://hackita.it/articoli/race-condition/,Race-Condition-Web-Double-Spending-Coupon-Abuse-e-Attacchi-Con-Request-Parallele.md,"Race Condition Web: Double Spending, Coupon Abuse e Attacchi Con Request Parallele | Hackita",92,"Race Condition Web: Double Spending, Coupon Abuse e Attacchi Con Request Parallele",1,"Race Condition nelle web app: double spending, coupon abuse e bypass dei limiti con request parallele. Tecniche di detection con Turbo Intruder e exploit reali.",160,race condition web,Race Condition Web,informational/educational,DATA NOT AVAILABLE (needs live SERP),web-hacking,1481,0,5,3,3,True,2,True,review: lead could be more answer-first,retrievable: self-contained,citations present,none detected on-page,"Shorten title to ~60 chars, primary keyword first",P1,high,medium,DATA NOT AVAILABLE,DATA NOT AVAILABLE,DATA NOT AVAILABLE
ransomware,https://hackita.it/articoli/ransomware/,Ransomware-2026-guida-completa-Cosa-sono-e-come-difendersi.md,Ransomware 2026: guida completa .Cosa sono e come difendersi | Hackita,70,Ransomware 2026: guida completa .Cosa sono e come difendersi,1,"Guida completa al ransomware 2026: cos'è, come funziona, attacchi storici (WannaCry, LockBit), doppia estorsione, RaaS e best practice per difendersi con …",155,ransomware 2026,Ransomware 2026,informational/definition,DATA NOT AVAILABLE (needs live SERP),guides-resources,5229,47,5,2,7,True,2,True,ok: has a substantive lead,retrievable: self-contained,citations present,none detected on-page,Add a 2-3 sentence answer-first lead naming the entity,P2,medium,medium,DATA NOT AVAILABLE,DATA NOT AVAILABLE,DATA NOT AVAILABLE
rarp,https://hackita.it/articoli/rarp/,RARP-Cos-il-Reverse-ARP-che-rivela-reti-legacy-e-OT.md,RARP Cos'è: il Reverse ARP che rivela reti legacy e OT | Hackita,64,RARP Cos'è: il Reverse ARP che rivela reti legacy e OT,1,"RARP cos’è, come funziona e perché conta ancora in pentest su reti legacy, OT/ICS e boot PXE: request/reply, spoofing, boot hijacking e differenze con ARP e …",158,rarp cos e,RARP Cos'è,informational/definition,DATA NOT AVAILABLE (needs live SERP),windows,2300,75,9,1,1,True,2,True,ok: has a substantive lead,retrievable: self-contained,citations present,none detected on-page,Add a 2-3 sentence answer-first lead naming the entity,P2,medium,medium,DATA NOT AVAILABLE,DATA NOT AVAILABLE,DATA NOT AVAILABLE
rbcd,https://hackita.it/articoli/rbcd/,RBCD-Attack--Resource-Based-Constrained-Delegation-PrivEsc.md,RBCD Attack : Resource-Based Constrained Delegation PrivEsc | Hackita,69,RBCD Attack : Resource-Based Constrained Delegation PrivEsc,1,"RBCD sfrutta write access su msDS-AllowedToActOnBehalfOfOtherIdentity per privilege escalation  su active directory . Guida con Impacket, Rubeus e NTLM relay.",158,rbcd attack,RBCD Attack,informational/educational,DATA NOT AVAILABLE (needs live SERP),windows,2569,192,5,8,5,True,2,True,ok: has a substantive lead,retrievable: self-contained,citations present,none detected on-page,Add a 2-3 sentence answer-first lead naming the entity,P2,medium,medium,DATA NOT AVAILABLE,DATA NOT AVAILABLE,DATA NOT AVAILABLE
rce,https://hackita.it/articoli/rce/,RCE-Remote-Code-Execution-Cos-Vettori-ed-Exploit.md,"RCE (Remote Code Execution): Cos’è, Vettori ed Exploit | Hackita",64,"RCE (Remote Code Execution): Cos’è, Vettori ed Exploit",1,"RCE nel pentesting: scopri i vettori che portano alla Remote Code Execution, come verificarli, ottenere una shell e avviare la post-exploitation.",145,rce,RCE,informational/definition,DATA NOT AVAILABLE (needs live SERP),web-hacking,3352,131,28,10,6,True,2,True,ok: has a substantive lead,retrievable: self-contained,citations present,none detected on-page,Make the first body heading a real section (not a title echo),P3,low,medium,DATA NOT AVAILABLE,DATA NOT AVAILABLE,DATA NOT AVAILABLE
reconnaissance,https://hackita.it/articoli/reconnaissance/,Recon-OSINT-Tool-theHarvester-Shodan-e-Google-Dorks.md,"Recon OSINT: Tool, theHarvester, Shodan e Google Dorks. | Hackita",65,"Recon OSINT: Tool, theHarvester, Shodan e Google Dorks.",1,"Reconnaissance OSINT passiva per pentest: raccogli email, sottodomini, dispositivi esposti e metadati con theHarvester, Google Dorks, Shodan e Metagoofil.",154,recon osint,Recon OSINT,informational/educational,DATA NOT AVAILABLE (needs live SERP),web-hacking,3463,0,12,4,2,True,2,True,review: lead could be more answer-first,retrievable: self-contained,citations present,none detected on-page,Add a 2-3 sentence answer-first lead naming the entity,P2,medium,medium,DATA NOT AVAILABLE,DATA NOT AVAILABLE,DATA NOT AVAILABLE
reconng,https://hackita.it/articoli/reconng/,Recon-ng-Framework-OSINT-Modulare-per-Reconnaissance-Avanzata.md,Recon-ng: Framework OSINT Modulare per Reconnaissance Avanzata | Hackita,72,Recon-ng: Framework OSINT Modulare per Reconnaissance Avanzata,1,"Recon-ng è un framework OSINT modulare con interfaccia stile Metasploit. Ideale per raccolta automatizzata di domini, email e asset esterni.",140,recon ng,Recon-ng,informational/educational,DATA NOT AVAILABLE (needs live SERP),web-hacking,3865,73,5,6,1,True,2,True,ok: has a substantive lead,retrievable: self-contained,citations present,none detected on-page,"Shorten title to ~60 chars, primary keyword first",P2,medium,low,DATA NOT AVAILABLE,DATA NOT AVAILABLE,DATA NOT AVAILABLE
reconspider,https://hackita.it/articoli/reconspider/,ReconSpider-Automated-Web-Recon-e-OSINT-Crawler.md,ReconSpider: Automated Web Recon e OSINT Crawler | Hackita,58,ReconSpider: Automated Web Recon e OSINT Crawler,1,"ReconSpider è uno strumento di web reconnaissance che raccoglie email, metadati e informazioni pubbliche tramite crawling automatico.",133,reconspider,ReconSpider,informational/educational,DATA NOT AVAILABLE (needs live SERP),web-hacking,3907,0,4,1,6,True,2,True,review: lead could be more answer-first,retrievable: self-contained,citations present,none detected on-page,Add a 2-3 sentence answer-first lead naming the entity,P2,medium,medium,DATA NOT AVAILABLE,DATA NOT AVAILABLE,DATA NOT AVAILABLE
reflected-xss,https://hackita.it/articoli/reflected-xss/,Reflected-XSS-come-trovarlo-sfruttarlo-e-far-eseguire-il-payload.md,"Reflected XSS: come trovarlo, sfruttarlo e far eseguire il payload | Hackita",76,"Reflected XSS: come trovarlo, sfruttarlo e far eseguire il payload",1,"Guida completa al Reflected XSS: reflection point, context analysis, payload per HTML e JavaScript, delivery via link, cookie stealing, dalfox e tecniche di …",158,reflected xss,Reflected XSS,tutorial/how-to,DATA NOT AVAILABLE (needs live SERP),web-hacking,1115,78,5,5,0,True,2,True,ok: has a substantive lead,retrievable: self-contained,weak: no external primary sources,none detected on-page,"Shorten title to ~60 chars, primary keyword first",P1,high,medium,DATA NOT AVAILABLE,DATA NOT AVAILABLE,DATA NOT AVAILABLE
regpy,https://hackita.it/articoli/regpy/,regpy-Tutti-i-Registry-Keys-per-Pentest-e-Active-Directory.md,reg.py: Tutti i Registry Keys per Pentest e Active Directory | Hackita,70,reg.py: Tutti i Registry Keys per Pentest e Active Directory,1,"reg.py di Impacket: query, add, delete, save e backup del registro Windows remoto via SMB/MS-RRP. Chiavi SAM, LSA, WDigest, RDP, WinRM per pentest e hardening.",159,reg py,reg.py,tool-oriented/how-to,DATA NOT AVAILABLE (needs live SERP),tools,8087,0,6,1,2,True,2,True,review: lead could be more answer-first,retrievable: self-contained,citations present,none detected on-page,Add a 2-3 sentence answer-first lead naming the entity,P2,medium,medium,DATA NOT AVAILABLE,DATA NOT AVAILABLE,DATA NOT AVAILABLE
renamemachine,https://hackita.it/articoli/renamemachine/,renameMachinepy-NoPac-e-sAMAccountName-Spoofing.md,renameMachine.py: NoPac e sAMAccountName Spoofing | Hackita,59,renameMachine.py: NoPac e sAMAccountName Spoofing,1,Guida a impacket-renameMachine per modificare il sAMAccountName dei computer account e comprendere la catena NoPac con CVE-2021-42278 e CVE-2021-42287.,151,renamemachine py,renameMachine.py,tool-oriented/how-to,DATA NOT AVAILABLE (needs live SERP),tools,1373,0,6,0,0,True,2,True,review: lead could be more answer-first,retrievable: self-contained,weak: no external primary sources,none detected on-page,Add a 2-3 sentence answer-first lead naming the entity,P2,medium,medium,DATA NOT AVAILABLE,DATA NOT AVAILABLE,DATA NOT AVAILABLE
responder,https://hackita.it/articoli/responder/,Responder-Attacco-LLMNR-NBT-NS-e-WPAD-in-LAN-per-Rubare-Hash-NTLM-come-un-Vero-Red-Teamer.md,"Responder: Cattura Hash NTLM su Linux, LLMNR, NBT-NS e Relay | Hackita",70,"Responder: Cattura Hash NTLM su Linux, LLMNR, NBT-NS e Relay",1,"Guida pratica a Responder: cattura hash NTLM/NetNTLMv2 tramite LLMNR, NBT-NS e WPAD, con cracking e NTLM relay in penetration test e lab.",137,responder,Responder,tool-oriented/how-to,DATA NOT AVAILABLE (needs live SERP),tools,2701,49,10,27,1,True,2,True,ok: has a substantive lead,retrievable: self-contained,citations present,none detected on-page,Make the first body heading a real section (not a title echo),P3,low,medium,DATA NOT AVAILABLE,DATA NOT AVAILABLE,DATA NOT AVAILABLE
revolut-data-breach-richiesta-governativa-falsa,https://hackita.it/articoli/revolut-data-breach-richiesta-governativa-falsa/,Revolut-hackerata-Data-breach-passaporti-IBAN-e-Bitcoin.md,"Revolut hackerata? Data breach: passaporti, IBAN e Bitcoin | Hackita",68,"Revolut hackerata? Data breach: passaporti, IBAN e Bitcoin",1,"Revolut conferma un data breach: finta richiesta governativa, passaporti e cronologie Bitcoin esposti. Dati pubblicati online, richiesti 10.000 BTC di riscatto.",160,revolut hackerata data breach,Revolut hackerata? Data breach,informational/educational,DATA NOT AVAILABLE (needs live SERP),guides-resources,4127,0,2,0,5,True,2,True,review: lead could be more answer-first,retrievable: self-contained,citations present,none detected on-page,Add a 2-3 sentence answer-first lead naming the entity,P2,medium,medium,DATA NOT AVAILABLE,DATA NOT AVAILABLE,DATA NOT AVAILABLE
revsocks,https://hackita.it/articoli/revsocks/,RevSocks-Reverse-SOCKS-Proxy-per-Pivoting-e-Accesso-Interno.md,RevSocks: Reverse SOCKS Proxy per Pivoting e Accesso Interno | Hackita,70,RevSocks: Reverse SOCKS Proxy per Pivoting e Accesso Interno,1,"RevSocks crea un reverse SOCKS proxy tra attacker e target compromesso, permettendo pivoting e accesso a reti interne in pentest autorizzati.",141,revsocks,RevSocks,informational/educational,DATA NOT AVAILABLE (needs live SERP),networking,1339,69,7,1,1,True,2,True,ok: has a substantive lead,retrievable: self-contained,citations present,none detected on-page,NO MAJOR ACTION REQUIRED,P3,low,none,DATA NOT AVAILABLE,DATA NOT AVAILABLE,DATA NOT AVAILABLE
rfi,https://hackita.it/articoli/rfi/,Remote-File-Inclusion-RFI-RCE-via-URL-Wrapper-Bypass-e-SMB-Attack.md,"Remote File Inclusion (RFI): RCE via URL, Wrapper Bypass e SMB Attack | Hackita",79,"Remote File Inclusion (RFI): RCE via URL, Wrapper Bypass e SMB Attack",1,"Remote File Inclusion (RFI): RCE via URL, Wrapper Bypass e SMB Attack",69,remote file inclusion,Remote File Inclusion,informational/educational,DATA NOT AVAILABLE (needs live SERP),web-hacking,2788,189,6,4,0,True,2,True,ok: has a substantive lead,retrievable: self-contained,weak: no external primary sources,none detected on-page,"Shorten title to ~60 chars, primary keyword first",P1,high,medium,DATA NOT AVAILABLE,DATA NOT AVAILABLE,DATA NOT AVAILABLE
routersploit,https://hackita.it/articoli/routersploit/,RouterSploit-Framework-di-Exploit-per-Router-e-IoT.md,RouterSploit: Framework di Exploit per Router e IoT | Hackita,61,RouterSploit: Framework di Exploit per Router e IoT,1,"RouterSploit è un framework per testare vulnerabilità su router e dispositivi IoT. Include moduli di scanning, exploit e brute-force.",133,routersploit,RouterSploit,tool-oriented/how-to,DATA NOT AVAILABLE (needs live SERP),tools,1015,54,5,1,1,True,2,True,ok: has a substantive lead,retrievable: self-contained,citations present,none detected on-page,NO MAJOR ACTION REQUIRED,P3,low,none,DATA NOT AVAILABLE,DATA NOT AVAILABLE,DATA NOT AVAILABLE
rpcclient,https://hackita.it/articoli/rpcclient/,Rpcclient-attacco-e-enum-SMB-su-Active-Directory.md,"rpcclient Kali Linux: Enumerazione SMB, AD e SID/RID | Hackita",62,"rpcclient Kali Linux: Enumerazione SMB, AD e SID/RID",1,"Guida a rpcclient su Kali Linux per enumerare utenti, gruppi, SID/RID, trust, policy password e share SMB tramite SAMR, LSARPC e SRVSVC, con comandi pratici.",157,rpcclient kali linux,rpcclient Kali Linux,tool-oriented/how-to,DATA NOT AVAILABLE (needs live SERP),tools,1562,121,5,11,0,True,2,True,ok: has a substantive lead,retrievable: self-contained,weak: no external primary sources,none detected on-page,Add a 2-3 sentence answer-first lead naming the entity,P2,medium,medium,DATA NOT AVAILABLE,DATA NOT AVAILABLE,DATA NOT AVAILABLE
rpcdump,https://hackita.it/articoli/rpcdump/,rpcdumppy-Impacket-Endpoint-RPC-UUID-e-Named-Pipe.md,"rpcdump.py Impacket: Endpoint RPC, UUID e Named Pipe | Hackita",62,"rpcdump.py Impacket: Endpoint RPC, UUID e Named Pipe",1,"Guida a rpcdump.py di Impacket per enumerare endpoint RPC Windows, UUID, named pipe e porte dinamiche. Comandi pratici e analisi per il pentesting.",147,rpcdump py impacket,rpcdump.py Impacket,tool-oriented/how-to,DATA NOT AVAILABLE (needs live SERP),tools,2305,153,14,4,2,True,2,True,ok: has a substantive lead,retrievable: self-contained,citations present,none detected on-page,Make the first body heading a real section (not a title echo),P3,low,medium,DATA NOT AVAILABLE,DATA NOT AVAILABLE,DATA NOT AVAILABLE
rpcinfo,https://hackita.it/articoli/rpcinfo/,Rpcinfo-enumerazione-dei-servizi-RPC-in-ambienti-Unix.md,Rpcinfo: Enumerazione Dei Servizi RPC in Ambienti Unix | Hackita,64,Rpcinfo: Enumerazione Dei Servizi RPC in Ambienti Unix,1,Rpcinfo permette di identificare i servizi RPC attivi su host Unix/Linux. Fondamentale per il recon e l’analisi di potenziali vettori di attacco remoti.,152,rpcinfo,Rpcinfo,tool-oriented/how-to,DATA NOT AVAILABLE (needs live SERP),tools,2998,31,6,2,2,True,2,True,review: lead could be more answer-first,retrievable: self-contained,citations present,none detected on-page,Add a 2-3 sentence answer-first lead naming the entity,P2,medium,medium,DATA NOT AVAILABLE,DATA NOT AVAILABLE,DATA NOT AVAILABLE
rsh,https://hackita.it/articoli/rsh/,RSH-Remote-Shell-in-Chiaro-su-Sistemi-Unix.md,RSH: Remote Shell in Chiaro su Sistemi Unix | Hackita,53,RSH: Remote Shell in Chiaro su Sistemi Unix,1,RSH: Remote Shell in Chiaro su Sistemi Unix,43,rsh,RSH,informational/educational,DATA NOT AVAILABLE (needs live SERP),networking,769,54,5,1,1,True,2,True,ok: has a substantive lead,review,citations present,none detected on-page,NO MAJOR ACTION REQUIRED,P3,low,low,DATA NOT AVAILABLE,DATA NOT AVAILABLE,DATA NOT AVAILABLE
rsync,https://hackita.it/articoli/rsync/,Rsync-trasferimento-file-e-attacchi-mirati-da-terminale.md,"Rsync Port 873: Enumeration, Anonymous Access e Exploitation | Hackita",70,"Rsync Port 873: Enumeration, Anonymous Access e Exploitation",1,"Pentest Rsync sulla porta 873: enumera rsyncd e moduli, verifica accesso anonimo e write access, analizza file esposti e possibili attack path.",143,rsync port 873,Rsync Port 873,informational/service-enumeration,DATA NOT AVAILABLE (needs live SERP),networking,1302,67,2,0,0,True,2,True,ok: has a substantive lead,retrievable: self-contained,weak: no external primary sources,none detected on-page,Add a 2-3 sentence answer-first lead naming the entity,P2,medium,medium,DATA NOT AVAILABLE,DATA NOT AVAILABLE,DATA NOT AVAILABLE
rubeus,https://hackita.it/articoli/rubeus/,Rubeus-Kerberos-Abuse-e-Ticket-Manipulation-in-Active-Directory.md,Rubeus: Attacchi Kerberos in Active Directory (2026) | Hackita,62,Rubeus: Attacchi Kerberos in Active Directory (2026),1,"Rubeus è il tool C# di riferimento per attaccare Kerberos in AD. Scopri Kerberoasting, AS-REP Roasting, Pass-the-Ticket e S4U con detection reale.",146,rubeus,Rubeus,informational/educational,DATA NOT AVAILABLE (needs live SERP),windows,6584,100,12,17,2,True,2,True,ok: has a substantive lead,retrievable: self-contained,citations present,none detected on-page,Make the first body heading a real section (not a title echo),P3,low,medium,DATA NOT AVAILABLE,DATA NOT AVAILABLE,DATA NOT AVAILABLE
s3scanner,https://hackita.it/articoli/s3scanner/,S3Scanner-Enumerazione-e-Misconfiguration-Detection-su-Amazon-S3.md,S3Scanner: Enumerazione e Misconfiguration Detection su Amazon S3 | Hackita,75,S3Scanner: Enumerazione e Misconfiguration Detection su Amazon S3,1,S3Scanner: Enumerazione e Misconfiguration Detection su Amazon S3,65,s3scanner,S3Scanner,informational/educational,DATA NOT AVAILABLE (needs live SERP),web-hacking,3122,0,5,1,1,True,2,True,review: lead could be more answer-first,retrievable: self-contained,citations present,none detected on-page,"Shorten title to ~60 chars, primary keyword first",P1,high,medium,DATA NOT AVAILABLE,DATA NOT AVAILABLE,DATA NOT AVAILABLE
safetykatz,https://hackita.it/articoli/safetykatz/,SafetyKatz-Wrapper-Mimikatz-Memory-Only-per-Credential-Dumping-LSASS-ed-Evasione-EDR.md,SafetyKatz: Wrapper Mimikatz Memory-Only per Credential Dumping LSASS ed Evasione EDR | Hackita,95,SafetyKatz: Wrapper Mimikatz Memory-Only per Credential Dumping LSASS ed Evasione EDR,1,"SafetyKatz è un wrapper di Mimikatz per il credential dumping in memoria da LSASS, senza scrittura su disco. Supporta evasione EDR, estrazione hash NTLM e …",156,safetykatz,SafetyKatz,tool-oriented/how-to,DATA NOT AVAILABLE (needs live SERP),tools,3029,148,5,2,3,True,2,True,ok: has a substantive lead,retrievable: self-contained,citations present,none detected on-page,"Shorten title to ~60 chars, primary keyword first",P2,medium,medium,DATA NOT AVAILABLE,DATA NOT AVAILABLE,DATA NOT AVAILABLE
samrdump,https://hackita.it/articoli/samrdump/,samrdumppy-Impacket-Enumerare-Utenti-Windows-via-SAMR.md,samrdump.py Impacket: Enumerare Utenti Windows via SAMR | Hackita,65,samrdump.py Impacket: Enumerare Utenti Windows via SAMR,1,"Guida a samrdump.py di Impacket per enumerare utenti Windows via MS-SAMR su SMB, ottenere RID e attributi account con password, hash NTLM o Kerberos.",149,samrdump py impacket,samrdump.py Impacket,tool-oriented/how-to,DATA NOT AVAILABLE (needs live SERP),tools,1737,140,8,3,3,True,2,True,ok: has a substantive lead,retrievable: self-contained,citations present,none detected on-page,Make the first body heading a real section (not a title echo),P3,low,medium,DATA NOT AVAILABLE,DATA NOT AVAILABLE,DATA NOT AVAILABLE
sapphire-ticket,https://hackita.it/articoli/sapphire-ticket/,Sapphire-Ticket-Il-Ticket-Kerberos-Pi-Stealth-con-S4U2SelfU2U.md,Sapphire Ticket: Ticket Kerberos Stealth S4U2Self+U2U | Hackita,63,Sapphire Ticket: Ticket Kerberos Stealth S4U2Self+U2U,1,"Sapphire Ticket: il ticket Kerberos più stealth. Combina S4U2Self+U2U per il PAC autentico del KDC. Guida Impacket -impersonate, differenze con Golden/Diamond, …",161,sapphire ticket,Sapphire Ticket,informational/educational,DATA NOT AVAILABLE (needs live SERP),windows,3787,185,12,3,11,True,2,True,ok: has a substantive lead,retrievable: self-contained,citations present,none detected on-page,Make the first body heading a real section (not a title echo),P3,low,medium,DATA NOT AVAILABLE,DATA NOT AVAILABLE,DATA NOT AVAILABLE
scapy,https://hackita.it/articoli/scapy/,Scapy-Python-Packet-Crafting-Sniffing-e-ARP-Spoofing.md,"Scapy Python: Packet Crafting, Sniffing e ARP Spoofing | Hackita",64,"Scapy Python: Packet Crafting, Sniffing e ARP Spoofing",1,"Impara Scapy con Python per creare e analizzare pacchetti TCP, UDP, ICMP e ARP, eseguire SYN scan, sniffing, ARP spoofing e testare firewall e IDS.",147,scapy python,Scapy Python,informational/educational,DATA NOT AVAILABLE (needs live SERP),networking,4892,255,0,3,1,True,2,True,ok: has a substantive lead,retrievable: self-contained,citations present,none detected on-page,Make the first body heading a real section (not a title echo),P3,low,medium,DATA NOT AVAILABLE,DATA NOT AVAILABLE,DATA NOT AVAILABLE
scheduled-task,https://hackita.it/articoli/scheduled-task/,Scheduled-Task-Backdoor-Persistenza-Windows-con-Task-Pianificati-nel-Pentest.md,Scheduled Task Backdoor: Persistenza Windows con Task Pianificati nel Pentest | Hackita,87,Scheduled Task Backdoor: Persistenza Windows con Task Pianificati nel Pentest,1,"Scheduled Task Backdoor: persistenza su Windows tramite Task Scheduler con schtasks e PowerShell. Tecniche stealth, evasione EDR, detection log e scenari reali …",161,scheduled task backdoor,Scheduled Task Backdoor,informational/educational,DATA NOT AVAILABLE (needs live SERP),windows,2433,140,5,8,1,True,2,True,ok: has a substantive lead,retrievable: self-contained,citations present,none detected on-page,"Shorten title to ~60 chars, primary keyword first",P2,medium,medium,DATA NOT AVAILABLE,DATA NOT AVAILABLE,DATA NOT AVAILABLE
sctp,https://hackita.it/articoli/sctp/,SCTP-nel-pentest-telco-multi-streaming-multi-homing-e-superfici-dattacco.md,"SCTP nel pentest telco: multi-streaming, multi-homing e superfici d’attacco | Hackita",85,"SCTP nel pentest telco: multi-streaming, multi-homing e superfici d’attacco",1,"SCTP Cos'è: come funziona, four-way handshake, multi-streaming, multi-homing, scan con Nmap, rischi su SIGTRAN, Diameter e reti 4G/5G.",134,sctp nel pentest telco,SCTP nel pentest telco,informational/educational,DATA NOT AVAILABLE (needs live SERP),networking,1912,56,9,2,1,True,2,True,ok: has a substantive lead,retrievable: self-contained,citations present,none detected on-page,"Shorten title to ~60 chars, primary keyword first",P2,medium,medium,DATA NOT AVAILABLE,DATA NOT AVAILABLE,DATA NOT AVAILABLE
searchsploit,https://hackita.it/articoli/searchsploit/,Searchsploit-Ricerca-Exploit-Locali-da-Exploit-DB-nel-Penetration-Testing.md,Searchsploit: Ricerca Exploit Locali da Exploit-DB nel Penetration Testing | Hackita,84,Searchsploit: Ricerca Exploit Locali da Exploit-DB nel Penetration Testing,1,Searchsploit è un tool da terminale per cercare exploit locali direttamente dal database Exploit-DB. Guida pratica all’uso per identificare vulnerabilità …,155,searchsploit,Searchsploit,tool-oriented/how-to,DATA NOT AVAILABLE (needs live SERP),tools,3771,93,3,3,2,True,2,True,ok: has a substantive lead,retrievable: self-contained,citations present,none detected on-page,"Shorten title to ~60 chars, primary keyword first",P2,medium,low,DATA NOT AVAILABLE,DATA NOT AVAILABLE,DATA NOT AVAILABLE
seassignprimarytokenprivilege,https://hackita.it/articoli/seassignprimarytokenprivilege/,SeAssignPrimaryTokenPrivilege-il-bypass-ai-Potato-Attack-anche-senza-SeImpersonatePrivilege.md,SeAssignPrimaryTokenPrivilege: il bypass ai Potato Attack anche senza SeImpersonatePrivilege | Hackita,102,SeAssignPrimaryTokenPrivilege: il bypass ai Potato Attack anche senza SeImpersonatePrivilege,1,"Privilege escalation con SeAssignPrimaryTokenPrivilege e al bypass dei Potato Attack su Windows: verifica del privilegio, exploit con GodPotato, JuicyPotato e …",160,seassignprimarytokenprivilege,SeAssignPrimaryTokenPrivilege,informational/educational,DATA NOT AVAILABLE (needs live SERP),windows,974,27,3,4,5,True,2,True,review: lead could be more answer-first,retrievable: self-contained,citations present,none detected on-page,"Shorten title to ~60 chars, primary keyword first",P1,high,medium,DATA NOT AVAILABLE,DATA NOT AVAILABLE,DATA NOT AVAILABLE
seatbelt,https://hackita.it/articoli/seatbelt/,Seatbelt-Windows-Enumeration-per-Post-Exploitation-e-Situational-Awareness.md,Seatbelt: Windows Enumeration per Post-Exploitation e Situational Awareness | Hackita,85,Seatbelt: Windows Enumeration per Post-Exploitation e Situational Awareness,1,"Seatbelt è uno strumento di enumerazione Windows che raccoglie informazioni su sistema, utenti, privilegi e configurazioni utili alla privilege escalation.",155,seatbelt,Seatbelt,informational/educational,DATA NOT AVAILABLE (needs live SERP),windows,1648,61,4,9,1,True,2,True,ok: has a substantive lead,retrievable: self-contained,citations present,none detected on-page,"Shorten title to ~60 chars, primary keyword first",P2,medium,low,DATA NOT AVAILABLE,DATA NOT AVAILABLE,DATA NOT AVAILABLE
sebackupprivilege,https://hackita.it/articoli/sebackupprivilege/,SeBackupPrivilege-dump-hash-e-dominio-completo-con-SAM-SYSTEM-e-NTDSdit.md,"SeBackupPrivilege: dump hash e dominio completo con SAM, SYSTEM e NTDS.dit | Hackita",84,"SeBackupPrivilege: dump hash e dominio completo con SAM, SYSTEM e NTDS.dit",1,"PrivEsc con SeBackupPrivilege su Windows e Active Directory: estrazione di SAM, SYSTEM e SECURITY, dump offline con secretsdump, accesso a NTDS.dit e impatto …",159,sebackupprivilege,SeBackupPrivilege,informational/educational,DATA NOT AVAILABLE (needs live SERP),windows,1462,50,4,9,4,True,2,True,ok: has a substantive lead,retrievable: self-contained,citations present,none detected on-page,"Shorten title to ~60 chars, primary keyword first",P2,medium,medium,DATA NOT AVAILABLE,DATA NOT AVAILABLE,DATA NOT AVAILABLE
secreatesymboliclinkprivilege,https://hackita.it/articoli/secreatesymboliclinkprivilege/,SeCreateSymbolicLinkPrivilege-Symlink-Attack-a-Windows-da-Shell.md,SeCreateSymbolicLinkPrivilege: Symlink Attack a Windows da Shell | Hackita,74,SeCreateSymbolicLinkPrivilege: Symlink Attack a Windows da Shell,1,Da semplice user a SYSTEM sostituendo file di sistema con un symlink: cosa puoi fare con SeCreateSymbolicLinkPrivilege e mklink. Privilege escalation e tecnica …,161,secreatesymboliclinkprivilege,SeCreateSymbolicLinkPrivilege,informational/educational,DATA NOT AVAILABLE (needs live SERP),windows,1073,41,2,1,3,True,2,True,ok: has a substantive lead,retrievable: self-contained,citations present,none detected on-page,"Shorten title to ~60 chars, primary keyword first",P2,medium,low,DATA NOT AVAILABLE,DATA NOT AVAILABLE,DATA NOT AVAILABLE
secreatetokenprivilege,https://hackita.it/articoli/secreatetokenprivilege/,SeCreateTokenPrivilege-Token-Forgery-da-Zero-a-SYSTEM.md,SeCreateTokenPrivilege: Token Forgery da Zero a SYSTEM | Hackita,64,SeCreateTokenPrivilege: Token Forgery da Zero a SYSTEM,1,Trovato SeCreateTokenPrivilege su un account non di sistema? Crea token con SID SYSTEM e Domain Admins da zero. NtCreateToken per shell SYSTEM. Tecnica Red …,157,secreatetokenprivilege,SeCreateTokenPrivilege,informational/educational,DATA NOT AVAILABLE (needs live SERP),windows,1071,47,2,4,4,True,2,True,ok: has a substantive lead,retrievable: self-contained,citations present,none detected on-page,NO MAJOR ACTION REQUIRED,P3,low,none,DATA NOT AVAILABLE,DATA NOT AVAILABLE,DATA NOT AVAILABLE
secret-scanning-automation,https://hackita.it/articoli/secret-scanning-automation/,Secret-Scanning-Gitleaks-TruffleHog-e-Pipeline-CICD.md,"Secret Scanning: Gitleaks, TruffleHog e Pipeline CI/CD | Hackita",64,"Secret Scanning: Gitleaks, TruffleHog e Pipeline CI/CD",1,"Automatizza il secret scanning con Gitleaks pre-commit e TruffleHog in CI/CD: blocca API key e token, verifica i leak e rimuovi i secret dalla Git history.",155,secret scanning,Secret Scanning,informational/educational,DATA NOT AVAILABLE (needs live SERP),guides-resources,3832,0,1,1,3,True,2,True,review: lead could be more answer-first,retrievable: self-contained,citations present,none detected on-page,Add a 2-3 sentence answer-first lead naming the entity,P2,medium,medium,DATA NOT AVAILABLE,DATA NOT AVAILABLE,DATA NOT AVAILABLE
secretsdump,https://hackita.it/articoli/secretsdump/,impacket-secretsdump-Dump-di-Hash-e-Credenziali-Windows.md,impacket-secretsdump: Dump di Hash e Credenziali Windows | Hackita,66,impacket-secretsdump: Dump di Hash e Credenziali Windows,1,"Guida a impacket-secretsdump: dump remoto e offline di hash NTLM, SAM, LSA secrets, chiavi Kerberos e NTDS.dit in Windows e Active Directory.",141,impacket secretsdump,impacket-secretsdump,tool-oriented/how-to,DATA NOT AVAILABLE (needs live SERP),tools,1400,120,3,11,2,True,2,True,ok: has a substantive lead,retrievable: self-contained,citations present,none detected on-page,Make the first body heading a real section (not a title echo),P3,low,medium,DATA NOT AVAILABLE,DATA NOT AVAILABLE,DATA NOT AVAILABLE
security-headers,https://hackita.it/articoli/security-headers/,Security-Headers-HTTP-Guida-a-CSP-HSTS-e-Bypass.md,"Security Headers HTTP: Guida a CSP, HSTS e Bypass | Hackita",59,"Security Headers HTTP: Guida a CSP, HSTS e Bypass",1,"Scopri come testare e configurare i security headers HTTP: CSP, HSTS, X-Frame-Options, Referrer-Policy e tecniche di bypass nei pentest web.",140,security headers http,Security Headers HTTP,informational/definition,DATA NOT AVAILABLE (needs live SERP),web-hacking,5031,185,11,3,9,True,2,True,ok: has a substantive lead,retrievable: self-contained,citations present,none detected on-page,Make the first body heading a real section (not a title echo),P3,low,medium,DATA NOT AVAILABLE,DATA NOT AVAILABLE,DATA NOT AVAILABLE
sedebugprivilege,https://hackita.it/articoli/sedebugprivilege/,SeDebugPrivilege-Privilege-Escalation-con-Dump-LSASS-con-LOLBins.md,SeDebugPrivilege: Privilege Escalation con Dump LSASS con LOLBins | Hackita,75,SeDebugPrivilege: Privilege Escalation con Dump LSASS con LOLBins,1,"SeDebugPrivilege Enabled? Due comandi per dumpare LSASS e ottenere NTLM hash. Tutto con comsvcs.dll built-in di Windows, niente mimikatz su disco. Guida tecnica …",162,sedebugprivilege,SeDebugPrivilege,informational/educational,DATA NOT AVAILABLE (needs live SERP),web-hacking,1427,49,3,9,5,True,2,True,ok: has a substantive lead,retrievable: self-contained,citations present,none detected on-page,"Shorten title to ~60 chars, primary keyword first",P2,medium,low,DATA NOT AVAILABLE,DATA NOT AVAILABLE,DATA NOT AVAILABLE
sedelegatesessionuserimpersonateprivilege,https://hackita.it/articoli/sedelegatesessionuserimpersonateprivilege/,SeDelegateSessionUserImpersonatePrivilege-Token-Stealing-Cross-Session-su-RDS-e-Citrix.md,SeDelegateSessionUserImpersonatePrivilege: Token Stealing Cross-Session su RDS e Citrix | Hackita,97,SeDelegateSessionUserImpersonatePrivilege: Token Stealing Cross-Session su RDS e Citrix,1,Come sfruttare SeDelegateSessionUserImpersonatePrivilege per impersonare utenti in sessioni RDS attive. Token stealing cross-session con NtObjectManager. …,155,sedelegatesessionuserimpersonateprivilege,SeDelegateSessionUserImpersonatePrivilege,informational/educational,DATA NOT AVAILABLE (needs live SERP),web-hacking,989,42,3,1,4,True,2,True,ok: has a substantive lead,retrievable: self-contained,citations present,none detected on-page,"Shorten title to ~60 chars, primary keyword first",P2,medium,low,DATA NOT AVAILABLE,DATA NOT AVAILABLE,DATA NOT AVAILABLE
seenabledelegationprivilege,https://hackita.it/articoli/seenabledelegationprivilege/,SeEnableDelegationPrivilege-privesc-AD-S4U-e-delega.md,"SeEnableDelegationPrivilege: privesc AD, S4U e delega | Hackita",63,"SeEnableDelegationPrivilege: privesc AD, S4U e delega",1,"Cos’è SeEnableDelegationPrivilege, privilege escalation , varianti unconstrained/constrained/RBCD, S4U2Self-S4U2Proxy, errori, detection e difesa.",146,seenabledelegationprivilege,SeEnableDelegationPrivilege,informational/educational,DATA NOT AVAILABLE (needs live SERP),windows,3699,0,12,1,1,True,2,True,review: lead could be more answer-first,retrievable: self-contained,citations present,none detected on-page,Add a 2-3 sentence answer-first lead naming the entity,P2,medium,medium,DATA NOT AVAILABLE,DATA NOT AVAILABLE,DATA NOT AVAILABLE
seimpersonateprivilege,https://hackita.it/articoli/seimpersonateprivilege/,SeImpersonatePrivilege-Privesc-e-Potato-Attack-fino-a-SYSTEM.md,SeImpersonatePrivilege: Privesc e Potato Attack fino a SYSTEM | Hackita,71,SeImpersonatePrivilege: Privesc e Potato Attack fino a SYSTEM,1,"SeImpersonatePrivilege spiegato con i Potato attack: da IIS o SQL Server a SYSTEM, privilege escalation windows con i tool moderni usati nei lab.",145,seimpersonateprivilege,SeImpersonatePrivilege,informational/educational,DATA NOT AVAILABLE (needs live SERP),web-hacking,1363,60,5,11,7,True,2,True,ok: has a substantive lead,retrievable: self-contained,citations present,none detected on-page,"Shorten title to ~60 chars, primary keyword first",P2,medium,medium,DATA NOT AVAILABLE,DATA NOT AVAILABLE,DATA NOT AVAILABLE
seloaddriverprivilege,https://hackita.it/articoli/seloaddriverprivilege/,SeLoadDriverPrivilege-Kernel-Ring-0-con-BYOVD-in-3-passi.md,SeLoadDriverPrivilege: Kernel Ring-0 con BYOVD in 3 passi | Hackita,67,SeLoadDriverPrivilege: Kernel Ring-0 con BYOVD in 3 passi,1,"SeLoadDriverPrivilege Enabled? Carica un driver vulnerabile nel kernel, esegui codice ring-0, disabilita EDR e bypassa PPL di LSASS. Guida BYOVD con Capcom.sys …",161,seloaddriverprivilege,SeLoadDriverPrivilege,informational/educational,DATA NOT AVAILABLE (needs live SERP),windows,1285,43,3,4,15,True,2,True,ok: has a substantive lead,retrievable: self-contained,citations present,none detected on-page,NO MAJOR ACTION REQUIRED,P3,low,none,DATA NOT AVAILABLE,DATA NOT AVAILABLE,DATA NOT AVAILABLE
semachineaccountquota,https://hackita.it/articoli/semachineaccountquota/,SeMachineAccountQuota-e-RBCD-Privesc-a-Domain-Admin-in-5-comandi.md,SeMachineAccountQuota e RBCD: Privesc a Domain Admin in 5 comandi | Hackita,75,SeMachineAccountQuota e RBCD: Privesc a Domain Admin in 5 comandi,1,"Da utente dominio standard a Domain Admin sfruttando MachineAccountQuota=10 e RBCD. Creazione computer account, ticket S4U, DCSync. Guida e Privilege Escalation …",162,semachineaccountquota e rbcd,SeMachineAccountQuota e RBCD,informational/educational,DATA NOT AVAILABLE (needs live SERP),windows,1317,42,5,3,9,True,2,True,ok: has a substantive lead,retrievable: self-contained,citations present,none detected on-page,"Shorten title to ~60 chars, primary keyword first",P2,medium,medium,DATA NOT AVAILABLE,DATA NOT AVAILABLE,DATA NOT AVAILABLE
semanagevolumeprivilege,https://hackita.it/articoli/semanagevolumeprivilege/,SeManageVolumePrivilege-Raw-Disk-per-SAM-e-NTDSdit-senza-lock.md,SeManageVolumePrivilege: Raw Disk per SAM e NTDS.dit senza lock | Hackita,73,SeManageVolumePrivilege: Raw Disk per SAM e NTDS.dit senza lock,1,"Come usare SeManageVolumePrivilege e RawCopy per estrarre SAM, SYSTEM e NTDS.dit dal disco fisico, bypassando lock ed ACL. Tecnica Red Team con raw device …",156,semanagevolumeprivilege,SeManageVolumePrivilege,informational/educational,DATA NOT AVAILABLE (needs live SERP),windows,1053,35,3,1,6,True,2,True,review: lead could be more answer-first,retrievable: self-contained,citations present,none detected on-page,"Shorten title to ~60 chars, primary keyword first",P1,high,medium,DATA NOT AVAILABLE,DATA NOT AVAILABLE,DATA NOT AVAILABLE
serelabelprivilege,https://hackita.it/articoli/serelabelprivilege/,SeRelabelPrivilege-Bypassare-il-MIC-e-Scrivere-su-File-SYSTEM.md,SeRelabelPrivilege: Bypassare il MIC e Scrivere su File SYSTEM | Hackita,72,SeRelabelPrivilege: Bypassare il MIC e Scrivere su File SYSTEM,1,"Scopri come usare SeRelabelPrivilege per abbassare il livello di integrità di file e directory, bypassare il Mandatory Integrity Control e ottenere una shell …",159,serelabelprivilege,SeRelabelPrivilege,informational/educational,DATA NOT AVAILABLE (needs live SERP),windows,1193,44,2,3,4,True,2,True,ok: has a substantive lead,retrievable: self-contained,citations present,none detected on-page,"Shorten title to ~60 chars, primary keyword first",P2,medium,low,DATA NOT AVAILABLE,DATA NOT AVAILABLE,DATA NOT AVAILABLE
serestoreprivilege,https://hackita.it/articoli/serestoreprivilege/,SeRestorePrivilege-Da-Backup-Operator-a-SYSTEM-in-3-passi.md,SeRestorePrivilege: Da Backup Operator a SYSTEM in 3 passi | Hackita,68,SeRestorePrivilege: Da Backup Operator a SYSTEM in 3 passi,1,"Come abusare SeRestorePrivilege per sovrascrivere binari di sistema e ottenere shell SYSTEM. ImagePath hijack, DLL sideloading, backdoor persistente. Tecnica …",159,serestoreprivilege,SeRestorePrivilege,informational/educational,DATA NOT AVAILABLE (needs live SERP),windows,1508,39,4,6,3,True,2,True,review: lead could be more answer-first,retrievable: self-contained,citations present,none detected on-page,Add a 2-3 sentence answer-first lead naming the entity,P2,medium,medium,DATA NOT AVAILABLE,DATA NOT AVAILABLE,DATA NOT AVAILABLE
sesecurityprivilege,https://hackita.it/articoli/sesecurityprivilege/,SeSecurityPrivilege-Cancella-Log-SACL-e-SIEM-Evasion.md,"SeSecurityPrivilege: Cancella Log, SACL e SIEM Evasion | Hackita",64,"SeSecurityPrivilege: Cancella Log, SACL e SIEM Evasion",1,"Come usare SeSecurityPrivilege per leggere e cancellare il Security Log, rimuovere SACL e operare invisibili su Windows. Guida Red Team OpSec con verifica SIEM.",160,sesecurityprivilege,SeSecurityPrivilege,informational/educational,DATA NOT AVAILABLE (needs live SERP),windows,1470,52,3,1,3,True,2,True,ok: has a substantive lead,retrievable: self-contained,citations present,none detected on-page,NO MAJOR ACTION REQUIRED,P3,low,none,DATA NOT AVAILABLE,DATA NOT AVAILABLE,DATA NOT AVAILABLE
session-hijacking,https://hackita.it/articoli/session-hijacking/,Session-Hijacking-Furto-Cookie-XSS-e-Session-Fixation-nelle-Web-App.md,"Session Hijacking: Furto Cookie, XSS e Session Fixation nelle Web App | Hackita",79,"Session Hijacking: Furto Cookie, XSS e Session Fixation nelle Web App",1,"Session Hijacking nel pentesting web: furto cookie via XSS, session fixation, sniffing HTTP e takeover account. Analisi flag HttpOnly, Secure e SameSite.",153,session hijacking,Session Hijacking,informational/educational,DATA NOT AVAILABLE (needs live SERP),web-hacking,2146,175,6,15,6,True,2,True,ok: has a substantive lead,retrievable: self-contained,citations present,none detected on-page,"Shorten title to ~60 chars, primary keyword first",P2,medium,medium,DATA NOT AVAILABLE,DATA NOT AVAILABLE,DATA NOT AVAILABLE
sesystemenvironmentprivilege,https://hackita.it/articoli/sesystemenvironmentprivilege/,SeSystemEnvironmentPrivilege-PATH-Hijacking-e-Persistenza-UEFI-.md,SeSystemEnvironmentPrivilege: PATH Hijacking e Persistenza UEFI | Hackita,73,SeSystemEnvironmentPrivilege: PATH Hijacking e Persistenza UEFI,1,"Sfrutta SeSystemEnvironmentPrivilege per PATH hijacking e shell SYSTEM. Persistenza UEFI che sopravvive a wipe del disco. Guida Red Team con registry, Process …",160,sesystemenvironmentprivilege,SeSystemEnvironmentPrivilege,informational/educational,DATA NOT AVAILABLE (needs live SERP),web-hacking,1574,40,3,1,6,True,2,True,ok: has a substantive lead,retrievable: self-contained,citations present,none detected on-page,"Shorten title to ~60 chars, primary keyword first",P2,medium,low,DATA NOT AVAILABLE,DATA NOT AVAILABLE,DATA NOT AVAILABLE
setakeownershipprivilege,https://hackita.it/articoli/setakeownershipprivilege/,SeTakeOwnershipPrivilege-Da-Admin-a-SYSTEM-con-3-comandi.md,SeTakeOwnershipPrivilege: Da Admin a SYSTEM con 3 comandi | Hackita,67,SeTakeOwnershipPrivilege: Da Admin a SYSTEM con 3 comandi,1,Come abusare SeTakeOwnershipPrivilege per prendere ownership di binari di sistema e ottenere shell SYSTEM. takeown + icacls + sostituzione binario. Tecnica Red …,161,setakeownershipprivilege,SeTakeOwnershipPrivilege,informational/educational,DATA NOT AVAILABLE (needs live SERP),windows,1266,39,4,3,4,True,2,True,review: lead could be more answer-first,retrievable: self-contained,citations present,none detected on-page,Add a 2-3 sentence answer-first lead naming the entity,P2,medium,medium,DATA NOT AVAILABLE,DATA NOT AVAILABLE,DATA NOT AVAILABLE
setcbprivilege,https://hackita.it/articoli/setcbprivilege/,SeTcbPrivilege-LSA-Logon-Session-Arbitrarie-a-SYSTEM.md,SeTcbPrivilege: LSA Logon Session Arbitrarie a SYSTEM | Hackita,63,SeTcbPrivilege: LSA Logon Session Arbitrarie a SYSTEM,1,Trovato SeTcbPrivilege su un account non di sistema? Crei sessioni LSA con SID Domain Admins e ottieni SYSTEM senza condizioni esterne. Tecnica Red Team.,153,setcbprivilege,SeTcbPrivilege,informational/educational,DATA NOT AVAILABLE (needs live SERP),windows,1001,43,2,3,4,True,2,True,ok: has a substantive lead,retrievable: self-contained,citations present,none detected on-page,NO MAJOR ACTION REQUIRED,P3,low,none,DATA NOT AVAILABLE,DATA NOT AVAILABLE,DATA NOT AVAILABLE
setrustedcredmanaccessprivilege,https://hackita.it/articoli/setrustedcredmanaccessprivilege/,SeTrustedCredManAccessPrivilege-Dump-RDP-e-Vault-con-Mimikatz.md,SeTrustedCredManAccessPrivilege: Dump RDP e Vault con Mimikatz | Hackita,72,SeTrustedCredManAccessPrivilege: Dump RDP e Vault con Mimikatz,1,"Estrai password RDP e credenziali dal Credential Manager con SeTrustedCredManAccessPrivilege. Usa cmdkey, mimikatz, SharpDPAPI. Guida Red Team passo passo.",155,setrustedcredmanaccessprivilege,SeTrustedCredManAccessPrivilege,informational/educational,DATA NOT AVAILABLE (needs live SERP),web-hacking,1200,41,4,1,4,True,2,True,ok: has a substantive lead,retrievable: self-contained,citations present,none detected on-page,"Shorten title to ~60 chars, primary keyword first",P2,medium,medium,DATA NOT AVAILABLE,DATA NOT AVAILABLE,DATA NOT AVAILABLE
shadow-credentials,https://hackita.it/articoli/shadow-credentials/,Shadow-Credentials-AD-PrivEsc-msDS-KeyCredentialLink.md,Shadow Credentials AD: PrivEsc msDS-KeyCredentialLink | Hackita,63,Shadow Credentials AD: PrivEsc msDS-KeyCredentialLink,1,"Shadow Credentials: sfrutta msDS-KeyCredentialLink per il takeover di account AD senza password. Guida pratica con Whisker, pyWhisker e Certipy per pentest AD.",159,shadow credentials ad,Shadow Credentials AD,informational/educational,DATA NOT AVAILABLE (needs live SERP),windows,1490,0,3,8,7,True,2,True,review: lead could be more answer-first,retrievable: self-contained,citations present,none detected on-page,Add a 2-3 sentence answer-first lead naming the entity,P2,medium,medium,DATA NOT AVAILABLE,DATA NOT AVAILABLE,DATA NOT AVAILABLE
sharpchrome,https://hackita.it/articoli/sharpchrome/,SharpChrome-Dump-Credenziali-Browser-da-Windows-DPAPI-Abuse.md,SharpChrome: Dump Credenziali Browser da Windows (DPAPI Abuse) | Hackita,72,SharpChrome: Dump Credenziali Browser da Windows (DPAPI Abuse),1,SharpChrome: Dump Credenziali Browser da Windows (DPAPI Abuse),62,sharpchrome,SharpChrome,informational/educational,DATA NOT AVAILABLE (needs live SERP),windows,2057,143,2,2,2,True,2,True,ok: has a substantive lead,retrievable: self-contained,citations present,none detected on-page,"Shorten title to ~60 chars, primary keyword first",P2,medium,low,DATA NOT AVAILABLE,DATA NOT AVAILABLE,DATA NOT AVAILABLE
sharpdpapi,https://hackita.it/articoli/sharpdpapi/,SharpDPAPI-Abuso-di-DPAPI-per-Decrypt-Credenziali-su-Windows.md,SharpDPAPI: Abuso di DPAPI per Decrypt Credenziali su Windows | Hackita,71,SharpDPAPI: Abuso di DPAPI per Decrypt Credenziali su Windows,1,SharpDPAPI permette di estrarre e decriptare credenziali protette da DPAPI su Windows. Tool avanzato per credential access e lateral movement.,142,sharpdpapi,SharpDPAPI,informational/educational,DATA NOT AVAILABLE (needs live SERP),windows,3489,166,4,3,2,True,2,True,ok: has a substantive lead,retrievable: self-contained,citations present,none detected on-page,"Shorten title to ~60 chars, primary keyword first",P2,medium,low,DATA NOT AVAILABLE,DATA NOT AVAILABLE,DATA NOT AVAILABLE
sharphound,https://hackita.it/articoli/sharphound/,SharpHound-per-BloodHound-CE-Guida-alla-Raccolta-Dati-AD.md,SharpHound per BloodHound CE: Guida alla Raccolta Dati AD | Hackita,67,SharpHound per BloodHound CE: Guida alla Raccolta Dati AD,1,"SharpHound per BloodHound CE: raccolta dati Active Directory, flag principali, opzioni stealth e importazione per mappare i path di escalation.",143,sharphound per bloodhound ce,SharpHound per BloodHound CE,informational/definition,DATA NOT AVAILABLE (needs live SERP),tools,1979,201,2,3,2,True,2,True,ok: has a substantive lead,retrievable: self-contained,citations present,none detected on-page,Make the first body heading a real section (not a title echo),P3,low,medium,DATA NOT AVAILABLE,DATA NOT AVAILABLE,DATA NOT AVAILABLE
sharpup,https://hackita.it/articoli/sharpup/,SharpUp-Windows-Privilege-Escalation-Enumeration-Tool.md,SharpUp: Comandi e Check per Privilege Escalation Windows | Hackita,67,SharpUp: Comandi e Check per Privilege Escalation Windows,1,"Guida a SharpUp (GhostPack): comandi, check reali (ModifiableServices, AlwaysInstallElevated, DLL hijack) e come sfruttarli per privilege escalation su Windows.",160,sharpup,SharpUp,informational/educational,DATA NOT AVAILABLE (needs live SERP),windows,2115,113,6,5,1,True,2,True,ok: has a substantive lead,retrievable: self-contained,citations present,none detected on-page,Make the first body heading a real section (not a title echo),P3,low,medium,DATA NOT AVAILABLE,DATA NOT AVAILABLE,DATA NOT AVAILABLE
sherlock,https://hackita.it/articoli/sherlock/,Sherlock-Automated-Windows-Privilege-Escalation-Checker.md,Sherlock: Automated Windows Privilege Escalation Checker | Hackita,66,Sherlock: Automated Windows Privilege Escalation Checker,1,Sherlock identifica vulnerabilità di privilege escalation su Windows confrontando patch installate e CVE note. Tool rapido per local privesc discovery.,151,sherlock,Sherlock,informational/educational,DATA NOT AVAILABLE (needs live SERP),windows,1638,65,4,1,3,True,2,True,ok: has a substantive lead,retrievable: self-contained,citations present,none detected on-page,NO MAJOR ACTION REQUIRED,P3,low,medium,DATA NOT AVAILABLE,DATA NOT AVAILABLE,DATA NOT AVAILABLE
shodan,https://hackita.it/articoli/shodan/,Shodan-Search-Engine-per-Device-Esposti-su-Internet.md,"Shodan: Guida a Dork, Query e Filtri Avanzati (2026) | Hackita",62,"Shodan: Guida a Dork, Query e Filtri Avanzati (2026)",1,"Shodan: dork pratici per MongoDB, IoT, ICS e CVE, filtri avanzati, CLI, API, InternetDB e cheat sheet completo per reconnaissance passiva e pentest (2026).",155,shodan,Shodan,informational/definition,DATA NOT AVAILABLE (needs live SERP),networking,3298,0,7,3,4,True,2,True,opportunity: add an answer-first definition paragraph,retrievable: self-contained,citations present,none detected on-page,Add a 2-3 sentence answer-first lead naming the entity,P2,medium,medium,DATA NOT AVAILABLE,DATA NOT AVAILABLE,DATA NOT AVAILABLE
showmount,https://hackita.it/articoli/showmount/,Showmount-scopri-le-condivisioni-NFS-esposte-in-rete.md,Showmount: scopri le condivisioni NFS esposte in rete | Hackita,63,Showmount: scopri le condivisioni NFS esposte in rete,1,Showmount è il tool perfetto per enumerare condivisioni NFS. Usato nei recon per identificare risorse accessibili e punti d’ingresso in ambienti Unix/Linux.,156,showmount,Showmount,tool-oriented/how-to,DATA NOT AVAILABLE (needs live SERP),tools,2819,30,7,2,2,True,2,True,review: lead could be more answer-first,retrievable: self-contained,citations present,none detected on-page,Add a 2-3 sentence answer-first lead naming the entity,P2,medium,medium,DATA NOT AVAILABLE,DATA NOT AVAILABLE,DATA NOT AVAILABLE
silver,https://hackita.it/articoli/silver/,Sliver-C2-guida-a-listener-beacon-implant-e-Armory.md,"Sliver C2: guida a listener, beacon, implant e Armory | Hackita",63,"Sliver C2: guida a listener, beacon, implant e Armory",1,"Configura Sliver C2 per il Red Team: installazione, listener mTLS/HTTP/DNS, implant, beacon e sessioni, Armory, BOF, pivoting, OPSEC, detection e cleanup.",154,sliver c2,Sliver C2,informational/definition,DATA NOT AVAILABLE (needs live SERP),tools,5199,264,11,1,4,True,2,True,ok: has a substantive lead,retrievable: self-contained,citations present,none detected on-page,Make the first body heading a real section (not a title echo),P3,low,medium,DATA NOT AVAILABLE,DATA NOT AVAILABLE,DATA NOT AVAILABLE
silver-ticket,https://hackita.it/articoli/silver-ticket/,Silver-Ticket-Attack-Cos-Come-Funziona-e-Come-Difendersi-in-AD.md,"Silver Ticket Attack: Cos'è, Come Funziona e Come Difendersi in AD | Hackita",76,"Silver Ticket Attack: Cos'è, Come Funziona e Come Difendersi in AD",1,"Il Silver Ticket forgia un TGS Kerberos usando l'hash di un account di servizio, bypassando il KDC completamente. Guida completa: come ottenerlo, forgiarlo con …",161,silver ticket attack,Silver Ticket Attack,tutorial/how-to,DATA NOT AVAILABLE (needs live SERP),windows,6164,0,15,8,13,True,2,True,review: lead could be more answer-first,retrievable: self-contained,citations present,none detected on-page,"Shorten title to ~60 chars, primary keyword first",P1,high,medium,DATA NOT AVAILABLE,DATA NOT AVAILABLE,DATA NOT AVAILABLE
sip-rtp,https://hackita.it/articoli/sip-rtp/,SIP-e-RTP-Pentesting-Sicurezza-VoIP-Attacchi-e-Tool.md,"SIP e RTP Pentesting: Sicurezza VoIP, Attacchi e Tool | Hackita",63,"SIP e RTP Pentesting: Sicurezza VoIP, Attacchi e Tool",1,"Guida pratica al pentesting SIP e RTP: enumeration VoIP, autenticazione, analisi del traffico, RTP injection, tool operativi e difese con TLS e SRTP.",149,sip e rtp pentesting,SIP e RTP Pentesting,informational/educational,DATA NOT AVAILABLE (needs live SERP),networking,3360,0,6,1,5,True,2,True,review: lead could be more answer-first,retrievable: self-contained,citations present,none detected on-page,Add a 2-3 sentence answer-first lead naming the entity,P2,medium,medium,DATA NOT AVAILABLE,DATA NOT AVAILABLE,DATA NOT AVAILABLE
smb,https://hackita.it/articoli/smb/,SMB-porta-445-Enumerazione-NTLM-Relay-e-Pass-the-Hash-in-Active-Directory.md,"SMB porta 445: Enumerazione, NTLM Relay e Pass-the-Hash in Active Directory | Hackita",85,"SMB porta 445: Enumerazione, NTLM Relay e Pass-the-Hash in Active Directory",1,"Guida completa alla porta 445 SMB: enumerazione share, NTLM relay, pass-the-hash ed esecuzione remota per lateral movement in Active Directory.",143,smb porta 445,SMB porta 445,informational/service-enumeration,DATA NOT AVAILABLE (needs live SERP),windows,3371,0,6,38,0,True,2,True,opportunity: add an answer-first definition paragraph,retrievable: self-contained,weak: no external primary sources,none detected on-page,"Shorten title to ~60 chars, primary keyword first",P1,high,medium,DATA NOT AVAILABLE,DATA NOT AVAILABLE,DATA NOT AVAILABLE
smbclient,https://hackita.it/articoli/smbclient/,Smbclient-accesso-e-attacco-alle-condivisioni-Windows.md,Smbclient: Accesso e Attacco Alle Condivisioni Windows | Hackita,64,Smbclient: Accesso e Attacco Alle Condivisioni Windows,1,"Con smbclient puoi accedere, leggere e scrivere file su condivisioni SMB. Scopri come usarlo per attacchi interni, enumeration e pivoting in AD.",144,smbclient,Smbclient,tool-oriented/how-to,DATA NOT AVAILABLE (needs live SERP),tools,3063,99,5,10,0,True,2,True,ok: has a substantive lead,retrievable: self-contained,weak: no external primary sources,none detected on-page,Add 1-2 primary-source references (CVE/vendor/RFC/MITRE),P2,medium,medium,DATA NOT AVAILABLE,DATA NOT AVAILABLE,DATA NOT AVAILABLE
smbexec,https://hackita.it/articoli/smbexec/,SMBExec-Esecuzione-Remota-Fileless-su-Windows-via-SMB.md,SMBExec: Esecuzione Remota Fileless su Windows via SMB | Hackita,64,SMBExec: Esecuzione Remota Fileless su Windows via SMB,1,SMBExec è una tecnica di remote command execution su SMB 445 senza drop di binari persistenti. Alternativa più stealth a PsExec in ambienti Active Directory.,157,smbexec,SMBExec,tool-oriented/how-to,DATA NOT AVAILABLE (needs live SERP),tools,1463,64,15,6,2,True,2,True,ok: has a substantive lead,retrievable: self-contained,citations present,DUPLICATE SLUG - resolve,"Resolve slug collision editorially (pick canonical, reslug/redirect the other)",P0,high,medium,DATA NOT AVAILABLE,DATA NOT AVAILABLE,DATA NOT AVAILABLE
smbmap,https://hackita.it/articoli/smbmap/,Smbmap-Enumerazione-SMB-e-Share-Discovery-su-Windows.md,Smbmap: Enumerazione SMB e Share Discovery su Windows | Hackita,63,Smbmap: Enumerazione SMB e Share Discovery su Windows,1,"smbmap spiegato per pentest: enumerazione share SMB, permessi, file access e credential testing su sistemi Windows e Active Directory.",134,smbmap,Smbmap,tool-oriented/how-to,DATA NOT AVAILABLE (needs live SERP),tools,806,94,5,3,1,True,2,True,ok: has a substantive lead,retrievable: self-contained,citations present,none detected on-page,NO MAJOR ACTION REQUIRED,P3,low,none,DATA NOT AVAILABLE,DATA NOT AVAILABLE,DATA NOT AVAILABLE
smbserver,https://hackita.it/articoli/smbserver/,smbserverpy-Server-SMB-per-File-Transfer-e-NTLM.md,smbserver.py: Server SMB per File Transfer e NTLM | Hackita,59,smbserver.py: Server SMB per File Transfer e NTLM,1,"Guida a impacket-smbserver per creare una share SMB su Kali, trasferire file, registrare autenticazioni NTLM e gestire SMB2, accessi e logging.",143,smbserver py,smbserver.py,tool-oriented/how-to,DATA NOT AVAILABLE (needs live SERP),tools,3906,0,7,1,21,True,2,True,review: lead could be more answer-first,retrievable: self-contained,citations present,none detected on-page,Add a 2-3 sentence answer-first lead naming the entity,P2,medium,medium,DATA NOT AVAILABLE,DATA NOT AVAILABLE,DATA NOT AVAILABLE
sniffing,https://hackita.it/articoli/sniffing/,Sniffing-di-rete-come-catturare-traffico-credenziali-e-pacchetti-in-pentest.md,"Sniffing di rete: come catturare traffico, credenziali e pacchetti in pentest | Hackita",87,"Sniffing di rete: come catturare traffico, credenziali e pacchetti in pentest",1,"Sniffing di rete: come catturare traffico, credenziali e pacchetti in pentest",77,sniffing di rete,Sniffing di rete,tutorial/how-to,DATA NOT AVAILABLE (needs live SERP),networking,3130,70,17,22,1,True,2,True,ok: has a substantive lead,retrievable: self-contained,citations present,none detected on-page,"Shorten title to ~60 chars, primary keyword first",P2,medium,low,DATA NOT AVAILABLE,DATA NOT AVAILABLE,DATA NOT AVAILABLE
snmp,https://hackita.it/articoli/snmp/,SNMP-e-community-string-come-leggere-mezza-rete-in-un-pentest.md,SNMP e community string: come leggere mezza rete in un pentest | Hackita,72,SNMP e community string: come leggere mezza rete in un pentest,1,"SNMP cos’è, come funziona, OID, community string public/private, snmpwalk, brute force, write access e rischi reali in un pentest enterprise.",141,snmp e community string,SNMP e community string,tutorial/how-to,DATA NOT AVAILABLE (needs live SERP),networking,2213,58,9,12,1,True,2,True,ok: has a substantive lead,retrievable: self-contained,citations present,none detected on-page,"Shorten title to ~60 chars, primary keyword first",P2,medium,low,DATA NOT AVAILABLE,DATA NOT AVAILABLE,DATA NOT AVAILABLE
snmp-check,https://hackita.it/articoli/snmp-check/,SnmpCheck-enum-dispositivi-e-servizi-via-SNMP-v1v2.md,SnmpCheck: enum dispositivi e servizi via SNMP v1/v2 | Hackita,62,SnmpCheck: enum dispositivi e servizi via SNMP v1/v2,1,"Snmp-check permette di estrarre informazioni da dispositivi di rete usando SNMP. Perfetto per attacchi low-noise, enumeration silenziosa e footprinting.",152,snmpcheck,SnmpCheck,tool-oriented/how-to,DATA NOT AVAILABLE (needs live SERP),tools,2812,0,6,1,4,True,2,True,review: lead could be more answer-first,retrievable: self-contained,citations present,none detected on-page,Add a 2-3 sentence answer-first lead naming the entity,P2,medium,medium,DATA NOT AVAILABLE,DATA NOT AVAILABLE,DATA NOT AVAILABLE
snmpwalk,https://hackita.it/articoli/snmpwalk/,Snmpwalk-enumerazione-massiva-SNMP-su-reti-esposte.md,Snmpwalk: enumerazione massiva SNMP su reti esposte | Hackita,61,Snmpwalk: enumerazione massiva SNMP su reti esposte,1,Snmpwalk è il tool ideale per interrogare agent SNMP e raccogliere info dettagliate su dispositivi di rete. Usato per recon low-noise e attacchi mirati.,152,snmpwalk,Snmpwalk,tool-oriented/how-to,DATA NOT AVAILABLE (needs live SERP),tools,1406,0,5,3,3,True,2,True,review: lead could be more answer-first,retrievable: self-contained,citations present,none detected on-page,Add a 2-3 sentence answer-first lead naming the entity,P2,medium,medium,DATA NOT AVAILABLE,DATA NOT AVAILABLE,DATA NOT AVAILABLE
socat,https://hackita.it/articoli/socat/,Socat-La-Swiss-Army-Knife-del-Networking-per-Pentest-e-Pivoting.md,Socat: La Swiss Army Knife del Networking per Pentest e Pivoting | Hackita,74,Socat: La Swiss Army Knife del Networking per Pentest e Pivoting,1,"Socat per networking avanzato: relay, port forwarding, reverse shell e tunnel criptati. Il coltellino svizzero per connessioni di rete nel pentest.",147,socat,Socat,informational/educational,DATA NOT AVAILABLE (needs live SERP),networking,1202,58,7,4,2,True,2,True,ok: has a substantive lead,retrievable: self-contained,citations present,none detected on-page,"Shorten title to ~60 chars, primary keyword first",P2,medium,low,DATA NOT AVAILABLE,DATA NOT AVAILABLE,DATA NOT AVAILABLE
social,https://hackita.it/articoli/social/,Social-Engineering-Cos-Attacchi-Reali-e-Difese-nel-2026.md,"Social Engineering: Cos'è, Attacchi Reali e Difese nel 2026 | Hackita",69,"Social Engineering: Cos'è, Attacchi Reali e Difese nel 2026",1,"Social Engineering: framework psicologici, pretexting, vishing, impersonation, physical access, OSINT per targeting e tecniche operative. Dalla teoria …",152,social engineering,Social Engineering,informational/definition,DATA NOT AVAILABLE (needs live SERP),guides-resources,3667,0,10,1,3,True,2,True,opportunity: add an answer-first definition paragraph,retrievable: self-contained,citations present,none detected on-page,Add a 2-3 sentence answer-first lead naming the entity,P2,medium,medium,DATA NOT AVAILABLE,DATA NOT AVAILABLE,DATA NOT AVAILABLE
socialengineer,https://hackita.it/articoli/socialengineer/,Social-Engineer-Toolkit-SET-Guida-Completa-per-Attacchi-Social-Engineering.md,Social-Engineer Toolkit (SET): Guida Completa per Attacchi Social Engineering | Hackita,87,Social-Engineer Toolkit (SET): Guida Completa per Attacchi Social Engineering,1,"SET è un framework per simulazioni di social engineering in ambienti autorizzati: phishing, credential harvester e attacchi client-side.",136,social engineer toolkit,Social-Engineer Toolkit,informational/definition,DATA NOT AVAILABLE (needs live SERP),tools,1524,45,6,7,2,True,2,True,ok: has a substantive lead,retrievable: self-contained,citations present,none detected on-page,"Shorten title to ~60 chars, primary keyword first",P2,medium,low,DATA NOT AVAILABLE,DATA NOT AVAILABLE,DATA NOT AVAILABLE
source-code-disclosure,https://hackita.it/articoli/source-code-disclosure/,Source-Code-Disclosure-git-Esposto-Credenziali-nei-Commit-e-Git-Dumper.md,"Source Code Disclosure: .git Esposto, Credenziali nei Commit e Git-Dumper | Hackita",83,"Source Code Disclosure: .git Esposto, Credenziali nei Commit e Git-Dumper",1,"Source Code Disclosure nel pentesting: .git esposto, git-dumper, credenziali nella git history e trufflehog per segreti. Da repository dump a cloud takeover.",157,source code disclosure,Source Code Disclosure,informational/educational,DATA NOT AVAILABLE (needs live SERP),web-hacking,2214,181,5,3,0,True,2,True,ok: has a substantive lead,retrievable: self-contained,weak: no external primary sources,none detected on-page,"Shorten title to ~60 chars, primary keyword first",P1,high,medium,DATA NOT AVAILABLE,DATA NOT AVAILABLE,DATA NOT AVAILABLE
spiderfoot,https://hackita.it/articoli/spiderfoot/,SpiderFoot-Automazione-OSINT-con-200-Moduli-per-Threat-Intelligence.md,"SpiderFoot: OSINT Automation, Reconnaissance e Attack Surface | Hackita",71,"SpiderFoot: OSINT Automation, Reconnaissance e Attack Surface",1,"Scopri SpiderFoot per automatizzare OSINT e reconnaissance: moduli, correlazione, subdomain, IP, email, threat intelligence e attack surface mapping.",149,spiderfoot,SpiderFoot,tool-oriented/how-to,DATA NOT AVAILABLE (needs live SERP),tools,2540,166,6,5,1,True,2,True,ok: has a substantive lead,retrievable: self-contained,citations present,none detected on-page,"Shorten title to ~60 chars, primary keyword first",P2,medium,medium,DATA NOT AVAILABLE,DATA NOT AVAILABLE,DATA NOT AVAILABLE
splunk-pentesting,https://hackita.it/articoli/splunk-pentesting/,Splunk-Pentesting-CVE-2024-36991-RCE-e-SYSTEM-su-8089.md,"Splunk Pentesting: CVE-2024-36991, RCE e SYSTEM su 8089 | Hackita",65,"Splunk Pentesting: CVE-2024-36991, RCE e SYSTEM su 8089",1,"Guida completa al pentesting di Splunk: sfrutta CVE-2024-36991, recupera credenziali tramite splunk.secret, ottieni RCE via app malevola e scala a SYSTEM o …",157,splunk pentesting,Splunk Pentesting,vulnerability/CVE,DATA NOT AVAILABLE (needs live SERP),networking,2353,86,3,1,4,True,2,True,ok: has a substantive lead,retrievable: self-contained,citations present,none detected on-page,NO MAJOR ACTION REQUIRED,P3,low,none,DATA NOT AVAILABLE,DATA NOT AVAILABLE,DATA NOT AVAILABLE
sql-injection-api-rest,https://hackita.it/articoli/sql-injection-api-rest/,SQL-Injection-su-API-REST-e-GraphQL-JSON-Body-Header-Injection-e-SQLMap-Guida-2026.md,"SQL Injection su API REST e GraphQL: JSON Body, Header Injection e SQLMap (Guida 2026) | Hackita",96,"SQL Injection su API REST e GraphQL: JSON Body, Header Injection e SQLMap (Guida 2026)",1,"SQL Injection su API REST: JSON body injection, GraphQL SQLi, header injection e bypass WAF. Guida pratica con SQLMap, fuzzing API e exploitation reale.",152,sql injection su api rest e graphql,SQL Injection su API REST e GraphQL,informational/definition,DATA NOT AVAILABLE (needs live SERP),web-hacking,1503,0,4,7,3,True,2,True,opportunity: add an answer-first definition paragraph,retrievable: self-contained,citations present,none detected on-page,"Shorten title to ~60 chars, primary keyword first",P1,high,medium,DATA NOT AVAILABLE,DATA NOT AVAILABLE,DATA NOT AVAILABLE
sql-injection-classica,https://hackita.it/articoli/sql-injection-classica/,SQL-Injection-Classica-UNION-SELECT-ed-Error-Based-Guida-Operativa-2026.md,SQL Injection Classica: UNION SELECT ed Error-Based (Guida Operativa 2026) | Hackita,84,SQL Injection Classica: UNION SELECT ed Error-Based (Guida Operativa 2026),1,"SQL Injection Classica (In-Band): guida pratica a UNION SELECT ed Error-Based con ORDER BY, data extraction, bypass WAF, SQLMap e dump completo del database …",158,sql injection classica,SQL Injection Classica,informational/definition,DATA NOT AVAILABLE (needs live SERP),web-hacking,2073,0,7,9,4,True,2,True,opportunity: add an answer-first definition paragraph,retrievable: self-contained,citations present,none detected on-page,"Shorten title to ~60 chars, primary keyword first",P1,high,medium,DATA NOT AVAILABLE,DATA NOT AVAILABLE,DATA NOT AVAILABLE
sql-injection-mssql,https://hackita.it/articoli/sql-injection-mssql/,SQL-Injection-MSSQL-UNION-Blind-Stacked-RCE-Payload.md,"SQL Injection MSSQL: UNION, Blind, Stacked, RCE, Payload | Hackita",66,"SQL Injection MSSQL: UNION, Blind, Stacked, RCE, Payload",1,"Pentest SQL Injection MSSQL: identifica apici, sfrutta UNION/blind/time-based/stacked/error-based, bypassa WAF, RCE via xp_cmdshell, hash NTLM, linked server.",158,sql injection mssql,SQL Injection MSSQL,informational/educational,DATA NOT AVAILABLE (needs live SERP),web-hacking,4510,186,7,2,2,True,2,True,ok: has a substantive lead,retrievable: self-contained,citations present,none detected on-page,Add a 2-3 sentence answer-first lead naming the entity,P2,medium,medium,DATA NOT AVAILABLE,DATA NOT AVAILABLE,DATA NOT AVAILABLE
sql-injection-orm,https://hackita.it/articoli/sql-injection-orm/,SQL-Injection-su-ORM-Django-Laravel-Hibernate-e-Sequelize.md,"SQL Injection su ORM: Django, Laravel, Hibernate e Sequelize | Hackita",70,"SQL Injection su ORM: Django, Laravel, Hibernate e Sequelize",1,"SQL Injection su ORM: vulnerabilità in Django, Laravel, Hibernate e Sequelize. Raw query, extra(), orderByRaw e exploitation reale con esempi pratici.",150,sql injection su orm,SQL Injection su ORM,informational/educational,DATA NOT AVAILABLE (needs live SERP),web-hacking,2833,0,8,4,3,True,2,True,review: lead could be more answer-first,retrievable: self-contained,citations present,none detected on-page,Add a 2-3 sentence answer-first lead naming the entity,P2,medium,medium,DATA NOT AVAILABLE,DATA NOT AVAILABLE,DATA NOT AVAILABLE
sqlmap,https://hackita.it/articoli/sqlmap/,SQLMap-Guida-Completa-alla-SQL-Injection-Automation-e-Database-Exploitation.md,SQLMap: Guida Completa alla SQL Injection Automation e Database Exploitation | Hackita,86,SQLMap: Guida Completa alla SQL Injection Automation e Database Exploitation,1,"Guida completa a SQLMap per SQL injection automation: detection, exploitation, database enumeration, WAF bypass e tecniche UNION, boolean e time-based.",151,sqlmap,SQLMap,informational/definition,DATA NOT AVAILABLE (needs live SERP),web-hacking,3573,84,6,15,2,True,2,True,ok: has a substantive lead,retrievable: self-contained,citations present,none detected on-page,"Shorten title to ~60 chars, primary keyword first",P2,medium,medium,DATA NOT AVAILABLE,DATA NOT AVAILABLE,DATA NOT AVAILABLE
ssh,https://hackita.it/articoli/ssh/,Porta-22-SSH-Enumerazione-Brute-Force-Tunneling-e-Hardening.md,"Porta 22 SSH: Enumerazione, Brute Force, Tunneling e Hardening | Hackita",72,"Porta 22 SSH: Enumerazione, Brute Force, Tunneling e Hardening",1,"Scopri cos'è la porta 22 SSH ,uno dei target più frequenti nei pentest: scopri enumerazione, brute force, user enumeration, chiavi rubate, tunneling SSH e …",156,porta 22 ssh,Porta 22 SSH,informational/service-enumeration,DATA NOT AVAILABLE (needs live SERP),networking,3726,172,4,29,2,True,2,True,ok: has a substantive lead,retrievable: self-contained,citations present,none detected on-page,"Shorten title to ~60 chars, primary keyword first",P2,medium,low,DATA NOT AVAILABLE,DATA NOT AVAILABLE,DATA NOT AVAILABLE
ssh-audit,https://hackita.it/articoli/ssh-audit/,Ssh-audit-come-analizzare-cipher-deboli-CVE-e-misconfigurazioni-SSH.md,"Ssh-audit: come analizzare cipher deboli, CVE e misconfigurazioni SSH | Hackita",79,"Ssh-audit: come analizzare cipher deboli, CVE e misconfigurazioni SSH",1,"Scopri come usare ssh-audit per verificare la configurazione di server e client SSH, identificare algoritmi deboli, cipher obsoleti, versioni vulnerabili e …",157,ssh audit,Ssh-audit,tutorial/how-to,DATA NOT AVAILABLE (needs live SERP),tools,725,100,4,1,1,True,2,True,ok: has a substantive lead,review,citations present,none detected on-page,"Shorten title to ~60 chars, primary keyword first",P2,medium,low,DATA NOT AVAILABLE,DATA NOT AVAILABLE,DATA NOT AVAILABLE
ssh-keyhunter,https://hackita.it/articoli/ssh-keyhunter/,SSH-KeyHunter-trovare-chiavi-SSH-private-e-pivotare-su-Linux.md,SSH-KeyHunter: trovare chiavi SSH private e pivotare su Linux | Hackita,71,SSH-KeyHunter: trovare chiavi SSH private e pivotare su Linux,1,"SSH-KeyHunter automatizza la ricerca di chiavi SSH private su Linux, individua file non protetti, owner, fingerprint e target da known_hosts: tool ideale per …",159,ssh keyhunter,SSH-KeyHunter,tool-oriented/how-to,DATA NOT AVAILABLE (needs live SERP),tools,1663,183,6,1,1,True,2,True,ok: has a substantive lead,retrievable: self-contained,citations present,none detected on-page,"Shorten title to ~60 chars, primary keyword first",P2,medium,medium,DATA NOT AVAILABLE,DATA NOT AVAILABLE,DATA NOT AVAILABLE
ssh-pentesting-guide,https://hackita.it/articoli/ssh-pentesting-guide/,SSH-Pentesting-Guide-Tunneling-Pivoting-and-Offensive-Operations.md,"SSH Pentesting Guide: Tunneling, Pivoting, and Offensive Operations | Hackita",77,"SSH Pentesting Guide: Tunneling, Pivoting, and Offensive Operations",1,"Learn how to pentest SSH from an offensive perspective: enumeration, brute force, port forwarding, SOCKS pivoting, file transfer, and agent hijacking for …",155,ssh pentesting guide,SSH Pentesting Guide,informational/educational,DATA NOT AVAILABLE (needs live SERP),networking,1880,0,2,0,3,True,2,True,review: lead could be more answer-first,retrievable: self-contained,citations present,none detected on-page,"Shorten title to ~60 chars, primary keyword first",P1,high,medium,DATA NOT AVAILABLE,DATA NOT AVAILABLE,DATA NOT AVAILABLE
ssh-security-hardening,https://hackita.it/articoli/ssh-security-hardening/,SSH-Hardening-su-Linux-sshdconfig-Ed25519-e-Fail2Ban.md,"SSH Hardening su Linux: sshd_config, Ed25519 e Fail2Ban | Hackita",65,"SSH Hardening su Linux: sshd_config, Ed25519 e Fail2Ban",1,"SSH hardening su Linux: configura sshd_config, chiavi Ed25519, Fail2Ban, UFW e 2FA; verifica algoritmi e accessi con ssh-audit e crea un jump host.",147,ssh hardening su linux,SSH Hardening su Linux,informational/educational,DATA NOT AVAILABLE (needs live SERP),linux,2805,104,2,1,2,True,2,True,ok: has a substantive lead,retrievable: self-contained,citations present,none detected on-page,Add a 2-3 sentence answer-first lead naming the entity,P2,medium,medium,DATA NOT AVAILABLE,DATA NOT AVAILABLE,DATA NOT AVAILABLE
sshuttle,https://hackita.it/articoli/sshuttle/,SSHuttle-VPN-over-SSH-per-Pivoting-nel-Penetration-Testing.md,Sshuttle: pivoting e tunneling trasparente via SSH verso reti interne | Hackita,79,Sshuttle: pivoting e tunneling trasparente via SSH verso reti interne,1,"Guida a Sshuttle per creare un tunnel trasparente over SSH, raggiungere subnet interne, instradare DNS e usare un host compromesso come pivot durante lateral …",159,sshuttle,Sshuttle,informational/educational,DATA NOT AVAILABLE (needs live SERP),networking,1176,57,10,5,2,True,2,True,ok: has a substantive lead,retrievable: self-contained,citations present,DUPLICATE SLUG - resolve,"Resolve slug collision editorially (pick canonical, reslug/redirect the other)",P0,high,medium,DATA NOT AVAILABLE,DATA NOT AVAILABLE,DATA NOT AVAILABLE
ssrf,https://hackita.it/articoli/ssrf/,SSRF-Attack-Server-Side-Request-Forgery-Cloud-Metadata-e-AWS-Credential-Theft.md,"SSRF Attack: Server-Side Request Forgery, Cloud Metadata e AWS Credential Theft | Hackita",89,"SSRF Attack: Server-Side Request Forgery, Cloud Metadata e AWS Credential Theft",1,"Guida completa alla SSRF: come trovare Server-Side Request Forgery, bypass filtri IP, leggere metadata AWS e ottenere credenziali cloud.",136,ssrf attack,SSRF Attack,informational/educational,DATA NOT AVAILABLE (needs live SERP),web-hacking,1680,141,5,13,7,True,2,True,ok: has a substantive lead,retrievable: self-contained,citations present,none detected on-page,"Shorten title to ~60 chars, primary keyword first",P2,medium,medium,DATA NOT AVAILABLE,DATA NOT AVAILABLE,DATA NOT AVAILABLE
ssti-server-side-template-injection,https://hackita.it/articoli/ssti-server-side-template-injection/,SSTI-Server-Side-Template-Injection-RCE-nei-Template-Engine-Jinja2-Twig-e-Freemarker.md,"SSTI (Server-Side Template Injection): Detection, Payload, Twig, Jinja2 e RCE | Hackita",87,"SSTI (Server-Side Template Injection): Detection, Payload, Twig, Jinja2 e RCE",1,"Guida pratica alla SSTI: detection, fingerprint del template engine, payload reali, Jinja2, Twig, FreeMarker, sandbox bypass e RCE.",131,ssti,SSTI,informational/educational,DATA NOT AVAILABLE (needs live SERP),web-hacking,3832,151,20,6,3,True,2,True,ok: has a substantive lead,retrievable: self-contained,citations present,none detected on-page,"Shorten title to ~60 chars, primary keyword first",P2,medium,medium,DATA NOT AVAILABLE,DATA NOT AVAILABLE,DATA NOT AVAILABLE
stp,https://hackita.it/articoli/stp/,STP-e-RSTP-sotto-attacco-Root-Bridge-BPDU-e-takeover-di-rete.md,"STP e RSTP sotto attacco: Root Bridge, BPDU e takeover di rete | Hackita",72,"STP e RSTP sotto attacco: Root Bridge, BPDU e takeover di rete",1,"Scopri come funzionano STP e RSTP, cos’è il Root Bridge,Spanning Tree Protocol e come avviene l’elezione tramite BPDU e quali rischi reali esistono in pentest: …",161,stp e rstp sotto attacco,STP e RSTP sotto attacco,informational/educational,DATA NOT AVAILABLE (needs live SERP),networking,2300,56,9,4,1,True,2,True,ok: has a substantive lead,retrievable: self-contained,citations present,none detected on-page,"Shorten title to ~60 chars, primary keyword first",P2,medium,medium,DATA NOT AVAILABLE,DATA NOT AVAILABLE,DATA NOT AVAILABLE
subdomain-enumeration,https://hackita.it/articoli/subdomain-enumeration/,Subdomain-Enumeration-con-subfinder-puredns-e-httpx.md,"Subdomain Enumeration con subfinder, puredns e httpx | Hackita",62,"Subdomain Enumeration con subfinder, puredns e httpx",1,"Pipeline di subdomain enumeration: recon passiva con subfinder, brute force con puredns, permutazioni Alterx, validazione httpx e subdomain takeover check.",155,subdomain enumeration con subfinder puredns e httpx,"Subdomain Enumeration con subfinder, puredns e httpx",informational/educational,DATA NOT AVAILABLE (needs live SERP),web-hacking,3072,113,8,2,2,True,2,True,ok: has a substantive lead,retrievable: self-contained,citations present,none detected on-page,Make the first body heading a real section (not a title echo),P3,low,medium,DATA NOT AVAILABLE,DATA NOT AVAILABLE,DATA NOT AVAILABLE
subdomain-takeover,https://hackita.it/articoli/subdomain-takeover/,Subdomain-Takeover-CNAME-Dangling-DNS-Misconfiguration-e-Account-Takeover.md,"Subdomain Takeover: CNAME Dangling, DNS Misconfiguration e Account Takeover | Hackita",85,"Subdomain Takeover: CNAME Dangling, DNS Misconfiguration e Account Takeover",1,"Guida completa al Subdomain Takeover: CNAME dangling, servizi cloud dismessi e takeover di sottodomini su AWS, Heroku, GitHub Pages e Azure.",140,subdomain takeover,Subdomain Takeover,informational/educational,DATA NOT AVAILABLE (needs live SERP),web-hacking,856,0,5,4,4,True,2,True,review: lead could be more answer-first,retrievable: self-contained,citations present,none detected on-page,"Shorten title to ~60 chars, primary keyword first",P1,high,medium,DATA NOT AVAILABLE,DATA NOT AVAILABLE,DATA NOT AVAILABLE
subfinder,https://hackita.it/articoli/subfinder/,Subfinder-guida-completa-alla-subdomain-enumeration-passiva-con-ProjectDiscovery.md,Subfinder: guida completa alla subdomain enumeration passiva con ProjectDiscovery | Hackita,91,Subfinder: guida completa alla subdomain enumeration passiva con ProjectDiscovery,1,"Scopri come usare Subfinder per trovare subdomain validi tramite fonti passive, velocizzare la reconnaissance web e costruire una pipeline di recon più efficace …",162,subfinder,Subfinder,informational/definition,DATA NOT AVAILABLE (needs live SERP),tools,793,98,5,6,1,True,2,True,ok: has a substantive lead,review,citations present,none detected on-page,"Shorten title to ~60 chars, primary keyword first",P2,medium,low,DATA NOT AVAILABLE,DATA NOT AVAILABLE,DATA NOT AVAILABLE
svg-xss-xxe,https://hackita.it/articoli/svg-xss-xxe/,SVG-XSS-e-XXE-attacco-tramite-upload-di-immagini.md,SVG XSS e XXE: attacco tramite upload di immagini | Hackita,59,SVG XSS e XXE: attacco tramite upload di immagini,1,"Un SVG caricato può eseguire script o leggere file locali. Guida pratica su XSS e XXE via SVG: payload reali, vettori d'attacco e mitigazioni per sviluppatori.",159,svg xss e xxe,SVG XSS e XXE,informational/educational,DATA NOT AVAILABLE (needs live SERP),web-hacking,1238,0,5,0,2,True,1,True,review: lead could be more answer-first,retrievable: self-contained,citations present,none detected on-page,Add a 2-3 sentence answer-first lead naming the entity,P2,medium,medium,DATA NOT AVAILABLE,DATA NOT AVAILABLE,DATA NOT AVAILABLE
tcp,https://hackita.it/articoli/tcp/,TCP-Transmission-Control-Protocol-cos-come-funziona-e-come-sfruttarlo-in-un-pentest.md,"TCP (Transmission Control Protocol): cos'è, come funziona e come sfruttarlo in un pentest | Hackita",99,"TCP (Transmission Control Protocol): cos'è, come funziona e come sfruttarlo in un pentest",1,"Guida completa a TCP: three-way handshake, flag, sequence number, windowing, port scanning con Nmap, session hijacking, SYN flood e analisi del traffico.",153,tcp,TCP,informational/definition,DATA NOT AVAILABLE (needs live SERP),networking,2327,66,9,17,1,True,2,True,ok: has a substantive lead,retrievable: self-contained,citations present,none detected on-page,"Shorten title to ~60 chars, primary keyword first",P2,medium,low,DATA NOT AVAILABLE,DATA NOT AVAILABLE,DATA NOT AVAILABLE
tcpdump,https://hackita.it/articoli/tcpdump/,Tcpdump-per-Hacker-Curiosi-Analizzare-il-Traffico-di-Rete-da-Terminale.md,Tcpdump: Tutorial Sniffing e Analisi del Traffico di Rete | Hackita,67,Tcpdump: Tutorial Sniffing e Analisi del Traffico di Rete,1,"Cos'è tcpdump e come funziona? Guida al network sniffing da terminale con packet capture, filtri BPF, analisi PCAP e comandi per il pentesting.",143,tcpdump,Tcpdump,tool-oriented/how-to,DATA NOT AVAILABLE (needs live SERP),tools,1453,31,3,13,2,True,2,True,review: lead could be more answer-first,retrievable: self-contained,citations present,none detected on-page,Add a 2-3 sentence answer-first lead naming the entity,P2,medium,medium,DATA NOT AVAILABLE,DATA NOT AVAILABLE,DATA NOT AVAILABLE
telnet,https://hackita.it/articoli/telnet/,Telnet-sfruttare-laccesso-remoto-nei-sistemi-obsoleti.md,"Telnet Porta 23: Exploitation, Credential Abuse e Pivoting | Hackita",68,"Telnet Porta 23: Exploitation, Credential Abuse e Pivoting",1,"Scopri come sfruttare Telnet sulla porta 23 durante un pentest: enumerazione, banner grabbing, credenziali, privilege escalation, pivoting e lateral movement.
",159,telnet porta 23,Telnet Porta 23,informational/service-enumeration,DATA NOT AVAILABLE (needs live SERP),networking,1694,73,8,2,1,False,2,True,ok: has a substantive lead,retrievable: self-contained,citations present,none detected on-page,Add a 2-3 sentence answer-first lead naming the entity,P2,medium,medium,DATA NOT AVAILABLE,DATA NOT AVAILABLE,DATA NOT AVAILABLE
tftp,https://hackita.it/articoli/tftp/,TFTP-Porta-69UDP-Enumerazione-Exploitation-e-Sicurezza.md,"TFTP (Porta 69/UDP): Enumerazione, Exploitation e Sicurezza | Hackita",69,"TFTP (Porta 69/UDP): Enumerazione, Exploitation e Sicurezza",1,"TFTP su UDP 69: guida pratica a enumerazione, file, configurazioni, vulnerabilità, traffico in chiaro e rischi nelle reti interne.",130,tftp,TFTP,informational/service-enumeration,DATA NOT AVAILABLE (needs live SERP),networking,1178,64,1,1,1,True,1,True,ok: has a substantive lead,retrievable: self-contained,citations present,none detected on-page,Make the first body heading a real section (not a title echo),P3,low,medium,DATA NOT AVAILABLE,DATA NOT AVAILABLE,DATA NOT AVAILABLE
tgs,https://hackita.it/articoli/tgs/,TGS-Kerberos-Kerberoasting-Silver-Ticket-e-Service-Ticket.md,"TGS Kerberos: Kerberoasting, Silver Ticket e Service Ticket | Hackita",69,"TGS Kerberos: Kerberoasting, Silver Ticket e Service Ticket",1,"Guida offensiva al Ticket-Granting Service (TGS) Kerberos: SPN, Kerberoasting con Rubeus e Impacket, crack offline, Pass-the-Ticket e Silver Ticket Windows AD",158,tgs kerberos,TGS Kerberos,informational/educational,DATA NOT AVAILABLE (needs live SERP),windows,5038,226,9,2,7,True,2,True,ok: has a substantive lead,retrievable: self-contained,citations present,none detected on-page,NO MAJOR ACTION REQUIRED,P2,medium,medium,DATA NOT AVAILABLE,DATA NOT AVAILABLE,DATA NOT AVAILABLE
tgt,https://hackita.it/articoli/tgt/,TGT-Kerberos-Cos-Come-Funziona-e-Come-Sfruttarlo.md,"TGT Kerberos: Cos’è, Come Funziona e Come Sfruttarlo | Hackita",62,"TGT Kerberos: Cos’è, Come Funziona e Come Sfruttarlo",1,"Scopri come funziona il Ticket-Granting Ticket (TGT) Kerberos in Active Directory: dump con Rubeus, Pass-the-Ticket, Overpass-the-Hash e Golden Ticket.",151,tgt kerberos,TGT Kerberos,tutorial/how-to,DATA NOT AVAILABLE (needs live SERP),windows,2560,0,15,2,6,True,2,True,review: lead could be more answer-first,retrievable: self-contained,citations present,none detected on-page,Add a 2-3 sentence answer-first lead naming the entity,P2,medium,medium,DATA NOT AVAILABLE,DATA NOT AVAILABLE,DATA NOT AVAILABLE
theharvester,https://hackita.it/articoli/theharvester/,TheHarvester-Email-Enumeration-e-Subdomain-Discovery-Rapida-per-Initial-Reconnaissance.md,TheHarvester: Email Enumeration e Subdomain Discovery Rapida per Initial Reconnaissance | Hackita,97,TheHarvester: Email Enumeration e Subdomain Discovery Rapida per Initial Reconnaissance,1,"TheHarvester è uno strumento OSINT per enumerare email, subdomain, host e informazioni pubbliche da motori di ricerca e data source esterni. Guida pratica …",156,theharvester,TheHarvester,tool-oriented/how-to,DATA NOT AVAILABLE (needs live SERP),tools,5716,110,5,7,1,True,2,True,ok: has a substantive lead,retrievable: self-contained,citations present,none detected on-page,"Shorten title to ~60 chars, primary keyword first",P2,medium,low,DATA NOT AVAILABLE,DATA NOT AVAILABLE,DATA NOT AVAILABLE
thm-bolt-walkthrough,https://hackita.it/articoli/thm-bolt-walkthrough/,TryHackMe-Bolt-Walkthrough-completo-RCE-su-Bolt-CMS.md,TryHackMe Bolt: Walkthrough completo (RCE su Bolt CMS) | Hackita,64,TryHackMe Bolt: Walkthrough completo (RCE su Bolt CMS),1,"Write-Up della macchina Bolt di TryHackMe: enumerazione, scoperta credenziali, RCE autenticata su Bolt CMS via session hijacking e privesc a root.",146,tryhackme bolt,TryHackMe Bolt,walkthrough/writeup,DATA NOT AVAILABLE (needs live SERP),walkthroughs,1286,41,2,0,4,True,2,True,ok: has a substantive lead,retrievable: self-contained,citations present,none detected on-page,Add in-body links to this article from related articles,P2,medium,medium,DATA NOT AVAILABLE,DATA NOT AVAILABLE,DATA NOT AVAILABLE
thomson-reuters-ctrack-data-breach-tribunali,https://hackita.it/articoli/thomson-reuters-ctrack-data-breach-tribunali/,Thomson-Reuters-violati-SSN-e-fascicoli-sigillati.md,Thomson Reuters: violati SSN e fascicoli sigillati | Hackita,60,Thomson Reuters: violati SSN e fascicoli sigillati,1,"Thomson Reuters: violata la piattaforma C-Track dei tribunali USA e Canada. Esposti SSN, dati sanitari e fascicoli giudiziari sigillati in 24 corti.",148,thomson reuters,Thomson Reuters,informational/educational,DATA NOT AVAILABLE (needs live SERP),guides-resources,2199,135,1,0,4,True,2,True,ok: has a substantive lead,retrievable: self-contained,citations present,none detected on-page,Add in-body links to this article from related articles,P2,medium,medium,DATA NOT AVAILABLE,DATA NOT AVAILABLE,DATA NOT AVAILABLE
ticketer,https://hackita.it/articoli/ticketer/,ticketerpy-Golden-e-Silver-Ticket-Kerberos-con-Impacket.md,ticketer.py: Golden e Silver Ticket Kerberos con Impacket | Hackita,67,ticketer.py: Golden e Silver Ticket Kerberos con Impacket,1,"Guida a impacket-ticketer per forgiare Golden e Silver Ticket Kerberos con hash NTLM o chiavi AES, personalizzare il PAC e salvare ticket ccache.",145,ticketer py,ticketer.py,tool-oriented/how-to,DATA NOT AVAILABLE (needs live SERP),tools,1588,105,9,1,1,True,2,True,ok: has a substantive lead,retrievable: self-contained,citations present,none detected on-page,NO MAJOR ACTION REQUIRED,P2,medium,medium,DATA NOT AVAILABLE,DATA NOT AVAILABLE,DATA NOT AVAILABLE
time-based-sql-injection,https://hackita.it/articoli/time-based-sql-injection/,SQL-Injection-Time-Based-Come-Estrarre-Dati-Senza-Output.md,SQL Injection Time-Based: Come Estrarre Dati Senza Output | Hackita,67,SQL Injection Time-Based: Come Estrarre Dati Senza Output,1,"Time-Based SQL Injection spiegata con payload reali: SLEEP, pg_sleep, WAITFOR DELAY, heavy query, script Python e SQLMap. Guida completa exploitation 2026.",155,sql injection time based,SQL Injection Time-Based,tutorial/how-to,DATA NOT AVAILABLE (needs live SERP),web-hacking,2792,0,6,6,3,True,2,True,review: lead could be more answer-first,retrievable: self-contained,citations present,none detected on-page,Add a 2-3 sentence answer-first lead naming the entity,P2,medium,medium,DATA NOT AVAILABLE,DATA NOT AVAILABLE,DATA NOT AVAILABLE
tls-ssl,https://hackita.it/articoli/tls-ssl/,TLSSSL-handshake-cipher-suite-e-vulnerabilit-da-trovare-in-pentest.md,"TLS/SSL Pentesting: Handshake, Cipher Suite e Vulnerabilità | Hackita",69,"TLS/SSL Pentesting: Handshake, Cipher Suite e Vulnerabilità",1,"Guida al TLS/SSL pentesting 2026: handshake, cipher suite deboli, ECH, post-quantum, Heartbleed, POODLE e 15+ vulnerabilità da testare con testssl.sh.",150,tls ssl pentesting,TLS/SSL Pentesting,informational/educational,DATA NOT AVAILABLE (needs live SERP),networking,4745,68,8,10,3,True,2,True,ok: has a substantive lead,retrievable: self-contained,citations present,none detected on-page,Make the first body heading a real section (not a title echo),P3,low,medium,DATA NOT AVAILABLE,DATA NOT AVAILABLE,DATA NOT AVAILABLE
tool-penetration-testing,https://hackita.it/articoli/tool-penetration-testing/,Tool-Penetration-Testing-Guida-Completa-per-Fase-di-Attacco.md,"Tool Penetration Testing: Guida Completa per Fase di Attacco"" | Hackita",71,"Tool Penetration Testing: Guida Completa per Fase di Attacco""",1,"Tutti i tool offensivi per il penetration testing organizzati per fase di attacco: recon, exploitation, post-exploitation, pivoting, AD. Con attack chain reali …",161,tool penetration testing,Tool Penetration Testing,informational/definition,DATA NOT AVAILABLE (needs live SERP),tools,2627,156,128,6,0,True,2,True,ok: has a substantive lead,retrievable: self-contained,weak: no external primary sources,none detected on-page,"Shorten title to ~60 chars, primary keyword first",P1,high,medium,DATA NOT AVAILABLE,DATA NOT AVAILABLE,DATA NOT AVAILABLE
top-100-comandi-linux,https://hackita.it/articoli/top-100-comandi-linux/,Top-100-Comandi-Linux-lista-essenziale-hacker.md,Top 100 Comandi Linux: lista essenziale hacker | Hackita,56,Top 100 Comandi Linux: lista essenziale hacker,1,"Top 100 comandi Linux: lista completa e pratica per pentester e sysadmin. Essenziali per enumerazione, exploit e post-exploitation.",131,top 100 comandi linux,Top 100 Comandi Linux,informational/educational,DATA NOT AVAILABLE (needs live SERP),linux,2764,102,22,5,4,True,2,True,ok: has a substantive lead,retrievable: self-contained,citations present,none detected on-page,Add a 2-3 sentence answer-first lead naming the entity,P2,medium,medium,DATA NOT AVAILABLE,DATA NOT AVAILABLE,DATA NOT AVAILABLE
tshark,https://hackita.it/articoli/tshark/,TShark-Analisi-del-Traffico-di-Rete-da-Terminale-con-la-Potenza-di-Wireshark.md,TShark: Tutorial Sniffing e Analisi del Traffico di Rete | Hackita,66,TShark: Tutorial Sniffing e Analisi del Traffico di Rete,1,"Cos'è TShark e come si usa? Guida al network sniffing da terminale con packet capture, filtri, analisi PCAP, statistiche e comandi per il pentesting.",149,tshark,TShark,tool-oriented/how-to,DATA NOT AVAILABLE (needs live SERP),tools,1987,0,5,8,3,True,2,True,review: lead could be more answer-first,retrievable: self-contained,citations present,none detected on-page,Add a 2-3 sentence answer-first lead naming the entity,P2,medium,medium,DATA NOT AVAILABLE,DATA NOT AVAILABLE,DATA NOT AVAILABLE
twig-ssti-rce,https://hackita.it/articoli/twig-ssti-rce/,twig-ssti-sandbox-bypass-rce.md,"Twig SSTI e Sandbox Bypass: RCE in Twig , CMS e Filtri PHP | Hackita",68,"Twig SSTI e Sandbox Bypass: RCE in Twig , CMS e Filtri PHP",1,"Twig SSTI ,detection, payload e RCE: fingerprint vs Jinja2, payload per Twig 2.x e 3.x, filter/map/reduce bypass, sandbox escape, CMS Drupal/Craft e mitigazioni",160,twig ssti e sandbox bypass,Twig SSTI e Sandbox Bypass,informational/educational,DATA NOT AVAILABLE (needs live SERP),web-hacking,3583,200,9,3,3,True,2,True,ok: has a substantive lead,retrievable: self-contained,citations present,none detected on-page,Make the first body heading a real section (not a title echo),P3,low,medium,DATA NOT AVAILABLE,DATA NOT AVAILABLE,DATA NOT AVAILABLE
udp,https://hackita.it/articoli/udp/,UDP-User-Datagram-Protocol-cos-come-funziona-e-come-sfruttarlo-in-un-pentest.md,"UDP (User Datagram Protocol): cos'è, come funziona e come sfruttarlo in un pentest | Hackita",92,"UDP (User Datagram Protocol): cos'è, come funziona e come sfruttarlo in un pentest",1,"UDP spiegato in modo chiaro: header, differenze con TCP, UDP scan con Nmap, servizi critici come DNS, SNMP e NTP, amplification attack e rischi reali in …",154,udp,UDP,informational/definition,DATA NOT AVAILABLE (needs live SERP),networking,2177,55,9,19,1,True,2,True,ok: has a substantive lead,retrievable: self-contained,citations present,none detected on-page,"Shorten title to ~60 chars, primary keyword first",P2,medium,low,DATA NOT AVAILABLE,DATA NOT AVAILABLE,DATA NOT AVAILABLE
unix-privesc-check,https://hackita.it/articoli/unix-privesc-check/,Unix-PrivEsc-Check-privilege-escalation-auditing-su-Linux-e-Unix-legacy.md,Unix-PrivEsc-Check: privilege escalation auditing su Linux e Unix legacy | Hackita,82,Unix-PrivEsc-Check: privilege escalation auditing su Linux e Unix legacy,1,"Scopri come usare Unix-PrivEsc-Check per individuare misconfigurazioni, permessi deboli, sudo abuse e vettori di privilege escalation su sistemi Unix/Linux, …",158,unix privesc check,Unix-PrivEsc-Check,tool-oriented/how-to,DATA NOT AVAILABLE (needs live SERP),tools,6082,241,8,3,2,True,2,True,ok: has a substantive lead,retrievable: self-contained,citations present,none detected on-page,"Shorten title to ~60 chars, primary keyword first",P2,medium,medium,DATA NOT AVAILABLE,DATA NOT AVAILABLE,DATA NOT AVAILABLE
virus-informatico,https://hackita.it/articoli/virus-informatico/,Virus-Informatico-Cos-e-Differenza-con-Malware.md,Virus Informatico: Cos'è e Differenza con Malware | Hackita,59,Virus Informatico: Cos'è e Differenza con Malware,1,"Cos'è un virus informatico, come si diffonde, i tipi principali, come riconoscerlo, rimuoverlo e la differenza con malware, worm, trojan e ransomware.",150,virus informatico,Virus Informatico,informational/definition,DATA NOT AVAILABLE (needs live SERP),guides-resources,2048,0,9,2,1,True,1,True,opportunity: add an answer-first definition paragraph,retrievable: self-contained,citations present,none detected on-page,Add a 2-3 sentence answer-first lead naming the entity,P2,medium,medium,DATA NOT AVAILABLE,DATA NOT AVAILABLE,DATA NOT AVAILABLE
vlan,https://hackita.it/articoli/vlan/,VLAN-e-8021Q-segmentazione-di-rete-trunk-e-VLAN-hopping-in-un-pentesting.md,"VLAN e 802.1Q: segmentazione di rete, trunk e VLAN hopping in un pentesting | Hackita",85,"VLAN e 802.1Q: segmentazione di rete, trunk e VLAN hopping in un pentesting",1,"Scopri come funzionano VLAN e 802.1Q, differenza tra access e trunk, native VLAN, inter-VLAN routing, DTP, double tagging e tecniche di VLAN hopping in pentest.",160,vlan e 802 1q,VLAN e 802.1Q,informational/educational,DATA NOT AVAILABLE (needs live SERP),networking,2392,71,9,17,1,True,2,True,ok: has a substantive lead,retrievable: self-contained,citations present,none detected on-page,"Shorten title to ~60 chars, primary keyword first",P2,medium,low,DATA NOT AVAILABLE,DATA NOT AVAILABLE,DATA NOT AVAILABLE
vodafone-7415-punti-truffa,https://hackita.it/articoli/vodafone-7415-punti-truffa/,Truffa-Vodafone-7415-punti-Gold-Starter-scadranno-oggi.md,Truffa Vodafone: “7415 punti Gold Starter scadranno oggi” | Hackita,67,Truffa Vodafone: “7415 punti Gold Starter scadranno oggi”,1,"Truffa Vodafone 2026: hai ricevuto l'SMS “I tuoi 7415 punti Gold Starter scadranno oggi”? Ecco come riconoscerla, dove porta il link e cosa fare",144,truffa vodafone,Truffa Vodafone,informational/educational,DATA NOT AVAILABLE (needs live SERP),guides-resources,3105,97,2,0,1,True,2,True,ok: has a substantive lead,retrievable: self-contained,citations present,none detected on-page,Add in-body links to this article from related articles,P2,medium,medium,DATA NOT AVAILABLE,DATA NOT AVAILABLE,DATA NOT AVAILABLE
vpn,https://hackita.it/articoli/vpn/,VPN-protocolli-sicurezza-e-vulnerabilit-WireGuard-OpenVPN-IPSec.md,"VPN: protocolli, sicurezza e vulnerabilità (WireGuard, OpenVPN, IPSec) | Hackita",80,"VPN: protocolli, sicurezza e vulnerabilità (WireGuard, OpenVPN, IPSec)",1,"Come funzionano e cosa sono le VPN a livello tecnico: IPSec, OpenVPN, WireGuard, L2TP e PPTP. Architettura dei tunnel, attacchi reali, misconfigurazioni e …",156,vpn,VPN,informational/educational,DATA NOT AVAILABLE (needs live SERP),networking,3100,75,10,5,3,True,2,True,ok: has a substantive lead,retrievable: self-contained,citations present,none detected on-page,"Shorten title to ~60 chars, primary keyword first",P2,medium,low,DATA NOT AVAILABLE,DATA NOT AVAILABLE,DATA NOT AVAILABLE
vrrp-hsrp-carp,https://hackita.it/articoli/vrrp-hsrp-carp/,VRRP-HSRP-e-CARP-gateway-takeover-failover-e-attacchi-MITM.md,"VRRP, HSRP e CARP: gateway takeover, failover e attacchi MITM | Hackita",71,"VRRP, HSRP e CARP: gateway takeover, failover e attacchi MITM",1,"Scopri come funzionano VRRP, HSRP e CARP, come avviene il failover del gateway e perché takeover, priority abuse e MITM sono rischi reali nei pentest di rete.",158,vrrp hsrp e carp,"VRRP, HSRP e CARP",informational/educational,DATA NOT AVAILABLE (needs live SERP),networking,2567,71,9,4,1,True,2,True,ok: has a substantive lead,retrievable: self-contained,citations present,none detected on-page,"Shorten title to ~60 chars, primary keyword first",P2,medium,low,DATA NOT AVAILABLE,DATA NOT AVAILABLE,DATA NOT AVAILABLE
vulnerability-exploitation,https://hackita.it/articoli/vulnerability-exploitation/,Vulnerability-Exploitation-il-framework-pratico-per-passare-da-CVE-a-shell.md,Vulnerability Exploitation: il framework pratico per passare da CVE a shell | Hackita,85,Vulnerability Exploitation: il framework pratico per passare da CVE a shell,1,"Scopri il metodo giusto per trasformare una vulnerabilità in accesso reale: discovery, validation, prioritization, exploit selection, weaponization, execution e …",162,vulnerability exploitation,Vulnerability Exploitation,informational/educational,DATA NOT AVAILABLE (needs live SERP),guides-resources,2521,131,26,4,0,True,2,True,ok: has a substantive lead,retrievable: self-contained,weak: no external primary sources,none detected on-page,"Shorten title to ~60 chars, primary keyword first",P1,high,medium,DATA NOT AVAILABLE,DATA NOT AVAILABLE,DATA NOT AVAILABLE
wan,https://hackita.it/articoli/wan/,WAN-Penetration-Testing-VPN-IPsec-MPLS-e-SD-WAN.md,"WAN Penetration Testing: VPN, IPsec, MPLS e SD-WAN | Hackita",60,"WAN Penetration Testing: VPN, IPsec, MPLS e SD-WAN",1,"Guida al WAN penetration testing: analizza VPN, IPsec, MPLS e SD-WAN, individua vulnerabilità nei tunnel e verifica la sicurezza dell'infrastruttura WAN.",153,wan penetration testing,WAN Penetration Testing,informational/educational,DATA NOT AVAILABLE (needs live SERP),networking,3762,0,9,1,7,True,1,True,review: lead could be more answer-first,retrievable: self-contained,citations present,none detected on-page,Add a 2-3 sentence answer-first lead naming the entity,P2,medium,medium,DATA NOT AVAILABLE,DATA NOT AVAILABLE,DATA NOT AVAILABLE
wappalyzer,https://hackita.it/articoli/wappalyzer/,Wappalyzer-come-identificare-CMS-framework-e-tecnologie-di-un-sito-web.md,"Wappalyzer: come identificare CMS, framework e tecnologie di un sito web | Hackita",82,"Wappalyzer: come identificare CMS, framework e tecnologie di un sito web",1,"Guida a Wappalyzer per rilevare CMS, framework, CDN, analytics e indizi di versione di un sito web, così da orientare reconnaissance, fingerprinting e scanning …",161,wappalyzer,Wappalyzer,tutorial/how-to,DATA NOT AVAILABLE (needs live SERP),tools,1554,109,5,4,3,True,2,True,ok: has a substantive lead,retrievable: self-contained,citations present,none detected on-page,"Shorten title to ~60 chars, primary keyword first",P2,medium,low,DATA NOT AVAILABLE,DATA NOT AVAILABLE,DATA NOT AVAILABLE
waybackurls,https://hackita.it/articoli/waybackurls/,Waybackurls-come-trovare-URL-storici-endpoint-nascosti-e-file-sensibili.md,"Waybackurls: come trovare URL storici, endpoint nascosti e file sensibili | Hackita",83,"Waybackurls: come trovare URL storici, endpoint nascosti e file sensibili",1,"Scopri come usare Waybackurls per estrarre gli URL storici di un dominio dalla Wayback Machine, trovare path dimenticati, backup esposti e vecchi endpoint utili …",162,waybackurls,Waybackurls,tutorial/how-to,DATA NOT AVAILABLE (needs live SERP),tools,1345,127,5,4,1,True,2,True,ok: has a substantive lead,retrievable: self-contained,citations present,none detected on-page,"Shorten title to ~60 chars, primary keyword first",P2,medium,low,DATA NOT AVAILABLE,DATA NOT AVAILABLE,DATA NOT AVAILABLE
web-shell,https://hackita.it/articoli/web-shell/,Web-Shell-PHP-Upload-Exploit-Reverse-Shell-e-Persistence-sul-Server.md,"Web Shell PHP: Upload Exploit, Reverse Shell e Persistence sul Server | Hackita",79,"Web Shell PHP: Upload Exploit, Reverse Shell e Persistence sul Server",1,"Guida completa alle Web Shell nel pentesting: upload PHP shell, reverse shell, bypass WAF e persistence dopo file upload o LFI.",127,web shell php,Web Shell PHP,informational/educational,DATA NOT AVAILABLE (needs live SERP),web-hacking,3442,227,6,11,0,True,2,True,ok: has a substantive lead,retrievable: self-contained,weak: no external primary sources,none detected on-page,"Shorten title to ~60 chars, primary keyword first",P1,high,medium,DATA NOT AVAILABLE,DATA NOT AVAILABLE,DATA NOT AVAILABLE
websocket-hijacking,https://hackita.it/articoli/websocket-hijacking/,WebSocket-Hijacking-CSWSH-Cross-Site-WebSocket-Hijacking-e-Data-Theft-Real-Time.md,WebSocket Hijacking (CSWSH): Cross-Site WebSocket Hijacking e Data Theft Real-Time | Hackita,92,WebSocket Hijacking (CSWSH): Cross-Site WebSocket Hijacking e Data Theft Real-Time,1,"WebSocket Hijacking spiegato: CSWSH, handshake vulnerabile, Origin check mancante e furto dati real-time da chat, notifiche e dashboard.",136,websocket hijacking,WebSocket Hijacking,informational/educational,DATA NOT AVAILABLE (needs live SERP),web-hacking,1580,0,6,2,6,True,2,True,review: lead could be more answer-first,retrievable: self-contained,citations present,none detected on-page,"Shorten title to ~60 chars, primary keyword first",P1,high,medium,DATA NOT AVAILABLE,DATA NOT AVAILABLE,DATA NOT AVAILABLE
weevely3,https://hackita.it/articoli/weevely3/,Weevely3-Web-Shell-PHP-Stealth-per-Post-Exploitation-e-Pivoting.md,Weevely3: Web Shell PHP Stealth per Post-Exploitation e Pivoting | Hackita,74,Weevely3: Web Shell PHP Stealth per Post-Exploitation e Pivoting,1,"Weevely3: guida operativa per generare e gestire web shell PHP stealth nel penetration testing. Tunneling, evasion e post-exploitation.",135,weevely3,Weevely3,tool-oriented/how-to,DATA NOT AVAILABLE (needs live SERP),tools,2091,0,6,4,1,True,2,True,review: lead could be more answer-first,retrievable: self-contained,citations present,none detected on-page,"Shorten title to ~60 chars, primary keyword first",P1,high,medium,DATA NOT AVAILABLE,DATA NOT AVAILABLE,DATA NOT AVAILABLE
wfuzz,https://hackita.it/articoli/wfuzz/,Wfuzz-web-fuzzing-di-directory-parametri-header-e-VHost.md,"Wfuzz: web fuzzing di directory, parametri, header e VHost | Hackita",68,"Wfuzz: web fuzzing di directory, parametri, header e VHost",1,"Wfuzz per il web fuzzing: comandi per directory e parametri, scoperta di VHost, header, cookie, filtri, SecLists, encoder e tecniche di WAF bypass.",147,wfuzz,Wfuzz,informational/educational,DATA NOT AVAILABLE (needs live SERP),web-hacking,2804,0,8,2,2,True,2,True,review: lead could be more answer-first,retrievable: self-contained,citations present,none detected on-page,Add a 2-3 sentence answer-first lead naming the entity,P2,medium,medium,DATA NOT AVAILABLE,DATA NOT AVAILABLE,DATA NOT AVAILABLE
whatweb,https://hackita.it/articoli/whatweb/,WhatWeb-guida-completa-al-web-fingerprinting-stealth-e-aggressivo.md,WhatWeb: guida completa al web fingerprinting stealth e aggressivo | Hackita,76,WhatWeb: guida completa al web fingerprinting stealth e aggressivo,1,"Scopri come usare WhatWeb per identificare CMS, framework, web server, librerie JavaScript e tecnologie di un sito web, così da orientare reconnaissance, …",155,whatweb,WhatWeb,informational/definition,DATA NOT AVAILABLE (needs live SERP),tools,1515,119,5,5,1,True,2,True,ok: has a substantive lead,retrievable: self-contained,citations present,none detected on-page,"Shorten title to ~60 chars, primary keyword first",P2,medium,low,DATA NOT AVAILABLE,DATA NOT AVAILABLE,DATA NOT AVAILABLE
white-hat-black-hat-grey-hat,https://hackita.it/articoli/white-hat-black-hat-grey-hat/,White-Hat-Black-Hat-Grey-Hat-Chi-Sono-e-Cosa-Rischiano.md,"White Hat, Black Hat, Grey Hat: Chi Sono e Cosa Rischiano | Hackita",67,"White Hat, Black Hat, Grey Hat: Chi Sono e Cosa Rischiano",1,"Cosa distingue white hat, black hat e grey hat, l'origine del termine hacker/cracker, i rischi legali di ciascuno e cos'è la responsible disclosure.",148,white hat black hat grey hat,"White Hat, Black Hat, Grey Hat",informational/definition,DATA NOT AVAILABLE (needs live SERP),guides-resources,1380,115,4,3,1,True,1,True,ok: has a substantive lead,retrievable: self-contained,citations present,none detected on-page,Make the first body heading a real section (not a title echo),P3,low,medium,DATA NOT AVAILABLE,DATA NOT AVAILABLE,DATA NOT AVAILABLE
wifi-802-11,https://hackita.it/articoli/wifi-802-11/,Wi-Fi-80211-Frame-WPA2WPA3-Deauth-ed-Evil-Twin--Guida-Completa-agli-Attacchi-Wireless.md,"Wi-Fi 802.11: Frame, WPA2/WPA3, Deauth ed Evil Twin — Guida Completa agli Attacchi Wireless | Hackita",101,"Wi-Fi 802.11: Frame, WPA2/WPA3, Deauth ed Evil Twin — Guida Completa agli Attacchi Wireless",1,"Guida completa al Wi-Fi 802.11: frame wireless, monitor mode, WPA2/WPA3, four-way handshake, PMKID, deauthentication, Evil Twin e rischi reali nel pentest.",155,wi fi 802 11,Wi-Fi 802.11,informational/definition,DATA NOT AVAILABLE (needs live SERP),networking,2633,55,9,4,1,True,2,True,ok: has a substantive lead,retrievable: self-contained,citations present,none detected on-page,"Shorten title to ~60 chars, primary keyword first",P2,medium,medium,DATA NOT AVAILABLE,DATA NOT AVAILABLE,DATA NOT AVAILABLE
windows,https://hackita.it/articoli/windows/,Twig-SSTI-e-Sandbox-Bypass-RCE-in-Twig--CMS-e-Filtri-PHP.md,"Filesystem Windows: NTFS, cartelle e registro per il pentest | Hackita",70,"Filesystem Windows: NTFS, cartelle e registro per il pentest",1,"Guida pratica al filesystem Windows per il pentest: NTFS, cartelle di sistema, registro, ACL, comandi di enumerazione, privilege escalation e detection.",152,filesystem windows,Filesystem Windows,informational/educational,DATA NOT AVAILABLE (needs live SERP),windows,7246,126,19,1,3,True,2,True,ok: has a substantive lead,retrievable: self-contained,citations present,none detected on-page,Make the first body heading a real section (not a title echo),P3,low,medium,DATA NOT AVAILABLE,DATA NOT AVAILABLE,DATA NOT AVAILABLE
windows-buffer-overflow-exploit,https://hackita.it/articoli/windows-buffer-overflow-exploit/,Windows-Buffer-Overflow-Exploit-ASLR-e-DEP-Bypass-con-ROP-Chain.md,Windows Buffer Overflow Exploit: ASLR e DEP Bypass con ROP Chain | Hackita,74,Windows Buffer Overflow Exploit: ASLR e DEP Bypass con ROP Chain,1,"Guida completa al Windows Buffer Overflow Exploit: format string leak per bypassare ASLR, ROP chain per bypassare DEP, VirtualAlloc, SEH, egg hunter.",149,windows buffer overflow exploit,Windows Buffer Overflow Exploit,informational/educational,DATA NOT AVAILABLE (needs live SERP),guides-resources,3651,140,5,1,1,True,2,True,ok: has a substantive lead,retrievable: self-contained,citations present,none detected on-page,"Shorten title to ~60 chars, primary keyword first",P2,medium,low,DATA NOT AVAILABLE,DATA NOT AVAILABLE,DATA NOT AVAILABLE
windowsprivilegeescalation,https://hackita.it/articoli/windowsprivilegeescalation/,Windows-Privilege-Escalation-2026-Guida-Completa-ai-Token-Privilege-Se.md,Windows Privilege Escalation 2026: Guida Completa ai Token Privilege (Se*) | Hackita,84,Windows Privilege Escalation 2026: Guida Completa ai Token Privilege (Se*),1,"Mappa completa dei token privilege Windows sfruttabili in un pentest. Da whoami /priv a SYSTEM: cheat sheet, tabelle, workflow e link alle guide operative.",155,windows privilege escalation 2026,Windows Privilege Escalation 2026,informational/definition,DATA NOT AVAILABLE (needs live SERP),web-hacking,1496,60,19,0,14,True,2,True,ok: has a substantive lead,retrievable: self-contained,citations present,none detected on-page,"Shorten title to ~60 chars, primary keyword first",P2,medium,medium,DATA NOT AVAILABLE,DATA NOT AVAILABLE,DATA NOT AVAILABLE
winenum,https://hackita.it/articoli/winenum/,WinEnum-enumerazione-Windows-per-privilege-escalation-e-confronto-con-WinPEAS.md,WinEnum: enumerazione Windows per privilege escalation e confronto con WinPEAS | Hackita,88,WinEnum: enumerazione Windows per privilege escalation e confronto con WinPEAS,1,"Guida completa a WinEnum per l’enumerazione post-exploitation su Windows: varianti PowerShell e Batch, check di privilege escalation, OPSEC, differenze con …",157,winenum,WinEnum,tool-oriented/how-to,DATA NOT AVAILABLE (needs live SERP),tools,3313,110,10,2,2,True,2,True,ok: has a substantive lead,retrievable: self-contained,citations present,none detected on-page,"Shorten title to ~60 chars, primary keyword first",P2,medium,medium,DATA NOT AVAILABLE,DATA NOT AVAILABLE,DATA NOT AVAILABLE
winpeas,https://hackita.it/articoli/winpeas/,WinPEAS-guida-completa-allenumerazione-Windows-per-privilege-escalation.md,WinPEAS: guida completa all’enumerazione Windows per privilege escalation | Hackita,83,WinPEAS: guida completa all’enumerazione Windows per privilege escalation,1,"Scopri come usare WinPEAS per trovare vettori di privilege escalation su Windows: servizi vulnerabili, credenziali salvate, AlwaysInstallElevated, permessi …",157,winpeas,WinPEAS,informational/definition,DATA NOT AVAILABLE (needs live SERP),tools,1237,57,8,12,2,True,2,True,ok: has a substantive lead,retrievable: self-contained,citations present,none detected on-page,"Shorten title to ~60 chars, primary keyword first",P2,medium,low,DATA NOT AVAILABLE,DATA NOT AVAILABLE,DATA NOT AVAILABLE
wireshark,https://hackita.it/articoli/wireshark/,WireShark-Cos-e-Come-Usarlo.md,"Wireshark per Pentesting: Filtri, NTLM, DNS e TCP Stream | Hackita",66,"Wireshark per Pentesting: Filtri, NTLM, DNS e TCP Stream",1,"Wireshark per ethical hacking: filtri avanzati, NTLM, DNS e TCP Stream. Scopri come isolare traffico, leggere sessioni e trovare indicatori utili in lab e HTB.",159,wireshark per pentesting,Wireshark per Pentesting,tool-oriented/how-to,DATA NOT AVAILABLE (needs live SERP),tools,2382,87,6,15,4,False,2,True,ok: has a substantive lead,retrievable: self-contained,citations present,none detected on-page,Make the first body heading a real section (not a title echo),P3,low,medium,DATA NOT AVAILABLE,DATA NOT AVAILABLE,DATA NOT AVAILABLE
wmic,https://hackita.it/articoli/wmic/,WMIC-comandi-offensivi-lateral-movement-e-persistence-su-Windows.md,"WMIC: comandi offensivi, lateral movement e persistence su Windows | Hackita",76,"WMIC: comandi offensivi, lateral movement e persistence su Windows",1,"Scopri come usare WMIC per enumeration, remote execution, lateral movement e WMI persistence su Windows. Include stato attuale del tool, comandi pratici, …",155,wmic,WMIC,tool-oriented/how-to,DATA NOT AVAILABLE (needs live SERP),tools,3338,82,8,4,0,True,2,True,ok: has a substantive lead,retrievable: self-contained,weak: no external primary sources,none detected on-page,"Shorten title to ~60 chars, primary keyword first",P1,high,medium,DATA NOT AVAILABLE,DATA NOT AVAILABLE,DATA NOT AVAILABLE
wmiexec,https://hackita.it/articoli/wmiexec/,WMIExec-guida-completa-al-lateral-movement-stealth-con-wmiexecpy.md,WMIExec: guida completa al lateral movement stealth con wmiexec.py | Hackita,76,WMIExec: guida completa al lateral movement stealth con wmiexec.py,1,"Scopri come usare WMIExec e wmiexec.py di Impacket per lateral movement su Windows con password, Pass-the-Hash e Kerberos, riducendo gli artefatti rispetto a …",159,wmiexec,WMIExec,informational/definition,DATA NOT AVAILABLE (needs live SERP),tools,1832,110,3,12,0,True,2,True,ok: has a substantive lead,retrievable: self-contained,weak: no external primary sources,none detected on-page,"Shorten title to ~60 chars, primary keyword first",P1,high,medium,DATA NOT AVAILABLE,DATA NOT AVAILABLE,DATA NOT AVAILABLE
wordlist,https://hackita.it/articoli/wordlist/,Wordlist-per-Pentesting-SecLists-RockYou-CeWL-e-Crunch.md,"Wordlist per Pentesting: SecLists, RockYou, CeWL e Crunch | Hackita",67,"Wordlist per Pentesting: SecLists, RockYou, CeWL e Crunch",1,"Scopri quali wordlist di SecLists usare per directory fuzzing, password cracking, DNS e API, con path su Kali Linux e liste custom create con CeWL e Crunch.",156,wordlist per pentesting,Wordlist per Pentesting,informational/educational,DATA NOT AVAILABLE (needs live SERP),guides-resources,2660,0,4,5,2,True,2,True,review: lead could be more answer-first,retrievable: self-contained,citations present,none detected on-page,Add a 2-3 sentence answer-first lead naming the entity,P2,medium,medium,DATA NOT AVAILABLE,DATA NOT AVAILABLE,DATA NOT AVAILABLE
wpscan,https://hackita.it/articoli/wpscan/,WPScan-Pentest-WordPress-Enumeration-e-Vulnerabilit.md,"WPScan: Pentest WordPress, Enumeration e Vulnerabilità | Hackita",64,"WPScan: Pentest WordPress, Enumeration e Vulnerabilità",1,"Guida pratica a WPScan per il pentest WordPress: installazione, scansione, enumeration di plugin, temi e utenti, vulnerabilità, API token e brute force.",152,wpscan,WPScan,tool-oriented/how-to,DATA NOT AVAILABLE (needs live SERP),tools,2472,123,7,3,4,True,2,True,ok: has a substantive lead,retrievable: self-contained,citations present,none detected on-page,Make the first body heading a real section (not a title echo),P3,low,medium,DATA NOT AVAILABLE,DATA NOT AVAILABLE,DATA NOT AVAILABLE
xmlrpc,https://hackita.it/articoli/xmlrpc/,WordPress-xmlrpcphp-Attacchi-Exploit-e-Tecniche-di-Pentesting-Guida-Offensiva-2026.md,"WordPress xmlrpc.php: Attacchi, Exploit e Tecniche di Pentesting (Guida Offensiva 2026) | Hackita",97,"WordPress xmlrpc.php: Attacchi, Exploit e Tecniche di Pentesting (Guida Offensiva 2026)",1,"Scopri come sfruttare xmlrpc.php su WordPress in un pentest: multicall brute force, attacchi pingback, user enumeration e tecniche di hardening. Workflow …",155,wordpress xmlrpc php,WordPress xmlrpc.php,informational/definition,DATA NOT AVAILABLE (needs live SERP),web-hacking,1290,0,4,1,2,True,2,True,opportunity: add an answer-first definition paragraph,retrievable: self-contained,citations present,none detected on-page,"Shorten title to ~60 chars, primary keyword first",P1,high,medium,DATA NOT AVAILABLE,DATA NOT AVAILABLE,DATA NOT AVAILABLE
xpath-injection,https://hackita.it/articoli/xpath-injection/,XPath-Injection-Bypass-Login-ed-Estrazione-Dati-da-XML.md,"XPath Injection: Payload, Login Bypass e Blind Exploitation su Documenti XML | Hackita",86,"XPath Injection: Payload, Login Bypass e Blind Exploitation su Documenti XML",1,"XPath Injection nel pentesting: bypass autenticazione, estrazione dati da documenti XML e tecniche di blind XPath injection nelle applicazioni enterprise.",154,xpath injection,XPath Injection,informational/educational,DATA NOT AVAILABLE (needs live SERP),web-hacking,1898,126,5,4,6,True,2,True,ok: has a substantive lead,retrievable: self-contained,citations present,none detected on-page,"Shorten title to ~60 chars, primary keyword first",P2,medium,medium,DATA NOT AVAILABLE,DATA NOT AVAILABLE,DATA NOT AVAILABLE
xss,https://hackita.it/articoli/xss/,XSS-Cross-Site-Scripting-Exploit-Web-Payload-e-Bypass-Avanzati.md,"XSS (Cross-Site Scripting): Exploit Web, Payload e Bypass Avanzati | Hackita",76,"XSS (Cross-Site Scripting): Exploit Web, Payload e Bypass Avanzati",1,"XSS guida pratica a reflected, stored e DOM-based injection: payload avanzati, filter bypass e sfruttamento reale in web application.",133,xss,XSS,informational/educational,DATA NOT AVAILABLE (needs live SERP),web-hacking,2592,81,10,24,1,True,2,True,ok: has a substantive lead,retrievable: self-contained,citations present,none detected on-page,"Shorten title to ~60 chars, primary keyword first",P2,medium,low,DATA NOT AVAILABLE,DATA NOT AVAILABLE,DATA NOT AVAILABLE
xss-csp-bypass,https://hackita.it/articoli/xss-csp-bypass/,CSP-Bypass-come-aggirare-Content-Security-Policy-nei-test-XSS.md,CSP Bypass: come aggirare Content Security Policy nei test XSS | Hackita,72,CSP Bypass: come aggirare Content Security Policy nei test XSS,1,"Guida pratica ai CSP bypass: unsafe-inline, nonce deboli, base-uri, object-src, JSONP, AngularJS, dangling markup e tecniche reali per aggirare Content Security …",162,csp bypass,CSP Bypass,tutorial/how-to,DATA NOT AVAILABLE (needs live SERP),web-hacking,1293,68,3,4,3,True,2,True,ok: has a substantive lead,retrievable: self-contained,citations present,none detected on-page,"Shorten title to ~60 chars, primary keyword first",P2,medium,low,DATA NOT AVAILABLE,DATA NOT AVAILABLE,DATA NOT AVAILABLE
xss-filter-bypass,https://hackita.it/articoli/xss-filter-bypass/,XSS-Filter-Bypass-payload-e-tecniche-per-superare-filtri-server-side.md,XSS Filter Bypass: payload e tecniche per superare filtri server-side | Hackita,79,XSS Filter Bypass: payload e tecniche per superare filtri server-side,1,"Guida pratica ai bypass XSS: tag alternativi, keyword obfuscation, encoding, regex bypass, contesti HTML e JavaScript e tecniche reali per superare filtri …",156,xss filter bypass,XSS Filter Bypass,informational/educational,DATA NOT AVAILABLE (needs live SERP),web-hacking,1716,77,5,5,2,True,2,True,ok: has a substantive lead,retrievable: self-contained,citations present,none detected on-page,"Shorten title to ~60 chars, primary keyword first",P2,medium,medium,DATA NOT AVAILABLE,DATA NOT AVAILABLE,DATA NOT AVAILABLE
xss-payload-list,https://hackita.it/articoli/xss-payload-list/,XSS-Payload-List-cheat-sheet-completa-per-context-bypass-e-blind-XSS.md,"XSS Payload List: cheat sheet completa per context, bypass e blind XSS | Hackita",80,"XSS Payload List: cheat sheet completa per context, bypass e blind XSS",1,"Lista completa di payload XSS per HTML, attributi, JavaScript, DOM, Blind XSS e filter bypass: una cheat sheet pratica per pentest e bug bounty.",144,xss payload list,XSS Payload List,informational/educational,DATA NOT AVAILABLE (needs live SERP),web-hacking,1848,45,3,4,1,True,2,True,ok: has a substantive lead,retrievable: self-contained,citations present,none detected on-page,"Shorten title to ~60 chars, primary keyword first",P2,medium,medium,DATA NOT AVAILABLE,DATA NOT AVAILABLE,DATA NOT AVAILABLE
xss-stored,https://hackita.it/articoli/xss-stored/,XSS-Stored-Persistent-XSS-Exploit-Cookie-Theft-e-Worm-Web.md,"XSS Stored (Persistent XSS): Exploit, Cookie Theft e Worm Web | Hackita",71,"XSS Stored (Persistent XSS): Exploit, Cookie Theft e Worm Web",1,"XSS Stored spiegato: Cos'è Cross site scripting, payload persistenti salvati nel database, cookie theft, account takeover e worm auto-replicanti nelle web …",156,xss stored,XSS Stored,informational/educational,DATA NOT AVAILABLE (needs live SERP),web-hacking,1808,176,7,4,6,True,2,True,ok: has a substantive lead,retrievable: self-contained,citations present,none detected on-page,"Shorten title to ~60 chars, primary keyword first",P2,medium,medium,DATA NOT AVAILABLE,DATA NOT AVAILABLE,DATA NOT AVAILABLE
xss-waf-bypass,https://hackita.it/articoli/xss-waf-bypass/,XSS-WAF-Bypass-come-aggirare-Cloudflare-AWS-WAF-e-ModSecurity.md,"XSS WAF Bypass: come aggirare Cloudflare, AWS WAF e ModSecurity | Hackita",73,"XSS WAF Bypass: come aggirare Cloudflare, AWS WAF e ModSecurity",1,"Guida pratica ai bypass XSS contro WAF reali: Cloudflare, AWS WAF, ModSecurity CRS, evasione via encoding, payload mutati, origin bypass e tecniche usate nei …",159,xss waf bypass,XSS WAF Bypass,tutorial/how-to,DATA NOT AVAILABLE (needs live SERP),web-hacking,1690,77,4,4,1,True,2,True,ok: has a substantive lead,retrievable: self-contained,citations present,none detected on-page,"Shorten title to ~60 chars, primary keyword first",P2,medium,low,DATA NOT AVAILABLE,DATA NOT AVAILABLE,DATA NOT AVAILABLE
xsser,https://hackita.it/articoli/xsser/,XSSer-Scanner-XSS-Payload-Fuzzing-e-WAF-Bypass.md,"XSSer: Scanner XSS, Payload, Fuzzing e WAF Bypass | Hackita",59,"XSSer: Scanner XSS, Payload, Fuzzing e WAF Bypass",1,"Guida pratica a XSSer per testare vulnerabilità XSS: installazione, scansione GET/POST, payload, fuzzing, encoding, bypass WAF e report dei risultati.",150,xsser,XSSer,tool-oriented/how-to,DATA NOT AVAILABLE (needs live SERP),tools,2773,184,12,1,5,True,2,True,ok: has a substantive lead,retrievable: self-contained,citations present,none detected on-page,Make the first body heading a real section (not a title echo),P3,low,medium,DATA NOT AVAILABLE,DATA NOT AVAILABLE,DATA NOT AVAILABLE
xxe,https://hackita.it/articoli/xxe/,XXE-Injection-XML-External-Entity-file-read-SSRF-e-RCE.md,"XXE Injection (XML External Entity): file read, SSRF e RCE | Hackita",68,"XXE Injection (XML External Entity): file read, SSRF e RCE",1,"XXE (XML External Entity) nel pentest: payload per file read, SSRF, Blind XXE OOB e RCE, test con Burp Suite e Nuclei, prevenzione nei parser XML.",146,xxe injection,XXE Injection,informational/educational,DATA NOT AVAILABLE (needs live SERP),web-hacking,3782,316,5,5,4,True,2,True,ok: has a substantive lead,retrievable: self-contained,citations present,none detected on-page,Make the first body heading a real section (not a title echo),P3,low,medium,DATA NOT AVAILABLE,DATA NOT AVAILABLE,DATA NOT AVAILABLE
xxe-injection,https://hackita.it/articoli/xxe-injection/,XXE-Injection-avanzata-parser-XML-XInclude-SOAP-e-bypass.md,"XXE Injection avanzata: parser XML, XInclude, SOAP e bypass | Hackita",69,"XXE Injection avanzata: parser XML, XInclude, SOAP e bypass",1,"XXE Injection avanzata: identifica il parser XML, confronta Java, PHP, Python e .NET, testa SOAP, XInclude, content-type switching e bypass mirati.",147,xxe injection avanzata,XXE Injection avanzata,informational/educational,DATA NOT AVAILABLE (needs live SERP),web-hacking,4274,0,2,5,2,True,2,True,review: lead could be more answer-first,retrievable: self-contained,citations present,none detected on-page,Add a 2-3 sentence answer-first lead naming the entity,P2,medium,medium,DATA NOT AVAILABLE,DATA NOT AVAILABLE,DATA NOT AVAILABLE
zip-slip,https://hackita.it/articoli/zip-slip/,Zip-Slip-Vulnerability-Path-Traversal-in-ZIPTAR-e-RCE-via-Archive-Extraction.md,Zip Slip Vulnerability: Path Traversal in ZIP/TAR e RCE via Archive Extraction | Hackita,88,Zip Slip Vulnerability: Path Traversal in ZIP/TAR e RCE via Archive Extraction,1,"Zip Slip spiegato: path traversal negli archivi ZIP e TAR che porta a RCE, web shell e persistence durante l’estrazione dei file",128,zip slip vulnerability,Zip Slip Vulnerability,informational/educational,DATA NOT AVAILABLE (needs live SERP),web-hacking,3681,235,6,3,0,True,2,True,ok: has a substantive lead,retrievable: self-contained,weak: no external primary sources,none detected on-page,"Shorten title to ~60 chars, primary keyword first",P1,high,medium,DATA NOT AVAILABLE,DATA NOT AVAILABLE,DATA NOT AVAILABLE
